time,latitude,longitude,spco2
2021-11-01,-32.25,115.25,33.988247
2021-11-02,-32.25,115.25,33.854134
2021-11-03,-32.25,115.25,34.24477
2021-11-04,-32.25,115.25,34.443176
2021-11-05,-32.25,115.25,34.270866
2021-11-06,-32.25,115.25,34.247623
2021-11-07,-32.25,115.25,34.193214
2021-11-08,-32.25,115.25,34.181934
2021-11-09,-32.25,115.25,34.187347
2021-11-10,-32.25,115.25,34.275112
2021-11-11,-32.25,115.25,34.27639
2021-11-12,-32.25,115.25,34.235035
2021-11-13,-32.25,115.25,34.309578
2021-11-14,-32.25,115.25,34.483982
2021-11-15,-32.25,115.25,35.13437
2021-11-16,-32.25,115.25,35.745537
2021-11-17,-32.25,115.25,36.09979
2021-11-18,-32.25,115.25,35.972992
2021-11-19,-32.25,115.25,35.63991
2021-11-20,-32.25,115.25,35.934612
2021-11-21,-32.25,115.25,36.363586
2021-11-22,-32.25,115.25,36.165638
2021-11-23,-32.25,115.25,35.939674
2021-11-24,-32.25,115.25,36.224514
2021-11-25,-32.25,115.25,36.507294
2021-11-26,-32.25,115.25,36.77017
2021-11-27,-32.25,115.25,37.423107
2021-11-28,-32.25,115.25,37.917503
2021-11-29,-32.25,115.25,37.515175
2021-11-30,-32.25,115.25,36.883053
2021-12-01,-32.25,115.25,36.697
2021-12-02,-32.25,115.25,36.58828
2021-12-03,-32.25,115.25,36.472313
2021-12-04,-32.25,115.25,36.60019
2021-12-05,-32.25,115.25,36.75809
2021-12-06,-32.25,115.25,36.606117
2021-12-07,-32.25,115.25,36.69938
2021-12-08,-32.25,115.25,37.39263
2021-12-09,-32.25,115.25,37.778957
2021-12-10,-32.25,115.25,37.480404
2021-12-11,-32.25,115.25,37.260567
2021-12-12,-32.25,115.25,37.057167
2021-12-13,-32.25,115.25,36.8362
2021-12-14,-32.25,115.25,36.76448
2021-12-15,-32.25,115.25,36.686176
2021-12-16,-32.25,115.25,36.67192
2021-12-17,-32.25,115.25,36.616604
2021-12-18,-32.25,115.25,36.593285
2021-12-19,-32.25,115.25,36.976517
2021-12-20,-32.25,115.25,37.27336
2021-12-21,-32.25,115.25,37.258175
2021-12-22,-32.25,115.25,37.35983
2021-12-23,-32.25,115.25,37.662434
2021-12-24,-32.25,115.25,38.017162
2021-12-25,-32.25,115.25,38.48528
2021-12-26,-32.25,115.25,39.010303
2021-12-27,-32.25,115.25,39.476723
2021-12-28,-32.25,115.25,40.021133
2021-12-29,-32.25,115.25,40.342876
2021-12-30,-32.25,115.25,39.912514
2021-12-31,-32.25,115.25,39.173943
2022-01-01,-32.25,115.25,38.655445
2022-01-02,-32.25,115.25,38.417736
2022-01-03,-32.25,115.25,38.424522
2022-01-04,-32.25,115.25,38.451042
2022-01-05,-32.25,115.25,38.67037
2022-01-06,-32.25,115.25,38.980553
2022-01-07,-32.25,115.25,39.046165
2022-01-08,-32.25,115.25,38.86306
2022-01-09,-32.25,115.25,38.3898
2022-01-10,-32.25,115.25,38.12926
2022-01-11,-32.25,115.25,38.396683
2022-01-12,-32.25,115.25,38.77005
2022-01-13,-32.25,115.25,38.738014
2022-01-14,-32.25,115.25,38.618145
2022-01-15,-32.25,115.25,38.63584
2022-01-16,-32.25,115.25,38.50659
2022-01-17,-32.25,115.25,38.52539
2022-01-18,-32.25,115.25,39.273167
2022-01-19,-32.25,115.25,39.93913
2022-01-20,-32.25,115.25,40.239506
2022-01-21,-32.25,115.25,40.619167
2022-01-22,-32.25,115.25,40.918297
2022-01-23,-32.25,115.25,41.027588
2022-01-24,-32.25,115.25,40.43078
2022-01-25,-32.25,115.25,39.720005
2022-01-26,-32.25,115.25,39.569042
2022-01-27,-32.25,115.25,39.50766
2022-01-28,-32.25,115.25,39.42149
2022-01-29,-32.25,115.25,39.81495
2022-01-30,-32.25,115.25,39.90097
2022-01-31,-32.25,115.25,39.293858
2022-02-01,-32.25,115.25,38.875782
2022-02-02,-32.25,115.25,38.797638
2022-02-03,-32.25,115.25,39.154755
2022-02-04,-32.25,115.25,39.764214
2022-02-05,-32.25,115.25,40.513763
2022-02-06,-32.25,115.25,40.32407
2022-02-07,-32.25,115.25,39.378952
2022-02-08,-32.25,115.25,39.34664
2022-02-09,-32.25,115.25,39.404015
2022-02-10,-32.25,115.25,39.360924
2022-02-11,-32.25,115.25,39.834354
2022-02-12,-32.25,115.25,39.824154
2022-02-13,-32.25,115.25,39.656372
2022-02-14,-32.25,115.25,40.17753
2022-02-15,-32.25,115.25,40.7994
2022-02-16,-32.25,115.25,40.926785
2022-02-17,-32.25,115.25,40.683083
2022-02-18,-32.25,115.25,40.611355
2022-02-19,-32.25,115.25,40.756992
2022-02-20,-32.25,115.25,40.574642
2022-02-21,-32.25,115.25,40.424934
2022-02-22,-32.25,115.25,40.3754
2022-02-23,-32.25,115.25,40.12939
2022-02-24,-32.25,115.25,40.042088
2022-02-25,-32.25,115.25,40.195095
2022-02-26,-32.25,115.25,40.096786
2022-02-27,-32.25,115.25,39.83042
2022-02-28,-32.25,115.25,39.98095
2022-03-01,-32.25,115.25,39.936043
2022-03-02,-32.25,115.25,39.43787
2022-03-03,-32.25,115.25,39.193256
2022-03-04,-32.25,115.25,39.194893
2022-03-05,-32.25,115.25,39.267097
2022-03-06,-32.25,115.25,39.426178
2022-03-07,-32.25,115.25,39.44455
2022-03-08,-32.25,115.25,39.39304
2022-03-09,-32.25,115.25,39.593964
2022-03-10,-32.25,115.25,39.861645
2022-03-11,-32.25,115.25,39.93258
2022-03-12,-32.25,115.25,39.968212
2022-03-13,-32.25,115.25,40.22481
2022-03-14,-32.25,115.25,40.555016
2022-03-15,-32.25,115.25,40.367332
2022-03-16,-32.25,115.25,40.001938
2022-03-17,-32.25,115.25,40.05426
2022-03-18,-32.25,115.25,40.164867
2022-03-19,-32.25,115.25,39.875946
2022-03-20,-32.25,115.25,39.580074
2022-03-21,-32.25,115.25,39.385105
2022-03-22,-32.25,115.25,39.16147
2022-03-23,-32.25,115.25,39.02419
2022-03-24,-32.25,115.25,38.914433
2022-03-25,-32.25,115.25,38.96506
2022-03-26,-32.25,115.25,39.258728
2022-03-27,-32.25,115.25,39.27325
2022-03-28,-32.25,115.25,39.076485
2022-03-29,-32.25,115.25,39.04682
2022-03-30,-32.25,115.25,38.9825
2022-03-31,-32.25,115.25,38.857758
2022-04-01,-32.25,115.25,38.82533
2022-04-02,-32.25,115.25,39.211433
2022-04-03,-32.25,115.25,39.670704
2022-04-04,-32.25,115.25,39.573845
2022-04-05,-32.25,115.25,39.237785
2022-04-06,-32.25,115.25,39.136444
2022-04-07,-32.25,115.25,39.11395
2022-04-08,-32.25,115.25,39.113438
2022-04-09,-32.25,115.25,38.935253
2022-04-10,-32.25,115.25,38.70244
2022-04-11,-32.25,115.25,38.584503
2022-04-12,-32.25,115.25,38.46161
2022-04-13,-32.25,115.25,38.28434
2022-04-14,-32.25,115.25,38.186512
2022-04-15,-32.25,115.25,38.17725
2022-04-16,-32.25,115.25,38.104713
2022-04-17,-32.25,115.25,37.93326
2022-04-18,-32.25,115.25,37.81616
2022-04-19,-32.25,115.25,37.779896
2022-04-20,-32.25,115.25,37.73632
2022-04-21,-32.25,115.25,37.64892
2022-04-22,-32.25,115.25,37.55605
2022-04-23,-32.25,115.25,37.556164
2022-04-24,-32.25,115.25,37.74959
2022-04-25,-32.25,115.25,37.810352
2022-04-26,-32.25,115.25,37.55338
2022-04-27,-32.25,115.25,37.357044
2022-04-28,-32.25,115.25,37.273804
2022-04-29,-32.25,115.25,37.14157
2022-04-30,-32.25,115.25,37.04844
2022-05-01,-32.25,115.25,37.023804
2022-05-02,-32.25,115.25,37.04458
2022-05-03,-32.25,115.25,36.977184
2022-05-04,-32.25,115.25,36.840954
2022-05-05,-32.25,115.25,36.72902
2022-05-06,-32.25,115.25,36.608665
2022-05-07,-32.25,115.25,36.562176
2022-05-08,-32.25,115.25,36.734776
2022-05-09,-32.25,115.25,36.959946
2022-05-10,-32.25,115.25,36.860542
2022-05-11,-32.25,115.25,36.617123
2022-05-12,-32.25,115.25,36.53895
2022-05-13,-32.25,115.25,36.517033
2022-05-14,-32.25,115.25,36.25079
2022-05-15,-32.25,115.25,36.02226
2022-05-16,-32.25,115.25,36.220886
2022-05-17,-32.25,115.25,36.41138
2022-05-18,-32.25,115.25,36.350964
2022-05-19,-32.25,115.25,36.486797
2022-05-20,-32.25,115.25,36.775547
2022-05-21,-32.25,115.25,37.053158
2022-05-22,-32.25,115.25,37.40816
2022-05-23,-32.25,115.25,37.479534
2022-05-24,-32.25,115.25,37.046646
2022-05-25,-32.25,115.25,36.839226
2022-05-26,-32.25,115.25,36.843628
2022-05-27,-32.25,115.25,36.69938
2022-05-28,-32.25,115.25,36.720398
2022-05-29,-32.25,115.25,36.676594
2022-05-30,-32.25,115.25,36.536484
2022-05-31,-32.25,115.25,36.45888
2022-06-01,-32.25,115.25,36.383595
2022-06-02,-32.25,115.25,36.28855
2022-06-03,-32.25,115.25,36.23827
2022-06-04,-32.25,115.25,36.224182
2022-06-05,-32.25,115.25,36.199406
2022-06-06,-32.25,115.25,36.227585
2022-06-07,-32.25,115.25,36.29716
2022-06-08,-32.25,115.25,36.223984
2022-06-09,-32.25,115.25,35.98344
2022-06-10,-32.25,115.25,35.673923
2022-06-11,-32.25,115.25,35.68481
2022-06-12,-32.25,115.25,35.68711
2022-06-13,-32.25,115.25,35.25028
2022-06-14,-32.25,115.25,35.014503
2022-06-15,-32.25,115.25,35.275105
2022-06-16,-32.25,115.25,35.612595
2022-06-17,-32.25,115.25,35.595783
2022-06-18,-32.25,115.25,35.50521
2022-06-19,-32.25,115.25,35.501465
2022-06-20,-32.25,115.25,35.5445
2022-06-21,-32.25,115.25,35.69791
2022-06-22,-32.25,115.25,35.915203
2022-06-23,-32.25,115.25,36.193623
2022-06-24,-32.25,115.25,36.39628
2022-06-25,-32.25,115.25,36.442554
2022-06-26,-32.25,115.25,36.46478
2022-06-27,-32.25,115.25,36.267303
2022-06-28,-32.25,115.25,35.97366
2022-06-29,-32.25,115.25,35.761826
2022-06-30,-32.25,115.25,35.642735
2022-07-01,-32.25,115.25,35.74489
2022-07-02,-32.25,115.25,35.980522
2022-07-03,-32.25,115.25,35.982105
2022-07-04,-32.25,115.25,35.85949
2022-07-05,-32.25,115.25,35.799652
2022-07-06,-32.25,115.25,35.803757
2022-07-07,-32.25,115.25,35.866234
2022-07-08,-32.25,115.25,35.95764
2022-07-09,-32.25,115.25,35.960484
2022-07-10,-32.25,115.25,35.649105
2022-07-11,-32.25,115.25,35.384266
2022-07-12,-32.25,115.25,35.27106
2022-07-13,-32.25,115.25,35.150265
2022-07-14,-32.25,115.25,34.98132
2022-07-15,-32.25,115.25,34.491707
2022-07-16,-32.25,115.25,34.070564
2022-07-17,-32.25,115.25,34.02114
2022-07-18,-32.25,115.25,33.979618
2022-07-19,-32.25,115.25,33.77613
2022-07-20,-32.25,115.25,33.54458
2022-07-21,-32.25,115.25,33.47196
2022-07-22,-32.25,115.25,33.813126
2022-07-23,-32.25,115.25,34.151897
2022-07-24,-32.25,115.25,34.061447
2022-07-25,-32.25,115.25,33.979385
2022-07-26,-32.25,115.25,34.003944
2022-07-27,-32.25,115.25,34.205853
2022-07-28,-32.25,115.25,34.45672
2022-07-29,-32.25,115.25,34.54665
2022-07-30,-32.25,115.25,34.510235
2022-07-31,-32.25,115.25,34.512665
2022-08-01,-32.25,115.25,34.671024
2022-08-02,-32.25,115.25,34.852615
2022-08-03,-32.25,115.25,35.042507
2022-08-04,-32.25,115.25,35.037342
2022-08-05,-32.25,115.25,34.763927
2022-08-06,-32.25,115.25,34.423725
2022-08-07,-32.25,115.25,34.39928
2022-08-08,-32.25,115.25,34.606926
2022-08-09,-32.25,115.25,34.505802
2022-08-10,-32.25,115.25,34.28835
2022-08-11,-32.25,115.25,34.335285
2022-08-12,-32.25,115.25,34.523613
2022-08-13,-32.25,115.25,34.71244
2022-08-14,-32.25,115.25,34.991325
2022-08-15,-32.25,115.25,35.146004
2022-08-16,-32.25,115.25,35.019665
2022-08-17,-32.25,115.25,34.82105
2022-08-18,-32.25,115.25,34.82124
2022-08-19,-32.25,115.25,34.8966
2022-08-20,-32.25,115.25,34.95235
2022-08-21,-32.25,115.25,34.96019
2022-08-22,-32.25,115.25,34.765995
2022-08-23,-32.25,115.25,34.711437
2022-08-24,-32.25,115.25,34.920143
2022-08-25,-32.25,115.25,35.112446
2022-08-26,-32.25,115.25,34.9566
2022-08-27,-32.25,115.25,34.45728
2022-08-28,-32.25,115.25,33.80932
2022-08-29,-32.25,115.25,33.315018
2022-08-30,-32.25,115.25,33.29845
2022-08-31,-32.25,115.25,33.52252
2022-09-01,-32.25,115.25,33.67707
2022-09-02,-32.25,115.25,33.693333
2022-09-03,-32.25,115.25,33.62893
2022-09-04,-32.25,115.25,33.4703
2022-09-05,-32.25,115.25,33.18996
2022-09-06,-32.25,115.25,32.9625
2022-09-07,-32.25,115.25,32.83682
2022-09-08,-32.25,115.25,32.85944
2022-09-09,-32.25,115.25,33.208115
2022-09-10,-32.25,115.25,33.422497
2022-09-11,-32.25,115.25,33.539753
2022-09-12,-32.25,115.25,33.621346
2022-09-13,-32.25,115.25,33.43388
2022-09-14,-32.25,115.25,33.204166
2022-09-15,-32.25,115.25,32.983265
2022-09-16,-32.25,115.25,32.80049
2022-09-17,-32.25,115.25,32.717056
2022-09-18,-32.25,115.25,32.755028
2022-09-19,-32.25,115.25,32.656338
2022-09-20,-32.25,115.25,32.48189
2022-09-21,-32.25,115.25,32.489864
2022-09-22,-32.25,115.25,32.498802
2022-09-23,-32.25,115.25,32.62453
2022-09-24,-32.25,115.25,32.750015
2022-09-25,-32.25,115.25,32.8744
2022-09-26,-32.25,115.25,33.07273
2022-09-27,-32.25,115.25,33.18249
2022-09-28,-32.25,115.25,33.24512
2022-09-29,-32.25,115.25,33.37867
2022-09-30,-32.25,115.25,33.559093
2022-10-01,-32.25,115.25,33.57657
2022-10-02,-32.25,115.25,33.54234
2022-10-03,-32.25,115.25,33.695255
2022-10-04,-32.25,115.25,34.05795
2022-10-05,-32.25,115.25,34.16972
2022-10-06,-32.25,115.25,34.0786
2022-10-07,-32.25,115.25,34.26131
2022-10-08,-32.25,115.25,34.567562
2022-10-09,-32.25,115.25,34.58963
2022-10-10,-32.25,115.25,34.37048
2022-10-11,-32.25,115.25,34.137142
2022-10-12,-32.25,115.25,33.991695
2022-10-13,-32.25,115.25,34.123405
2022-10-14,-32.25,115.25,34.42086
2022-10-15,-32.25,115.25,34.534332
2022-10-16,-32.25,115.25,34.43429
2022-10-17,-32.25,115.25,34.31556
2022-10-18,-32.25,115.25,34.48712
2022-10-19,-32.25,115.25,34.75522
2022-10-20,-32.25,115.25,34.825005
2022-10-21,-32.25,115.25,34.888706
2022-10-22,-32.25,115.25,35.236397
2022-10-23,-32.25,115.25,35.3177
2022-10-24,-32.25,115.25,35.02377
2022-10-25,-32.25,115.25,34.792206
2022-10-26,-32.25,115.25,34.69576
2022-10-27,-32.25,115.25,34.605366
2022-10-28,-32.25,115.25,34.443302
2022-10-29,-32.25,115.25,34.333576
2022-10-30,-32.25,115.25,34.09487
2022-10-31,-32.25,115.25,33.787136
2022-11-01,-32.25,115.25,33.663933
2022-11-02,-32.25,115.25,33.760284
2022-11-03,-32.25,115.25,34.13414
2022-11-04,-32.25,115.25,34.23377
2022-11-05,-32.25,115.25,34.001163
2022-11-06,-32.25,115.25,33.91501
2022-11-07,-32.25,115.25,34.101982
2022-11-08,-32.25,115.25,34.312653
2022-11-09,-32.25,115.25,34.618633
2022-11-10,-32.25,115.25,34.842148
2022-11-11,-32.25,115.25,34.48238
2022-11-12,-32.25,115.25,34.168568
2022-11-13,-32.25,115.25,34.201466
2022-11-14,-32.25,115.25,34.290283
2022-11-15,-32.25,115.25,34.48005
2022-11-16,-32.25,115.25,34.76163
2022-11-17,-32.25,115.25,34.529106
2022-11-18,-32.25,115.25,34.068394
2022-11-19,-32.25,115.25,33.912796
2022-11-20,-32.25,115.25,34.05008
2022-11-21,-32.25,115.25,34.29127
2022-11-22,-32.25,115.25,34.535168
2022-11-23,-32.25,115.25,34.971306
2022-11-24,-32.25,115.25,35.42788
2022-11-25,-32.25,115.25,35.72498
2022-11-26,-32.25,115.25,35.817493
2022-11-27,-32.25,115.25,35.683273
2022-11-28,-32.25,115.25,35.6683
2022-11-29,-32.25,115.25,36.009274
2022-11-30,-32.25,115.25,36.375156
2022-12-01,-32.25,115.25,36.384792
2022-12-02,-32.25,115.25,36.300484
2022-12-03,-32.25,115.25,36.283966
2022-12-04,-32.25,115.25,36.277298
2022-12-05,-32.25,115.25,36.32383
2022-12-06,-32.25,115.25,36.127922
2022-12-07,-32.25,115.25,35.90726
2022-12-08,-32.25,115.25,36.005024
2022-12-09,-32.25,115.25,36.149475
2022-12-10,-32.25,115.25,35.94988
2022-12-11,-32.25,115.25,35.650146
2022-12-12,-32.25,115.25,35.509205
2022-12-13,-32.25,115.25,35.386192
2022-12-14,-32.25,115.25,35.486813
2022-12-15,-32.25,115.25,35.78865
2022-12-16,-32.25,115.25,35.998028
2022-12-17,-32.25,115.25,36.259537
2022-12-18,-32.25,115.25,36.725204
2022-12-19,-32.25,115.25,37.09335
2022-12-20,-32.25,115.25,37.332207
2022-12-21,-32.25,115.25,37.579315
2022-12-22,-32.25,115.25,37.784786
2022-12-23,-32.25,115.25,38.183212
2022-12-24,-32.25,115.25,38.357582
2022-12-25,-32.25,115.25,38.076797
2022-12-26,-32.25,115.25,37.7442
2022-12-27,-32.25,115.25,37.523132
2022-12-28,-32.25,115.25,37.404297
2022-12-29,-32.25,115.25,37.546906
2022-12-30,-32.25,115.25,37.716984
2022-12-31,-32.25,115.25,37.40406
2023-01-01,-32.25,115.25,37.11011
2023-01-02,-32.25,115.25,37.04755
2023-01-03,-32.25,115.25,37.07287
2023-01-04,-32.25,115.25,37.258926
2023-01-05,-32.25,115.25,37.835903
2023-01-06,-32.25,115.25,37.765633
2023-01-07,-32.25,115.25,37.033478
2023-01-08,-32.25,115.25,36.79988
2023-01-09,-32.25,115.25,36.961716
2023-01-10,-32.25,115.25,37.301952
2023-01-11,-32.25,115.25,37.385036
2023-01-12,-32.25,115.25,37.45085
2023-01-13,-32.25,115.25,37.506702
2023-01-14,-32.25,115.25,37.24191
2023-01-15,-32.25,115.25,37.078358
2023-01-16,-32.25,115.25,36.874283
2023-01-17,-32.25,115.25,36.59808
2023-01-18,-32.25,115.25,36.576206
2023-01-19,-32.25,115.25,36.86795
2023-01-20,-32.25,115.25,37.53342
2023-01-21,-32.25,115.25,38.357685
2023-01-22,-32.25,115.25,39.330322
2023-01-23,-32.25,115.25,39.91436
2023-01-24,-32.25,115.25,39.28585
2023-01-25,-32.25,115.25,38.481518
2023-01-26,-32.25,115.25,38.411354
2023-01-27,-32.25,115.25,38.32411
2023-01-28,-32.25,115.25,38.119194
2023-01-29,-32.25,115.25,38.161945
2023-01-30,-32.25,115.25,38.410595
2023-01-31,-32.25,115.25,38.3877
2023-02-01,-32.25,115.25,38.277126
2023-02-02,-32.25,115.25,38.334087
2023-02-03,-32.25,115.25,38.434002
2023-02-04,-32.25,115.25,38.633877
2023-02-05,-32.25,115.25,38.97752
2023-02-06,-32.25,115.25,39.006905
2023-02-07,-32.25,115.25,38.853844
2023-02-08,-32.25,115.25,39.000282
2023-02-09,-32.25,115.25,39.06917
2023-02-10,-32.25,115.25,39.062893
2023-02-11,-32.25,115.25,38.938225
2023-02-12,-32.25,115.25,38.8753
2023-02-13,-32.25,115.25,39.169895
2023-02-14,-32.25,115.25,39.249676
2023-02-15,-32.25,115.25,39.117535
2023-02-16,-32.25,115.25,39.345352
2023-02-17,-32.25,115.25,39.499756
2023-02-18,-32.25,115.25,39.40456
2023-02-19,-32.25,115.25,39.297707
2023-02-20,-32.25,115.25,39.366966
2023-02-21,-32.25,115.25,39.78045
2023-02-22,-32.25,115.25,39.759605
2023-02-23,-32.25,115.25,39.22331
2023-02-24,-32.25,115.25,38.827812
2023-02-25,-32.25,115.25,38.733192
2023-02-26,-32.25,115.25,38.94406
2023-02-27,-32.25,115.25,39.140656
2023-02-28,-32.25,115.25,39.225513
2023-03-01,-32.25,115.25,39.35348
2023-03-02,-32.25,115.25,39.685127
2023-03-03,-32.25,115.25,39.801964
2023-03-04,-32.25,115.25,39.448284
2023-03-05,-32.25,115.25,39.09376
2023-03-06,-32.25,115.25,38.929745
2023-03-07,-32.25,115.25,38.874676
2023-03-08,-32.25,115.25,38.831375
2023-03-09,-32.25,115.25,38.955776
2023-03-10,-32.25,115.25,39.08463
2023-03-11,-32.25,115.25,39.301643
2023-03-12,-32.25,115.25,39.75066
2023-03-13,-32.25,115.25,39.9673
2023-03-14,-32.25,115.25,40.099487
2023-03-15,-32.25,115.25,40.384018
2023-03-16,-32.25,115.25,40.274403
2023-03-17,-32.25,115.25,39.85321
2023-03-18,-32.25,115.25,39.589886
2023-03-19,-32.25,115.25,39.446198
2023-03-20,-32.25,115.25,39.46217
2023-03-21,-32.25,115.25,39.5287
2023-03-22,-32.25,115.25,39.50186
2023-03-23,-32.25,115.25,39.672546
2023-03-24,-32.25,115.25,39.748924
2023-03-25,-32.25,115.25,39.61493
2023-03-26,-32.25,115.25,39.451767
2023-03-27,-32.25,115.25,39.237583
2023-03-28,-32.25,115.25,39.075157
2023-03-29,-32.25,115.25,38.929276
2023-03-30,-32.25,115.25,38.837543
2023-03-31,-32.25,115.25,38.757034
2023-04-01,-32.25,115.25,38.73099
2023-04-02,-32.25,115.25,38.851734
2023-04-03,-32.25,115.25,38.944435
2023-04-04,-32.25,115.25,38.835423
2023-04-05,-32.25,115.25,38.65877
2023-04-06,-32.25,115.25,38.595078
2023-04-07,-32.25,115.25,38.47878
2023-04-08,-32.25,115.25,38.26311
2023-04-09,-32.25,115.25,38.22891
2023-04-10,-32.25,115.25,38.270363
2023-04-11,-32.25,115.25,38.15072
2023-04-12,-32.25,115.25,38.23377
2023-04-13,-32.25,115.25,38.420174
2023-04-14,-32.25,115.25,38.07162
2023-04-15,-32.25,115.25,37.68277
2023-04-16,-32.25,115.25,37.738018
2023-04-17,-32.25,115.25,37.86266
2023-04-18,-32.25,115.25,37.767433
2023-04-19,-32.25,115.25,37.618145
2023-04-20,-32.25,115.25,37.442726
2023-04-21,-32.25,115.25,37.191647
2023-04-22,-32.25,115.25,37.17469
2023-04-23,-32.25,115.25,37.466892
2023-04-24,-32.25,115.25,37.500584
2023-04-25,-32.25,115.25,37.176907
2023-04-26,-32.25,115.25,36.856205
2023-04-27,-32.25,115.25,36.545956
2023-04-28,-32.25,115.25,36.323402
2023-04-29,-32.25,115.25,36.187847
2023-04-30,-32.25,115.25,36.104057
2023-05-01,-32.25,115.25,36.077175
2023-05-02,-32.25,115.25,36.08416
2023-05-03,-32.25,115.25,36.135895
2023-05-04,-32.25,115.25,36.15476
2023-05-05,-32.25,115.25,36.115105
2023-05-06,-32.25,115.25,36.11017
2023-05-07,-32.25,115.25,36.025642
2023-05-08,-32.25,115.25,36.184155
2023-05-09,-32.25,115.25,36.727505
2023-05-10,-32.25,115.25,36.88517
2023-05-11,-32.25,115.25,36.648056
2023-05-12,-32.25,115.25,36.534958
2023-05-13,-32.25,115.25,36.463768
2023-05-14,-32.25,115.25,36.313633
2023-05-15,-32.25,115.25,36.276184
2023-05-16,-32.25,115.25,36.31104
2023-05-17,-32.25,115.25,36.296173
2023-05-18,-32.25,115.25,36.243748
2023-05-19,-32.25,115.25,36.198826
2023-05-20,-32.25,115.25,36.151543
2023-05-21,-32.25,115.25,36.12935
2023-05-22,-32.25,115.25,36.118042
2023-05-23,-32.25,115.25,36.1143
2023-05-24,-32.25,115.25,35.997196
2023-05-25,-32.25,115.25,35.730793
2023-05-26,-32.25,115.25,35.49164
2023-05-27,-32.25,115.25,35.40779
2023-05-28,-32.25,115.25,35.665485
2023-05-29,-32.25,115.25,36.07616
2023-05-30,-32.25,115.25,36.21719
2023-05-31,-32.25,115.25,36.290295
2023-06-01,-32.25,115.25,36.42878
2023-06-02,-32.25,115.25,36.26248
2023-06-03,-32.25,115.25,35.930145
2023-06-04,-32.25,115.25,35.756573
2023-06-05,-32.25,115.25,35.705826
2023-06-06,-32.25,115.25,35.62499
2023-06-07,-32.25,115.25,35.449245
2023-06-08,-32.25,115.25,35.30765
2023-06-09,-32.25,115.25,35.397514
2023-06-10,-32.25,115.25,35.65541
2023-06-11,-32.25,115.25,35.65419
2023-06-12,-32.25,115.25,35.332916
2023-06-13,-32.25,115.25,35.041378
2023-06-14,-32.25,115.25,34.839325
2023-06-15,-32.25,115.25,34.694775
2023-06-16,-32.25,115.25,34.59237
2023-06-17,-32.25,115.25,34.683907
2023-06-18,-32.25,115.25,34.922737
2023-06-19,-32.25,115.25,34.91979
2023-06-20,-32.25,115.25,34.69322
2023-06-21,-32.25,115.25,34.38989
2023-06-22,-32.25,115.25,34.14805
2023-06-23,-32.25,115.25,33.841995
2023-06-24,-32.25,115.25,33.440544
2023-06-25,-32.25,115.25,33.209133
2023-06-26,-32.25,115.25,33.082874
2023-06-27,-32.25,115.25,33.06577
2023-06-28,-32.25,115.25,33.153454
2023-06-29,-32.25,115.25,33.18473
2023-06-30,-32.25,115.25,33.244957
2023-07-01,-32.25,115.25,33.2383
2023-07-02,-32.25,115.25,33.12867
2023-07-03,-32.25,115.25,33.074596
2023-07-04,-32.25,115.25,33.22133
2023-07-05,-32.25,115.25,33.46661
2023-07-06,-32.25,115.25,33.46319
2023-07-07,-32.25,115.25,33.23374
2023-07-08,-32.25,115.25,33.083706
2023-07-09,-32.25,115.25,33.14423
2023-07-10,-32.25,115.25,33.342983
2023-07-11,-32.25,115.25,33.52122
2023-07-12,-32.25,115.25,33.497215
2023-07-13,-32.25,115.25,33.37817
2023-07-14,-32.25,115.25,33.249466
2023-07-15,-32.25,115.25,33.142483
2023-07-16,-32.25,115.25,33.138874
2023-07-17,-32.25,115.25,33.226955
2023-07-18,-32.25,115.25,33.371296
2023-07-19,-32.25,115.25,33.437134
2023-07-20,-32.25,115.25,33.345776
2023-07-21,-32.25,115.25,33.367615
2023-07-22,-32.25,115.25,33.382812
2023-07-23,-32.25,115.25,33.394485
2023-07-24,-32.25,115.25,33.418358
2023-07-25,-32.25,115.25,33.354935
2023-07-26,-32.25,115.25,33.23336
2023-07-27,-32.25,115.25,33.333847
2023-07-28,-32.25,115.25,33.689457
2023-07-29,-32.25,115.25,33.776424
2023-07-30,-32.25,115.25,33.516876
2023-07-31,-32.25,115.25,33.44666
2023-08-01,-32.25,115.25,33.71075
2023-08-02,-32.25,115.25,33.87461
2023-08-03,-32.25,115.25,33.60421
2023-08-04,-32.25,115.25,33.272438
2023-08-05,-32.25,115.25,33.106167
2023-08-06,-32.25,115.25,32.96262
2023-08-07,-32.25,115.25,32.94078
2023-08-08,-32.25,115.25,32.97087
2023-08-09,-32.25,115.25,33.060894
2023-08-10,-32.25,115.25,33.172356
2023-08-11,-32.25,115.25,33.16614
2023-08-12,-32.25,115.25,33.162437
2023-08-13,-32.25,115.25,33.290417
2023-08-14,-32.25,115.25,33.307793
2023-08-15,-32.25,115.25,33.185753
2023-08-16,-32.25,115.25,33.117554
2023-08-17,-32.25,115.25,33.072273
2023-08-18,-32.25,115.25,33.166607
2023-08-19,-32.25,115.25,33.35442
2023-08-20,-32.25,115.25,33.475613
2023-08-21,-32.25,115.25,33.5075
2023-08-22,-32.25,115.25,33.54524
2023-08-23,-32.25,115.25,33.598114
2023-08-24,-32.25,115.25,33.638752
2023-08-25,-32.25,115.25,33.601414
2023-08-26,-32.25,115.25,33.55285
2023-08-27,-32.25,115.25,33.540916
2023-08-28,-32.25,115.25,33.5788
2023-08-29,-32.25,115.25,33.61361
2023-08-30,-32.25,115.25,33.590107
2023-08-31,-32.25,115.25,33.633343
2023-09-01,-32.25,115.25,33.666706
2023-09-02,-32.25,115.25,33.603096
2023-09-03,-32.25,115.25,33.393097
2023-09-04,-32.25,115.25,33.218407
2023-09-05,-32.25,115.25,33.186295
2023-09-06,-32.25,115.25,33.113815
2023-09-07,-32.25,115.25,33.047894
2023-09-08,-32.25,115.25,33.13952
2023-09-09,-32.25,115.25,33.344326
2023-09-10,-32.25,115.25,33.451683
2023-09-11,-32.25,115.25,33.69993
2023-09-12,-32.25,115.25,34.324482
2023-09-13,-32.25,115.25,34.69781
2023-09-14,-32.25,115.25,34.659504
2023-09-15,-32.25,115.25,34.65148
2023-09-16,-32.25,115.25,34.836315
2023-09-17,-32.25,115.25,34.870216
2023-09-18,-32.25,115.25,34.745735
2023-09-19,-32.25,115.25,34.64825
2023-09-20,-32.25,115.25,34.603565
2023-09-21,-32.25,115.25,34.818054
2023-09-22,-32.25,115.25,34.936676
2023-09-23,-32.25,115.25,34.771214
2023-09-24,-32.25,115.25,34.781723
2023-09-25,-32.25,115.25,34.828598
2023-09-26,-32.25,115.25,34.89616
2023-09-27,-32.25,115.25,35.264706
2023-09-28,-32.25,115.25,35.531277
2023-09-29,-32.25,115.25,35.334904
2023-09-30,-32.25,115.25,35.037567
2023-10-01,-32.25,115.25,34.85007
2023-10-02,-32.25,115.25,34.62007
2023-10-03,-32.25,115.25,34.42732
2023-10-04,-32.25,115.25,34.56572
2023-10-05,-32.25,115.25,34.68792
2023-10-06,-32.25,115.25,34.776382
2023-10-07,-32.25,115.25,35.08757
2023-10-08,-32.25,115.25,35.279804
2023-10-09,-32.25,115.25,35.377407
2023-10-10,-32.25,115.25,35.125603
2023-10-11,-32.25,115.25,34.703835
2023-10-12,-32.25,115.25,34.647915
2023-10-13,-32.25,115.25,34.84831
2023-10-14,-32.25,115.25,35.06119
2023-10-15,-32.25,115.25,35.2666
2023-10-16,-32.25,115.25,35.64549
2023-10-17,-32.25,115.25,35.887436
2023-10-18,-32.25,115.25,35.796448
2023-10-19,-32.25,115.25,35.639595
2023-10-20,-32.25,115.25,35.615585
2023-10-21,-32.25,115.25,35.911335
2023-10-22,-32.25,115.25,35.808815
2023-10-23,-32.25,115.25,35.26992
2023-10-24,-32.25,115.25,35.09524
2023-10-25,-32.25,115.25,35.210278
2023-10-26,-32.25,115.25,35.24396
2023-10-27,-32.25,115.25,34.992695
2023-10-28,-32.25,115.25,34.912643
2023-10-29,-32.25,115.25,34.96106
2023-10-30,-32.25,115.25,34.875317
2023-10-31,-32.25,115.25,34.90764
2023-11-01,-32.25,115.25,35.11314
2023-11-02,-32.25,115.25,35.246918
2023-11-03,-32.25,115.25,35.34472
2023-11-04,-32.25,115.25,35.59493
2023-11-05,-32.25,115.25,36.155857
2023-11-06,-32.25,115.25,36.320286
2023-11-07,-32.25,115.25,35.901474
2023-11-08,-32.25,115.25,36.0293
2023-11-09,-32.25,115.25,36.119312
2023-11-10,-32.25,115.25,35.84078
2023-11-11,-32.25,115.25,35.7833
2023-11-12,-32.25,115.25,35.744072
2023-11-13,-32.25,115.25,35.831005
2023-11-14,-32.25,115.25,36.12577
2023-11-15,-32.25,115.25,36.687065
2023-11-16,-32.25,115.25,36.832348
2023-11-17,-32.25,115.25,36.967037
2023-11-18,-32.25,115.25,37.110394
2023-11-19,-32.25,115.25,37.09858
2023-11-20,-32.25,115.25,36.938488
2023-11-21,-32.25,115.25,36.896374
2023-11-22,-32.25,115.25,37.106987
2023-11-23,-32.25,115.25,37.65902
2023-11-24,-32.25,115.25,38.274178
2023-11-25,-32.25,115.25,38.81773
2023-11-26,-32.25,115.25,38.951317
2023-11-27,-32.25,115.25,39.005657
2023-11-28,-32.25,115.25,39.211105
2023-11-29,-32.25,115.25,39.24312
2023-11-30,-32.25,115.25,39.151104
2023-12-01,-32.25,115.25,39.14727
2023-12-02,-32.25,115.25,39.14608
2023-12-03,-32.25,115.25,39.18148
2023-12-04,-32.25,115.25,39.37057
2023-12-05,-32.25,115.25,39.165524
2023-12-06,-32.25,115.25,38.75056
2023-12-07,-32.25,115.25,38.311947
2023-12-08,-32.25,115.25,37.917458
2023-12-09,-32.25,115.25,37.711433
2023-12-10,-32.25,115.25,37.66473
2023-12-11,-32.25,115.25,37.873405
2023-12-12,-32.25,115.25,38.32103
2023-12-13,-32.25,115.25,38.54993
2023-12-14,-32.25,115.25,38.502064
2023-12-15,-32.25,115.25,38.55613
2023-12-16,-32.25,115.25,38.745693
2023-12-17,-32.25,115.25,38.783382
2023-12-18,-32.25,115.25,38.75207
2023-12-19,-32.25,115.25,38.868584
2023-12-20,-32.25,115.25,39.085167
2023-12-21,-32.25,115.25,39.273933
2023-12-22,-32.25,115.25,39.753754
2023-12-23,-32.25,115.25,40.115032
2023-12-24,-32.25,115.25,40.119755
2023-12-25,-32.25,115.25,40.355137
2023-12-26,-32.25,115.25,40.463963
2023-12-27,-32.25,115.25,40.330334
2023-12-28,-32.25,115.25,40.19787
2023-12-29,-32.25,115.25,40.013683
2023-12-30,-32.25,115.25,39.98153
2023-12-31,-32.25,115.25,40.141525
2024-01-01,-32.25,115.25,40.207897
2024-01-02,-32.25,115.25,40.08428
2024-01-03,-32.25,115.25,39.92185
2024-01-04,-32.25,115.25,39.820324
2024-01-05,-32.25,115.25,39.772163
2024-01-06,-32.25,115.25,39.865562
2024-01-07,-32.25,115.25,40.083755
2024-01-08,-32.25,115.25,40.241245
2024-01-09,-32.25,115.25,40.008278
2024-01-10,-32.25,115.25,39.774902
2024-01-11,-32.25,115.25,39.90302
2024-01-12,-32.25,115.25,40.143726
2024-01-13,-32.25,115.25,40.750477
2024-01-14,-32.25,115.25,41.807137
2024-01-15,-32.25,115.25,42.54045
2024-01-16,-32.25,115.25,42.959724
2024-01-17,-32.25,115.25,43.16211
2024-01-18,-32.25,115.25,42.607166
2024-01-19,-32.25,115.25,41.964535
2024-01-20,-32.25,115.25,41.804077
2024-01-21,-32.25,115.25,41.743183
2024-01-22,-32.25,115.25,41.76311
2024-01-23,-32.25,115.25,41.739548
2024-01-24,-32.25,115.25,41.402702
2024-01-25,-32.25,115.25,40.51735
2024-01-26,-32.25,115.25,39.64344
2024-01-27,-32.25,115.25,39.75541
2024-01-28,-32.25,115.25,39.933537
2024-01-29,-32.25,115.25,39.62618
2024-01-30,-32.25,115.25,39.49261
2024-01-31,-32.25,115.25,39.83159
2024-02-01,-32.25,115.25,40.516266
2024-02-02,-32.25,115.25,40.820393
2024-02-03,-32.25,115.25,40.430603
2024-02-04,-32.25,115.25,39.762157
2024-02-05,-32.25,115.25,39.356277
2024-02-06,-32.25,115.25,39.43981
2024-02-07,-32.25,115.25,39.933582
2024-02-08,-32.25,115.25,40.458366
2024-02-09,-32.25,115.25,40.759235
2024-02-10,-32.25,115.25,40.826233
2024-02-11,-32.25,115.25,40.904163
2024-02-12,-32.25,115.25,40.845264
2024-02-13,-32.25,115.25,40.44137
2024-02-14,-32.25,115.25,40.189873
2024-02-15,-32.25,115.25,40.26839
2024-02-16,-32.25,115.25,40.43786
2024-02-17,-32.25,115.25,40.59999
2024-02-18,-32.25,115.25,40.683025
2024-02-19,-32.25,115.25,41.093037
2024-02-20,-32.25,115.25,42.1453
2024-02-21,-32.25,115.25,42.015244
2024-02-22,-32.25,115.25,40.704144
2024-02-23,-32.25,115.25,40.21708
2024-02-24,-32.25,115.25,40.055763
2024-02-25,-32.25,115.25,39.86799
2024-02-26,-32.25,115.25,40.056538
2024-02-27,-32.25,115.25,39.89429
2024-02-28,-32.25,115.25,39.645473
2024-02-29,-32.25,115.25,39.63184
2024-03-01,-32.25,115.25,39.61721
2024-03-02,-32.25,115.25,40.0571
2024-03-03,-32.25,115.25,41.139023
2024-03-04,-32.25,115.25,41.144478
2024-03-05,-32.25,115.25,40.314247
2024-03-06,-32.25,115.25,40.511475
2024-03-07,-32.25,115.25,41.30979
2024-03-08,-32.25,115.25,41.303738
2024-03-09,-32.25,115.25,40.333904
2024-03-10,-32.25,115.25,39.827705
2024-03-11,-32.25,115.25,39.92014
2024-03-12,-32.25,115.25,40.180416
2024-03-13,-32.25,115.25,40.414623
2024-03-14,-32.25,115.25,40.385338
2024-03-15,-32.25,115.25,40.441265
2024-03-16,-32.25,115.25,40.679485
2024-03-17,-32.25,115.25,40.513863
2024-03-18,-32.25,115.25,39.913845
2024-03-19,-32.25,115.25,39.448586
2024-03-20,-32.25,115.25,39.401672
2024-03-21,-32.25,115.25,39.503063
2024-03-22,-32.25,115.25,39.421555
2024-03-23,-32.25,115.25,39.175095
2024-03-24,-32.25,115.25,39.074608
2024-03-25,-32.25,115.25,39.179382
2024-03-26,-32.25,115.25,39.258144
2024-03-27,-32.25,115.25,39.347652
2024-03-28,-32.25,115.25,39.380184
2024-03-29,-32.25,115.25,39.290443
2024-03-30,-32.25,115.25,39.424072
2024-03-31,-32.25,115.25,39.40557
2024-04-01,-32.25,115.25,39.24294
2024-04-02,-32.25,115.25,39.160465
2024-04-03,-32.25,115.25,39.118908
2024-04-04,-32.25,115.25,39.175724
2024-04-05,-32.25,115.25,39.242386
2024-04-06,-32.25,115.25,39.47682
2024-04-07,-32.25,115.25,39.662045
2024-04-08,-32.25,115.25,39.411255
2024-04-09,-32.25,115.25,39.050644
2024-04-10,-32.25,115.25,38.885826
2024-04-11,-32.25,115.25,38.8975
2024-04-12,-32.25,115.25,39.089283
2024-04-13,-32.25,115.25,39.246178
2024-04-14,-32.25,115.25,39.138783
2024-04-15,-32.25,115.25,39.052036
2024-04-16,-32.25,115.25,39.065723
2024-04-17,-32.25,115.25,39.154537
2024-04-18,-32.25,115.25,39.123928
2024-04-19,-32.25,115.25,39.334213
2024-04-20,-32.25,115.25,39.85835
2024-04-21,-32.25,115.25,40.101326
2024-04-22,-32.25,115.25,39.694298
2024-04-23,-32.25,115.25,39.069107
2024-04-24,-32.25,115.25,38.773296
2024-04-25,-32.25,115.25,38.613354
2024-04-26,-32.25,115.25,38.550255
2024-04-27,-32.25,115.25,38.712006
2024-04-28,-32.25,115.25,38.975098
2024-04-29,-32.25,115.25,38.945175
2024-04-30,-32.25,115.25,38.77016
2024-05-01,-32.25,115.25,38.67766
2024-05-02,-32.25,115.25,39.120144
2024-05-03,-32.25,115.25,39.703747
2024-05-04,-32.25,115.25,39.634556
2024-05-05,-32.25,115.25,39.399292
2024-05-06,-32.25,115.25,39.205315
2024-05-07,-32.25,115.25,39.054363
2024-05-08,-32.25,115.25,38.882793
2024-05-09,-32.25,115.25,38.534943
2024-05-10,-32.25,115.25,38.42256
2024-05-11,-32.25,115.25,38.58612
2024-05-12,-32.25,115.25,38.643196
2024-05-13,-32.25,115.25,38.60818
2024-05-14,-32.25,115.25,38.6083
2024-05-15,-32.25,115.25,38.823906
2024-05-16,-32.25,115.25,39.19323
2024-05-17,-32.25,115.25,39.290672
2024-05-18,-32.25,115.25,39.15568
2024-05-19,-32.25,115.25,38.95709
2024-05-20,-32.25,115.25,38.790455
2024-05-21,-32.25,115.25,38.95068
2024-05-22,-32.25,115.25,39.020348
2024-05-23,-32.25,115.25,38.918644
2024-05-24,-32.25,115.25,38.834606
2024-05-25,-32.25,115.25,38.549366
2024-05-26,-32.25,115.25,38.375965
2024-05-27,-32.25,115.25,38.47748
2024-05-28,-32.25,115.25,38.50612
2024-05-29,-32.25,115.25,38.265846
2024-05-30,-32.25,115.25,37.96711
2024-05-31,-32.25,115.25,38.04903
2024-06-01,-32.25,115.25,38.3924
2024-06-02,-32.25,115.25,38.26555
2024-06-03,-32.25,115.25,38.014572
2024-06-04,-32.25,115.25,37.873005
2024-06-05,-32.25,115.25,37.67987
2024-06-06,-32.25,115.25,37.310654
2024-06-07,-32.25,115.25,37.106285
2024-06-08,-32.25,115.25,37.20655
2024-06-09,-32.25,115.25,37.31168
2024-06-10,-32.25,115.25,37.1408
2024-06-11,-32.25,115.25,37.010048
2024-06-12,-32.25,115.25,37.06337
2024-06-13,-32.25,115.25,37.130184
2024-06-14,-32.25,115.25,37.192627
2024-06-15,-32.25,115.25,37.12884
2024-06-16,-32.25,115.25,37.00448
2024-06-17,-32.25,115.25,36.9091
2024-06-18,-32.25,115.25,36.696728
2024-06-19,-32.25,115.25,36.54289
2024-06-20,-32.25,115.25,36.627625
2024-06-21,-32.25,115.25,36.82505
2024-06-22,-32.25,115.25,36.772152
2024-06-23,-32.25,115.25,36.61495
2024-06-24,-32.25,115.25,36.437637
2024-06-25,-32.25,115.25,36.278465
2024-06-26,-32.25,115.25,36.23793
2024-06-27,-32.25,115.25,36.20544
2024-06-28,-32.25,115.25,36.14763
2024-06-29,-32.25,115.25,36.08288
2024-06-30,-32.25,115.25,36.03238
2024-07-01,-32.25,115.25,35.94602
2024-07-02,-32.25,115.25,35.72702
2024-07-03,-32.25,115.25,35.64631
2024-07-04,-32.25,115.25,35.819935
2024-07-05,-32.25,115.25,35.920017
2024-07-06,-32.25,115.25,35.871742
2024-07-07,-32.25,115.25,35.70876
2024-07-08,-32.25,115.25,35.753822
2024-07-09,-32.25,115.25,36.032608
2024-07-10,-32.25,115.25,36.115925
2024-07-11,-32.25,115.25,35.948666
2024-07-12,-32.25,115.25,35.90734
2024-07-13,-32.25,115.25,35.90895
2024-07-14,-32.25,115.25,35.832554
2024-07-15,-32.25,115.25,35.822018
2024-07-16,-32.25,115.25,35.934303
2024-07-17,-32.25,115.25,36.063545
2024-07-18,-32.25,115.25,36.049763
2024-07-19,-32.25,115.25,35.777985
2024-07-20,-32.25,115.25,35.48524
2024-07-21,-32.25,115.25,35.293335
2024-07-22,-32.25,115.25,35.432804
2024-07-23,-32.25,115.25,35.700424
2024-07-24,-32.25,115.25,35.627228
2024-07-25,-32.25,115.25,35.289204
2024-07-26,-32.25,115.25,35.25845
2024-07-27,-32.25,115.25,35.474422
2024-07-28,-32.25,115.25,35.403316
2024-07-29,-32.25,115.25,35.30594
2024-07-30,-32.25,115.25,35.38176
2024-07-31,-32.25,115.25,35.407055
2024-08-01,-32.25,115.25,35.2384
2024-08-02,-32.25,115.25,35.091946
2024-08-03,-32.25,115.25,35.073353
2024-08-04,-32.25,115.25,34.968098
2024-08-05,-32.25,115.25,34.84194
2024-08-06,-32.25,115.25,34.829426
2024-08-07,-32.25,115.25,34.77252
2024-08-08,-32.25,115.25,34.699852
2024-08-09,-32.25,115.25,34.699337
2024-08-10,-32.25,115.25,34.74852
2024-08-11,-32.25,115.25,34.64739
2024-08-12,-32.25,115.25,34.41153
2024-08-13,-32.25,115.25,34.342876
2024-08-14,-32.25,115.25,34.3941
2024-08-15,-32.25,115.25,34.342617
2024-08-16,-32.25,115.25,34.238327
2024-08-17,-32.25,115.25,34.132736
2024-08-18,-32.25,115.25,33.96976
2024-08-19,-32.25,115.25,33.80996
2024-08-20,-32.25,115.25,33.745007
2024-08-21,-32.25,115.25,33.77251
2024-08-22,-32.25,115.25,33.73808
2024-08-23,-32.25,115.25,33.69386
2024-08-24,-32.25,115.25,33.73758
2024-08-25,-32.25,115.25,33.84264
2024-08-26,-32.25,115.25,33.925987
2024-08-27,-32.25,115.25,33.93658
2024-08-28,-32.25,115.25,34.13809
2024-08-29,-32.25,115.25,34.416767
2024-08-30,-32.25,115.25,34.496162
2024-08-31,-32.25,115.25,34.488804
2024-09-01,-32.25,115.25,34.471977
2024-09-02,-32.25,115.25,34.672314
2024-09-03,-32.25,115.25,34.872097
2024-09-04,-32.25,115.25,34.735493
2024-09-05,-32.25,115.25,34.419483
2024-09-06,-32.25,115.25,34.197548
2024-09-07,-32.25,115.25,34.332226
2024-09-08,-32.25,115.25,34.65805
2024-09-09,-32.25,115.25,34.814194
2024-09-10,-32.25,115.25,34.7616
2024-09-11,-32.25,115.25,34.808163
2024-09-12,-32.25,115.25,35.02961
2024-09-13,-32.25,115.25,35.181255
2024-09-14,-32.25,115.25,35.1884
2024-09-15,-32.25,115.25,35.193596
2024-09-16,-32.25,115.25,35.20283
2024-09-17,-32.25,115.25,35.298374
2024-09-18,-32.25,115.25,35.267185
2024-09-19,-32.25,115.25,35.130527
2024-09-20,-32.25,115.25,35.082565
2024-09-21,-32.25,115.25,35.06462
2024-09-22,-32.25,115.25,35.082157
2024-09-23,-32.25,115.25,35.05346
2024-09-24,-32.25,115.25,34.939693
2024-09-25,-32.25,115.25,34.903873
2024-09-26,-32.25,115.25,34.93935
2024-09-27,-32.25,115.25,34.89081
2024-09-28,-32.25,115.25,34.750843
2024-09-29,-32.25,115.25,34.72542
2024-09-30,-32.25,115.25,34.84698
2024-10-01,-32.25,115.25,34.8923
2024-10-02,-32.25,115.25,34.709133
2024-10-03,-32.25,115.25,34.430695
2024-10-04,-32.25,115.25,34.343616
2024-10-05,-32.25,115.25,34.587532
2024-10-06,-32.25,115.25,34.992382
2024-10-07,-32.25,115.25,35.247982
2024-10-08,-32.25,115.25,35.244728
2024-10-09,-32.25,115.25,35.074787
2024-10-10,-32.25,115.25,35.088905
2024-10-11,-32.25,115.25,35.258892
