Mooring B,,Longshore,Crosshore
Latitude = 31 37.100S,Date Time,Current,Current
Longitude = 115 21.900E,,28m,28m
Water Depth  40m,9/02/2005 0:00,0.233,-0.013
,9/02/2005 1:00,0.257,-0.047
Instrument-AQD 1414,9/02/2005 2:00,0.259,-0.022
Depth 28m,9/02/2005 3:00,0.251,0.011
,9/02/2005 4:00,0.239,0.026
Measurement Periods,9/02/2005 5:00,0.216,0.005
  1/07/2004 to 5/10/2004,9/02/2005 6:00,0.192,0.022
08/10/2004 to 06/01/2005,9/02/2005 7:00,0.149,0.022
,9/02/2005 8:00,0.142,0.040
,9/02/2005 9:00,0.119,0.034
,9/02/2005 10:00,0.131,0.013
,9/02/2005 11:00,0.107,0.013
,9/02/2005 12:00,0.097,0.025
,9/02/2005 13:00,0.084,0.048
,9/02/2005 14:00,0.124,0.002
,9/02/2005 15:00,0.118,0.020
,9/02/2005 16:00,0.113,0.022
,9/02/2005 17:00,0.089,0.031
,9/02/2005 18:00,0.065,0.011
,9/02/2005 19:00,0.074,0.035
,9/02/2005 20:00,0.083,0.026
,9/02/2005 21:00,0.082,0.016
,9/02/2005 22:00,0.094,-0.011
,9/02/2005 23:00,0.123,-0.013
,10/02/2005 0:00,0.131,-0.023
,10/02/2005 1:00,0.127,-0.044
,10/02/2005 2:00,0.128,-0.061
,10/02/2005 3:00,0.114,-0.055
,10/02/2005 4:00,0.102,-0.055
,10/02/2005 5:00,0.061,-0.074
,10/02/2005 6:00,0.058,-0.059
,10/02/2005 7:00,0.044,-0.062
,10/02/2005 8:00,0.021,-0.029
,10/02/2005 9:00,-0.022,0.023
,10/02/2005 10:00,-0.038,0.003
,10/02/2005 11:00,-0.032,-0.012
,10/02/2005 12:00,-0.056,0.005
,10/02/2005 13:00,-0.045,-0.003
,10/02/2005 14:00,0.015,-0.010
,10/02/2005 15:00,0.039,0.008
,10/02/2005 16:00,-0.001,0.007
,10/02/2005 17:00,-0.009,0.003
,10/02/2005 18:00,-0.001,-0.032
,10/02/2005 19:00,0.035,-0.018
,10/02/2005 20:00,0.041,-0.040
,10/02/2005 21:00,0.036,-0.041
,10/02/2005 22:00,0.038,-0.065
,10/02/2005 23:00,0.033,-0.039
,11/02/2005 0:00,-0.040,-0.045
,11/02/2005 1:00,-0.054,-0.010
,11/02/2005 2:00,-0.026,-0.035
,11/02/2005 3:00,-0.093,-0.060
,11/02/2005 4:00,-0.120,-0.047
,11/02/2005 5:00,-0.125,-0.027
,11/02/2005 6:00,-0.146,-0.032
,11/02/2005 7:00,-0.138,-0.039
,11/02/2005 8:00,-0.156,-0.008
,11/02/2005 9:00,-0.158,-0.032
,11/02/2005 10:00,-0.171,-0.016
,11/02/2005 11:00,-0.194,-0.001
,11/02/2005 12:00,-0.186,-0.025
,11/02/2005 13:00,-0.190,-0.041
,11/02/2005 14:00,-0.204,-0.040
,11/02/2005 15:00,-0.213,-0.067
,11/02/2005 16:00,-0.228,-0.055
,11/02/2005 17:00,-0.230,-0.055
,11/02/2005 18:00,-0.258,-0.011
,11/02/2005 19:00,-0.258,0.006
,11/02/2005 20:00,-0.246,-0.032
,11/02/2005 21:00,-0.231,-0.044
,11/02/2005 22:00,-0.235,-0.009
,11/02/2005 23:00,-0.240,0.020
,12/02/2005 0:00,-0.218,0.011
,12/02/2005 1:00,-0.227,-0.013
,12/02/2005 2:00,-0.226,-0.003
,12/02/2005 3:00,-0.219,0.003
,12/02/2005 4:00,-0.202,0.024
,12/02/2005 5:00,-0.224,-0.005
,12/02/2005 6:00,-0.211,-0.018
,12/02/2005 7:00,-0.198,-0.022
,12/02/2005 8:00,-0.201,-0.014
,12/02/2005 9:00,-0.213,-0.021
,12/02/2005 10:00,-0.227,-0.043
,12/02/2005 11:00,-0.217,-0.054
,12/02/2005 12:00,-0.212,-0.045
,12/02/2005 13:00,-0.220,-0.057
,12/02/2005 14:00,-0.223,-0.069
,12/02/2005 15:00,-0.228,-0.094
,12/02/2005 16:00,-0.244,-0.072
,12/02/2005 17:00,-0.242,-0.059
,12/02/2005 18:00,-0.247,-0.071
,12/02/2005 19:00,-0.258,-0.068
,12/02/2005 20:00,-0.269,-0.008
,12/02/2005 21:00,-0.257,-0.061
,12/02/2005 22:00,-0.213,-0.002
,12/02/2005 23:00,-0.217,-0.002
,13/02/2005 0:00,-0.215,-0.008
,13/02/2005 1:00,-0.227,-0.017
,13/02/2005 2:00,-0.200,-0.018
,13/02/2005 3:00,-0.191,-0.018
,13/02/2005 4:00,-0.186,-0.024
,13/02/2005 5:00,-0.167,0.020
,13/02/2005 6:00,-0.155,-0.012
,13/02/2005 7:00,-0.116,-0.006
,13/02/2005 8:00,-0.128,-0.008
,13/02/2005 9:00,-0.116,-0.025
,13/02/2005 10:00,-0.126,-0.001
,13/02/2005 11:00,-0.089,-0.045
,13/02/2005 12:00,-0.114,-0.017
,13/02/2005 13:00,-0.107,-0.028
,13/02/2005 14:00,-0.099,-0.047
,13/02/2005 15:00,-0.127,-0.076
,13/02/2005 16:00,-0.148,-0.063
,13/02/2005 17:00,-0.150,-0.033
,13/02/2005 18:00,-0.172,-0.036
,13/02/2005 19:00,-0.186,-0.054
,13/02/2005 20:00,-0.153,-0.027
,13/02/2005 21:00,-0.165,-0.020
,13/02/2005 22:00,-0.166,-0.005
,13/02/2005 23:00,-0.135,0.002
,14/02/2005 0:00,-0.154,0.012
,14/02/2005 1:00,-0.169,0.032
,14/02/2005 2:00,-0.144,0.032
,14/02/2005 3:00,-0.104,-0.008
,14/02/2005 4:00,-0.110,0.007
,14/02/2005 5:00,-0.112,0.006
,14/02/2005 6:00,-0.060,-0.004
,14/02/2005 7:00,-0.070,0.017
,14/02/2005 8:00,-0.122,0.048
,14/02/2005 9:00,-0.075,0.006
,14/02/2005 10:00,-0.059,0.042
,14/02/2005 11:00,-0.026,0.047
,14/02/2005 12:00,-0.055,0.016
,14/02/2005 13:00,-0.032,0.014
,14/02/2005 14:00,-0.056,0.059
,14/02/2005 15:00,-0.067,0.034
,14/02/2005 16:00,-0.050,0.003
,14/02/2005 17:00,-0.074,0.022
,14/02/2005 18:00,-0.098,-0.037
,14/02/2005 19:00,-0.086,0.035
,14/02/2005 20:00,-0.077,0.056
,14/02/2005 21:00,-0.062,0.044
,14/02/2005 22:00,-0.095,0.010
,14/02/2005 23:00,-0.107,0.043
,15/02/2005 0:00,-0.098,0.022
,15/02/2005 1:00,-0.065,0.049
,15/02/2005 2:00,-0.084,0.056
,15/02/2005 3:00,-0.087,0.037
,15/02/2005 4:00,-0.092,0.054
,15/02/2005 5:00,-0.104,0.029
,15/02/2005 6:00,-0.061,0.025
,15/02/2005 7:00,-0.071,0.025
,15/02/2005 8:00,-0.082,0.014
,15/02/2005 9:00,-0.078,0.035
,15/02/2005 10:00,-0.078,0.019
,15/02/2005 11:00,-0.107,0.038
,15/02/2005 12:00,-0.124,0.014
,15/02/2005 13:00,-0.080,0.008
,15/02/2005 14:00,-0.092,0.009
,15/02/2005 15:00,-0.119,-0.018
,15/02/2005 16:00,-0.116,-0.009
,15/02/2005 17:00,-0.110,-0.020
,15/02/2005 18:00,-0.131,-0.010
,15/02/2005 19:00,-0.143,-0.031
,15/02/2005 20:00,-0.140,-0.031
,15/02/2005 21:00,-0.167,-0.036
,15/02/2005 22:00,-0.144,-0.027
,15/02/2005 23:00,-0.131,-0.013
,16/02/2005 0:00,-0.153,-0.007
,16/02/2005 1:00,-0.151,-0.001
,16/02/2005 2:00,-0.170,-0.026
,16/02/2005 3:00,-0.178,-0.018
,16/02/2005 4:00,-0.173,-0.046
,16/02/2005 5:00,-0.179,-0.026
,16/02/2005 6:00,-0.138,-0.031
,16/02/2005 7:00,-0.143,-0.030
,16/02/2005 8:00,-0.141,-0.042
,16/02/2005 9:00,-0.137,-0.047
,16/02/2005 10:00,-0.127,-0.045
,16/02/2005 11:00,-0.117,-0.067
,16/02/2005 12:00,-0.125,-0.061
,16/02/2005 13:00,-0.124,-0.044
,16/02/2005 14:00,-0.130,-0.033
,16/02/2005 15:00,-0.134,-0.034
,16/02/2005 16:00,-0.125,-0.020
,16/02/2005 17:00,-0.127,-0.039
,16/02/2005 18:00,-0.124,-0.022
,16/02/2005 19:00,-0.129,-0.033
,16/02/2005 20:00,-0.120,-0.054
,16/02/2005 21:00,-0.130,-0.046
,16/02/2005 22:00,-0.129,-0.047
,16/02/2005 23:00,-0.119,-0.057
,17/02/2005 0:00,-0.120,-0.053
,17/02/2005 1:00,-0.115,-0.051
,17/02/2005 2:00,-0.093,-0.089
,17/02/2005 3:00,-0.100,-0.076
,17/02/2005 4:00,-0.113,-0.086
,17/02/2005 5:00,-0.135,-0.050
,17/02/2005 6:00,-0.135,-0.035
,17/02/2005 7:00,-0.151,-0.034
,17/02/2005 8:00,-0.144,-0.023
,17/02/2005 9:00,-0.135,-0.013
,17/02/2005 10:00,-0.120,0.032
,17/02/2005 11:00,-0.091,0.037
,17/02/2005 12:00,-0.118,0.038
,17/02/2005 13:00,-0.094,0.069
,17/02/2005 14:00,-0.054,0.084
,17/02/2005 15:00,-0.031,0.087
,17/02/2005 16:00,0.023,0.096
,17/02/2005 17:00,0.039,0.076
,17/02/2005 18:00,0.060,0.051
,17/02/2005 19:00,0.042,0.077
,17/02/2005 20:00,0.090,0.082
,17/02/2005 21:00,0.109,0.059
,17/02/2005 22:00,0.119,0.060
,17/02/2005 23:00,0.116,0.071
,18/02/2005 0:00,0.151,0.019
,18/02/2005 1:00,0.151,0.006
,18/02/2005 2:00,0.170,0.023
,18/02/2005 3:00,0.165,0.034
,18/02/2005 4:00,0.174,0.058
,18/02/2005 5:00,0.184,0.053
,18/02/2005 6:00,0.225,0.056
,18/02/2005 7:00,0.227,0.048
,18/02/2005 8:00,0.223,0.075
,18/02/2005 9:00,0.234,0.087
,18/02/2005 10:00,0.237,0.077
,18/02/2005 11:00,0.239,0.054
,18/02/2005 12:00,0.226,0.070
,18/02/2005 13:00,0.218,0.040
,18/02/2005 14:00,0.226,0.024
,18/02/2005 15:00,0.209,0.011
,18/02/2005 16:00,0.235,0.004
,18/02/2005 17:00,0.211,0.003
,18/02/2005 18:00,0.242,-0.024
,18/02/2005 19:00,0.267,-0.034
,18/02/2005 20:00,0.303,-0.001
,18/02/2005 21:00,0.329,-0.016
,18/02/2005 22:00,0.324,-0.032
,18/02/2005 23:00,0.320,-0.017
,19/02/2005 0:00,0.311,0.010
,19/02/2005 1:00,0.293,0.004
,19/02/2005 2:00,0.284,0.009
,19/02/2005 3:00,0.297,0.026
,19/02/2005 4:00,0.280,-0.030
,19/02/2005 5:00,0.283,-0.062
,19/02/2005 6:00,0.250,-0.007
,19/02/2005 7:00,0.252,-0.055
,19/02/2005 8:00,0.247,-0.019
,19/02/2005 9:00,0.224,-0.032
,19/02/2005 10:00,0.216,-0.048
,19/02/2005 11:00,0.214,-0.045
,19/02/2005 12:00,0.225,-0.091
,19/02/2005 13:00,0.226,-0.069
,19/02/2005 14:00,0.182,-0.052
,19/02/2005 15:00,0.172,-0.038
,19/02/2005 16:00,0.176,0.021
,19/02/2005 17:00,0.180,0.006
,19/02/2005 18:00,0.179,-0.008
,19/02/2005 19:00,0.171,-0.012
,19/02/2005 20:00,0.185,-0.042
,19/02/2005 21:00,0.152,-0.059
,19/02/2005 22:00,0.173,0.002
,19/02/2005 23:00,0.157,0.011
,20/02/2005 0:00,0.169,0.012
,20/02/2005 1:00,0.181,-0.016
,20/02/2005 2:00,0.170,0.004
,20/02/2005 3:00,0.173,-0.029
,20/02/2005 4:00,0.163,-0.029
,20/02/2005 5:00,0.162,-0.023
,20/02/2005 6:00,0.152,-0.027
,20/02/2005 7:00,0.121,0.000
,20/02/2005 8:00,0.092,-0.009
,20/02/2005 9:00,0.111,0.002
,20/02/2005 10:00,0.087,-0.036
,20/02/2005 11:00,0.074,-0.022
,20/02/2005 12:00,0.064,-0.039
,20/02/2005 13:00,0.039,-0.012
,20/02/2005 14:00,0.040,-0.022
,20/02/2005 15:00,0.024,-0.013
,20/02/2005 16:00,-0.001,-0.022
,20/02/2005 17:00,0.029,0.008
,20/02/2005 18:00,0.059,0.005
,20/02/2005 19:00,0.072,-0.005
,20/02/2005 20:00,0.116,0.008
,20/02/2005 21:00,0.158,-0.014
,20/02/2005 22:00,0.126,-0.012
,20/02/2005 23:00,0.152,-0.010
,21/02/2005 0:00,0.137,-0.005
,21/02/2005 1:00,0.136,-0.020
,21/02/2005 2:00,0.163,0.017
,21/02/2005 3:00,0.152,0.017
,21/02/2005 4:00,0.135,0.029
,21/02/2005 5:00,0.139,0.033
,21/02/2005 6:00,0.151,0.005
,21/02/2005 7:00,0.136,-0.010
,21/02/2005 8:00,0.137,0.013
,21/02/2005 9:00,0.156,0.023
,21/02/2005 10:00,0.135,0.023
,21/02/2005 11:00,0.113,-0.003
,21/02/2005 12:00,0.122,-0.007
,21/02/2005 13:00,0.101,-0.010
,21/02/2005 14:00,0.090,-0.011
,21/02/2005 15:00,0.047,0.007
,21/02/2005 16:00,0.057,-0.013
,21/02/2005 17:00,0.080,0.008
,21/02/2005 18:00,0.086,0.028
,21/02/2005 19:00,0.109,0.016
,21/02/2005 20:00,0.100,-0.016
,21/02/2005 21:00,0.123,-0.020
,21/02/2005 22:00,0.108,-0.013
,21/02/2005 23:00,0.125,0.025
,22/02/2005 0:00,0.135,0.008
,22/02/2005 1:00,0.133,-0.001
,22/02/2005 2:00,0.105,-0.027
,22/02/2005 3:00,0.118,-0.008
,22/02/2005 4:00,0.101,0.018
,22/02/2005 5:00,0.138,0.016
,22/02/2005 6:00,0.109,-0.002
,22/02/2005 7:00,0.077,0.025
,22/02/2005 8:00,0.133,0.018
,22/02/2005 9:00,0.096,0.001
,22/02/2005 10:00,0.092,0.048
,22/02/2005 11:00,0.104,0.019
,22/02/2005 12:00,0.086,0.015
,22/02/2005 13:00,0.094,0.005
,22/02/2005 14:00,0.048,0.014
,22/02/2005 15:00,0.076,0.010
,22/02/2005 16:00,0.044,0.018
,22/02/2005 17:00,0.075,0.002
,22/02/2005 18:00,0.060,0.039
,22/02/2005 19:00,0.081,0.059
,22/02/2005 20:00,0.102,0.060
,22/02/2005 21:00,0.101,0.026
,22/02/2005 22:00,0.103,0.016
,22/02/2005 23:00,0.113,0.052
,23/02/2005 0:00,0.105,0.010
,23/02/2005 1:00,0.127,0.011
,23/02/2005 2:00,0.126,0.043
,23/02/2005 3:00,0.146,0.055
,23/02/2005 4:00,0.156,0.058
,23/02/2005 5:00,0.115,0.064
,23/02/2005 6:00,0.098,0.062
,23/02/2005 7:00,0.101,0.043
,23/02/2005 8:00,0.108,0.064
,23/02/2005 9:00,0.122,0.071
,23/02/2005 10:00,0.138,0.054
,23/02/2005 11:00,0.123,0.061
,23/02/2005 12:00,0.123,0.079
,23/02/2005 13:00,0.141,0.049
,23/02/2005 14:00,0.125,0.076
,23/02/2005 15:00,0.115,0.080
,23/02/2005 16:00,0.127,0.071
,23/02/2005 17:00,0.120,0.070
,23/02/2005 18:00,0.138,0.081
,23/02/2005 19:00,0.172,0.063
,23/02/2005 20:00,0.177,0.056
,23/02/2005 21:00,0.199,0.107
,23/02/2005 22:00,0.216,0.036
,23/02/2005 23:00,0.218,0.054
,24/02/2005 0:00,0.219,0.047
,24/02/2005 1:00,0.198,0.023
,24/02/2005 2:00,0.171,0.019
,24/02/2005 3:00,0.183,0.066
,24/02/2005 4:00,0.181,0.077
,24/02/2005 5:00,0.163,0.056
,24/02/2005 6:00,0.160,0.049
,24/02/2005 7:00,0.163,0.055
,24/02/2005 8:00,0.153,0.043
,24/02/2005 9:00,0.124,0.036
,24/02/2005 10:00,0.139,0.026
,24/02/2005 11:00,0.134,0.018
,24/02/2005 12:00,0.144,-0.005
,24/02/2005 13:00,0.136,0.012
,24/02/2005 14:00,0.127,0.028
,24/02/2005 15:00,0.130,-0.005
,24/02/2005 16:00,0.140,0.018
,24/02/2005 17:00,0.100,0.075
,24/02/2005 18:00,0.100,0.056
,24/02/2005 19:00,0.128,0.051
,24/02/2005 20:00,0.131,0.029
,24/02/2005 21:00,0.098,0.043
,24/02/2005 22:00,0.104,0.041
,24/02/2005 23:00,0.112,0.051
,25/02/2005 0:00,0.138,0.057
,25/02/2005 1:00,0.168,0.014
,25/02/2005 2:00,0.155,0.003
,25/02/2005 3:00,0.130,-0.018
,25/02/2005 4:00,0.128,0.004
,25/02/2005 5:00,0.136,0.013
,25/02/2005 6:00,0.149,0.022
,25/02/2005 7:00,0.136,0.017
,25/02/2005 8:00,0.118,0.022
,25/02/2005 9:00,0.121,0.010
,25/02/2005 10:00,0.105,-0.009
,25/02/2005 11:00,0.117,-0.005
,25/02/2005 12:00,0.096,-0.007
,25/02/2005 13:00,0.086,0.003
,25/02/2005 14:00,0.091,-0.018
,25/02/2005 15:00,0.087,-0.028
,25/02/2005 16:00,0.061,-0.017
,25/02/2005 17:00,0.069,-0.008
,25/02/2005 18:00,0.064,-0.010
,25/02/2005 19:00,0.022,-0.014
,25/02/2005 20:00,-0.006,0.004
,25/02/2005 21:00,0.014,-0.009
,25/02/2005 22:00,-0.005,-0.029
,25/02/2005 23:00,-0.025,-0.037
,26/02/2005 0:00,-0.050,-0.030
,26/02/2005 1:00,-0.068,0.005
,26/02/2005 2:00,-0.078,-0.005
,26/02/2005 3:00,-0.081,0.019
,26/02/2005 4:00,-0.066,0.008
,26/02/2005 5:00,-0.061,0.005
,26/02/2005 6:00,-0.104,0.016
,26/02/2005 7:00,-0.089,-0.001
,26/02/2005 8:00,-0.082,-0.006
,26/02/2005 9:00,-0.078,-0.033
,26/02/2005 10:00,-0.091,-0.018
,26/02/2005 11:00,-0.093,-0.022
,26/02/2005 12:00,-0.107,-0.061
,26/02/2005 13:00,-0.129,-0.031
,26/02/2005 14:00,-0.149,-0.027
,26/02/2005 15:00,-0.161,-0.048
,26/02/2005 16:00,-0.195,-0.014
,26/02/2005 17:00,-0.217,-0.020
,26/02/2005 18:00,-0.204,-0.016
,26/02/2005 19:00,-0.220,-0.046
,26/02/2005 20:00,-0.222,-0.023
,26/02/2005 21:00,-0.205,0.006
,26/02/2005 22:00,-0.218,0.016
,26/02/2005 23:00,-0.212,0.025
,27/02/2005 0:00,-0.208,-0.009
,27/02/2005 1:00,-0.222,0.018
,27/02/2005 2:00,-0.200,-0.004
,27/02/2005 3:00,-0.200,-0.001
,27/02/2005 4:00,-0.203,-0.012
,27/02/2005 5:00,-0.177,-0.043
,27/02/2005 6:00,-0.161,-0.017
,27/02/2005 7:00,-0.180,0.009
,27/02/2005 8:00,-0.162,-0.009
,27/02/2005 9:00,-0.142,-0.004
,27/02/2005 10:00,-0.148,-0.035
,27/02/2005 11:00,-0.157,-0.034
,27/02/2005 12:00,-0.156,-0.023
,27/02/2005 13:00,-0.145,-0.044
,27/02/2005 14:00,-0.178,-0.046
,27/02/2005 15:00,-0.212,-0.090
,27/02/2005 16:00,-0.230,-0.081
,27/02/2005 17:00,-0.240,-0.054
,27/02/2005 18:00,-0.235,-0.002
,27/02/2005 19:00,-0.240,0.010
,27/02/2005 20:00,-0.235,0.012
,27/02/2005 21:00,-0.219,0.001
,27/02/2005 22:00,-0.169,0.024
,27/02/2005 23:00,-0.180,0.008
,28/02/2005 0:00,-0.172,0.023
,28/02/2005 1:00,-0.151,0.025
,28/02/2005 2:00,-0.104,0.008
,28/02/2005 3:00,-0.081,0.001
,28/02/2005 4:00,-0.085,0.006
,28/02/2005 5:00,-0.060,0.021
,28/02/2005 6:00,-0.062,0.024
,28/02/2005 7:00,-0.022,0.008
,28/02/2005 8:00,0.051,0.011
,28/02/2005 9:00,0.004,0.015
,28/02/2005 10:00,0.058,-0.012
,28/02/2005 11:00,0.086,0.021
,28/02/2005 12:00,0.116,-0.001
,28/02/2005 13:00,0.104,-0.028
,28/02/2005 14:00,0.103,-0.004
,28/02/2005 15:00,0.129,-0.031
,28/02/2005 16:00,0.177,-0.060
,28/02/2005 17:00,0.203,0.002
,28/02/2005 18:00,0.176,-0.024
,28/02/2005 19:00,0.176,0.016
,28/02/2005 20:00,0.168,0.026
,28/02/2005 21:00,0.185,0.014
,28/02/2005 22:00,0.237,0.046
,28/02/2005 23:00,0.206,0.003
,1/03/2005 0:00,0.214,-0.004
,1/03/2005 1:00,0.239,0.007
,1/03/2005 2:00,0.232,-0.005
,1/03/2005 3:00,0.239,-0.030
,1/03/2005 4:00,0.219,0.012
,1/03/2005 5:00,0.221,0.071
,1/03/2005 6:00,0.233,0.072
,1/03/2005 7:00,0.220,0.045
,1/03/2005 8:00,0.241,0.014
,1/03/2005 9:00,0.217,0.043
,1/03/2005 10:00,0.208,0.032
,1/03/2005 11:00,0.209,0.046
,1/03/2005 12:00,0.212,0.029
,1/03/2005 13:00,0.187,0.011
,1/03/2005 14:00,0.195,0.003
,1/03/2005 15:00,0.169,-0.015
,1/03/2005 16:00,0.177,-0.004
,1/03/2005 17:00,0.174,0.047
,1/03/2005 18:00,0.193,0.034
,1/03/2005 19:00,0.166,0.068
,1/03/2005 20:00,0.194,0.081
,1/03/2005 21:00,0.217,0.060
,1/03/2005 22:00,0.232,0.046
,1/03/2005 23:00,0.233,0.024
,2/03/2005 0:00,0.219,0.052
,2/03/2005 1:00,0.198,0.005
,2/03/2005 2:00,0.198,-0.004
,2/03/2005 3:00,0.175,0.006
,2/03/2005 4:00,0.180,-0.020
,2/03/2005 5:00,0.181,-0.015
,2/03/2005 6:00,0.153,0.010
,2/03/2005 7:00,0.160,-0.025
,2/03/2005 8:00,0.178,-0.001
,2/03/2005 9:00,0.155,-0.049
,2/03/2005 10:00,0.150,-0.001
,2/03/2005 11:00,0.127,0.001
,2/03/2005 12:00,0.090,-0.030
,2/03/2005 13:00,0.095,-0.067
,2/03/2005 14:00,0.050,-0.081
,2/03/2005 15:00,0.076,-0.070
,2/03/2005 16:00,0.088,-0.104
,2/03/2005 17:00,0.074,-0.052
,2/03/2005 18:00,0.058,-0.068
,2/03/2005 19:00,-0.066,-0.020
,2/03/2005 20:00,-0.089,-0.035
,2/03/2005 21:00,-0.089,-0.038
,2/03/2005 22:00,-0.092,-0.041
,2/03/2005 23:00,-0.165,-0.041
,3/03/2005 0:00,-0.140,0.023
,3/03/2005 1:00,-0.177,-0.008
,3/03/2005 2:00,-0.190,-0.025
,3/03/2005 3:00,-0.181,-0.038
,3/03/2005 4:00,-0.180,0.011
,3/03/2005 5:00,-0.180,0.012
,3/03/2005 6:00,-0.173,0.011
,3/03/2005 7:00,-0.192,-0.012
,3/03/2005 8:00,-0.194,-0.027
,3/03/2005 9:00,-0.184,-0.010
,3/03/2005 10:00,-0.173,-0.036
,3/03/2005 11:00,-0.178,-0.002
,3/03/2005 12:00,-0.195,-0.018
,3/03/2005 13:00,-0.194,-0.020
,3/03/2005 14:00,-0.189,0.002
,3/03/2005 15:00,-0.174,-0.043
,3/03/2005 16:00,-0.173,-0.033
,3/03/2005 17:00,-0.181,-0.042
,3/03/2005 18:00,-0.188,-0.038
,3/03/2005 19:00,-0.184,-0.047
,3/03/2005 20:00,-0.175,-0.035
,3/03/2005 21:00,-0.194,-0.010
,3/03/2005 22:00,-0.188,0.039
,3/03/2005 23:00,-0.185,0.051
,4/03/2005 0:00,-0.169,0.041
,4/03/2005 1:00,-0.162,0.016
,4/03/2005 2:00,-0.156,0.003
,4/03/2005 3:00,-0.160,0.014
,4/03/2005 4:00,-0.160,0.018
,4/03/2005 5:00,-0.142,0.009
,4/03/2005 6:00,-0.145,0.015
,4/03/2005 7:00,-0.135,-0.002
,4/03/2005 8:00,-0.141,0.018
,4/03/2005 9:00,-0.150,0.024
,4/03/2005 10:00,-0.144,-0.001
,4/03/2005 11:00,-0.153,-0.011
,4/03/2005 12:00,-0.160,-0.030
,4/03/2005 13:00,-0.154,-0.061
,4/03/2005 14:00,-0.178,-0.057
,4/03/2005 15:00,-0.183,-0.012
,4/03/2005 16:00,-0.174,-0.017
,4/03/2005 17:00,-0.209,0.006
,4/03/2005 18:00,-0.205,-0.031
,4/03/2005 19:00,-0.205,-0.017
,4/03/2005 20:00,-0.211,0.037
,4/03/2005 21:00,-0.199,0.042
,4/03/2005 22:00,-0.187,0.012
,4/03/2005 23:00,-0.181,0.048
,5/03/2005 0:00,-0.156,0.064
,5/03/2005 1:00,-0.144,0.063
,5/03/2005 2:00,-0.152,0.076
,5/03/2005 3:00,-0.124,0.094
,5/03/2005 4:00,-0.118,0.080
,5/03/2005 5:00,-0.076,0.092
,5/03/2005 6:00,-0.067,0.108
,5/03/2005 7:00,-0.034,0.138
,5/03/2005 8:00,-0.002,0.100
,5/03/2005 9:00,-0.041,0.047
,5/03/2005 10:00,-0.032,0.016
,5/03/2005 11:00,-0.023,0.040
,5/03/2005 12:00,0.020,0.016
,5/03/2005 13:00,0.048,0.018
,5/03/2005 14:00,0.059,0.007
,5/03/2005 15:00,0.044,0.013
,5/03/2005 16:00,0.045,-0.036
,5/03/2005 17:00,0.063,-0.036
,5/03/2005 18:00,0.038,0.003
,5/03/2005 19:00,0.027,-0.035
,5/03/2005 20:00,0.010,-0.048
,5/03/2005 21:00,0.030,-0.066
,5/03/2005 22:00,0.008,-0.068
,5/03/2005 23:00,-0.028,-0.054
,6/03/2005 0:00,-0.041,-0.028
,6/03/2005 1:00,-0.052,-0.050
,6/03/2005 2:00,-0.065,-0.078
,6/03/2005 3:00,-0.090,-0.055
,6/03/2005 4:00,-0.090,-0.051
,6/03/2005 5:00,-0.090,-0.043
,6/03/2005 6:00,-0.090,-0.029
,6/03/2005 7:00,-0.073,-0.028
,6/03/2005 8:00,-0.105,-0.025
,6/03/2005 9:00,-0.081,-0.047
,6/03/2005 10:00,-0.098,-0.062
,6/03/2005 11:00,-0.092,-0.076
,6/03/2005 12:00,-0.115,-0.040
,6/03/2005 13:00,-0.114,-0.033
,6/03/2005 14:00,-0.118,-0.056
,6/03/2005 15:00,-0.107,-0.051
,6/03/2005 16:00,-0.118,-0.040
,6/03/2005 17:00,-0.133,-0.034
,6/03/2005 18:00,-0.103,-0.038
,6/03/2005 19:00,-0.085,-0.033
,6/03/2005 20:00,-0.096,-0.066
,6/03/2005 21:00,-0.101,-0.035
,6/03/2005 22:00,-0.093,-0.036
,6/03/2005 23:00,-0.065,-0.033
,7/03/2005 0:00,-0.068,-0.039
,7/03/2005 1:00,-0.080,-0.041
,7/03/2005 2:00,-0.079,-0.023
,7/03/2005 3:00,-0.088,-0.033
,7/03/2005 4:00,-0.084,-0.027
,7/03/2005 5:00,-0.080,-0.023
,7/03/2005 6:00,-0.092,-0.019
,7/03/2005 7:00,-0.084,-0.020
,7/03/2005 8:00,-0.087,-0.019
,7/03/2005 9:00,-0.074,-0.016
,7/03/2005 10:00,-0.067,-0.025
,7/03/2005 11:00,-0.056,-0.028
,7/03/2005 12:00,-0.070,-0.050
,7/03/2005 13:00,-0.088,-0.050
,7/03/2005 14:00,-0.102,-0.052
,7/03/2005 15:00,-0.118,-0.050
,7/03/2005 16:00,-0.136,-0.042
,7/03/2005 17:00,-0.139,-0.024
,7/03/2005 18:00,-0.150,-0.015
,7/03/2005 19:00,-0.148,-0.004
,7/03/2005 20:00,-0.146,0.007
,7/03/2005 21:00,-0.127,0.034
,7/03/2005 22:00,-0.097,0.082
,7/03/2005 23:00,-0.072,0.089
,8/03/2005 0:00,-0.043,0.098
,8/03/2005 1:00,-0.010,0.111
,8/03/2005 2:00,0.015,0.120
,8/03/2005 3:00,0.044,0.118
,8/03/2005 4:00,0.074,0.116
,8/03/2005 5:00,0.092,0.125
,8/03/2005 6:00,0.098,0.086
,8/03/2005 7:00,0.071,0.071
,8/03/2005 8:00,0.046,0.058
,8/03/2005 9:00,0.051,0.036
,8/03/2005 10:00,0.075,0.020
,8/03/2005 11:00,0.059,0.010
,8/03/2005 12:00,0.053,-0.022
,8/03/2005 13:00,0.032,-0.060
,8/03/2005 14:00,-0.003,-0.076
,8/03/2005 15:00,-0.045,-0.053
,8/03/2005 16:00,-0.061,-0.046
,8/03/2005 17:00,-0.079,-0.026
,8/03/2005 18:00,-0.074,-0.009
,8/03/2005 19:00,-0.050,-0.001
,8/03/2005 20:00,-0.038,0.031
,8/03/2005 21:00,-0.036,0.030
,8/03/2005 22:00,-0.040,0.041
,8/03/2005 23:00,0.002,0.042
,9/03/2005 0:00,0.022,0.029
,9/03/2005 1:00,0.032,0.016
,9/03/2005 2:00,0.028,0.000
,9/03/2005 3:00,0.018,-0.021
,9/03/2005 4:00,0.016,-0.031
,9/03/2005 5:00,0.005,-0.040
,9/03/2005 6:00,0.032,-0.059
,9/03/2005 7:00,0.024,-0.067
,9/03/2005 8:00,-0.010,-0.077
,9/03/2005 9:00,-0.035,-0.091
,9/03/2005 10:00,-0.040,-0.113
,9/03/2005 11:00,-0.088,-0.120
,9/03/2005 12:00,-0.103,-0.104
,9/03/2005 13:00,-0.121,-0.060
,9/03/2005 14:00,-0.161,-0.035
,9/03/2005 15:00,-0.157,-0.040
,9/03/2005 16:00,-0.141,-0.004
,9/03/2005 17:00,-0.151,0.005
,9/03/2005 18:00,-0.140,0.065
,9/03/2005 19:00,-0.118,0.097
,9/03/2005 20:00,-0.061,0.083
,9/03/2005 21:00,-0.044,0.097
,9/03/2005 22:00,-0.028,0.086
,9/03/2005 23:00,0.014,0.053
,10/03/2005 0:00,0.025,0.044
,10/03/2005 1:00,0.069,0.025
,10/03/2005 2:00,0.047,0.043
,10/03/2005 3:00,0.039,0.063
,10/03/2005 4:00,0.050,0.041
,10/03/2005 5:00,0.044,0.067
,10/03/2005 6:00,0.028,0.044
,10/03/2005 7:00,0.019,0.040
,10/03/2005 8:00,0.052,0.038
,10/03/2005 9:00,0.034,0.073
,10/03/2005 10:00,0.047,0.007
,10/03/2005 11:00,0.064,-0.005
,10/03/2005 12:00,-0.029,-0.041
,10/03/2005 13:00,-0.018,-0.071
,10/03/2005 14:00,-0.049,-0.095
,10/03/2005 15:00,-0.081,-0.031
,10/03/2005 16:00,-0.111,-0.025
,10/03/2005 17:00,-0.131,0.035
,10/03/2005 18:00,-0.157,0.015
,10/03/2005 19:00,-0.148,0.015
,10/03/2005 20:00,-0.105,0.009
,10/03/2005 21:00,-0.134,0.007
,10/03/2005 22:00,-0.062,0.026
,10/03/2005 23:00,-0.076,0.010
,11/03/2005 0:00,-0.061,-0.021
,11/03/2005 1:00,-0.046,-0.015
,11/03/2005 2:00,0.011,0.013
,11/03/2005 3:00,-0.011,0.017
,11/03/2005 4:00,0.066,0.039
,11/03/2005 5:00,0.125,0.025
,11/03/2005 6:00,0.171,0.002
,11/03/2005 7:00,0.104,0.004
,11/03/2005 8:00,0.176,-0.002
,11/03/2005 9:00,0.139,-0.028
,11/03/2005 10:00,0.109,-0.021
,11/03/2005 11:00,0.082,-0.031
,11/03/2005 12:00,0.051,-0.003
,11/03/2005 13:00,-0.010,-0.014
,11/03/2005 14:00,0.026,0.021
,11/03/2005 15:00,0.007,0.019
,11/03/2005 16:00,-0.028,-0.005
,11/03/2005 17:00,-0.025,0.023
,11/03/2005 18:00,-0.096,0.022
,11/03/2005 19:00,-0.130,0.021
,11/03/2005 20:00,-0.111,0.069
,11/03/2005 21:00,-0.051,0.057
,11/03/2005 22:00,-0.013,-0.004
,11/03/2005 23:00,0.061,0.033
,12/03/2005 0:00,0.104,0.036
,12/03/2005 1:00,0.167,0.028
,12/03/2005 2:00,0.171,-0.011
,12/03/2005 3:00,0.139,0.003
,12/03/2005 4:00,0.108,0.024
,12/03/2005 5:00,0.153,0.072
,12/03/2005 6:00,0.140,0.087
,12/03/2005 7:00,0.165,0.077
,12/03/2005 8:00,0.176,0.113
,12/03/2005 9:00,0.164,0.096
,12/03/2005 10:00,0.177,0.076
,12/03/2005 11:00,0.188,0.053
,12/03/2005 12:00,0.185,0.054
,12/03/2005 13:00,0.192,0.060
,12/03/2005 14:00,0.197,0.032
,12/03/2005 15:00,0.151,0.060
,12/03/2005 16:00,0.120,0.065
,12/03/2005 17:00,0.122,0.045
,12/03/2005 18:00,0.125,0.033
,12/03/2005 19:00,0.137,0.052
,12/03/2005 20:00,0.116,0.039
,12/03/2005 21:00,0.115,0.053
,12/03/2005 22:00,0.073,0.062
,12/03/2005 23:00,0.019,0.066
,13/03/2005 0:00,0.079,0.103
,13/03/2005 1:00,0.095,0.087
,13/03/2005 2:00,0.125,0.069
,13/03/2005 3:00,0.099,0.121
,13/03/2005 4:00,0.087,0.130
,13/03/2005 5:00,0.091,0.102
,13/03/2005 6:00,0.112,0.117
,13/03/2005 7:00,0.122,0.080
,13/03/2005 8:00,0.129,0.052
,13/03/2005 9:00,0.149,0.042
,13/03/2005 10:00,0.098,0.019
,13/03/2005 11:00,0.119,0.027
,13/03/2005 12:00,0.120,-0.004
,13/03/2005 13:00,0.084,-0.045
,13/03/2005 14:00,0.048,-0.069
,13/03/2005 15:00,0.039,-0.074
,13/03/2005 16:00,0.005,-0.042
,13/03/2005 17:00,-0.053,-0.035
,13/03/2005 18:00,-0.076,0.002
,13/03/2005 19:00,-0.060,-0.006
,13/03/2005 20:00,-0.074,-0.020
,13/03/2005 21:00,-0.099,-0.018
,13/03/2005 22:00,-0.122,-0.002
,13/03/2005 23:00,-0.141,-0.013
,14/03/2005 0:00,-0.116,0.010
,14/03/2005 1:00,-0.104,0.037
,14/03/2005 2:00,-0.109,0.033
,14/03/2005 3:00,-0.086,0.057
,14/03/2005 4:00,-0.087,0.074
,14/03/2005 5:00,-0.101,0.092
,14/03/2005 6:00,-0.064,0.086
,14/03/2005 7:00,-0.013,0.051
,14/03/2005 8:00,-0.019,0.060
,14/03/2005 9:00,0.027,0.032
,14/03/2005 10:00,0.060,0.061
,14/03/2005 11:00,0.075,0.041
,14/03/2005 12:00,0.066,0.057
,14/03/2005 13:00,0.089,0.045
,14/03/2005 14:00,0.099,0.066
,14/03/2005 15:00,0.099,0.044
,14/03/2005 16:00,0.131,0.002
,14/03/2005 17:00,0.121,-0.007
,14/03/2005 18:00,0.105,0.011
,14/03/2005 19:00,0.129,-0.020
,14/03/2005 20:00,0.127,-0.006
,14/03/2005 21:00,0.128,-0.018
,14/03/2005 22:00,0.137,-0.010
,14/03/2005 23:00,0.103,-0.047
,15/03/2005 0:00,0.115,-0.028
,15/03/2005 1:00,0.111,-0.018
,15/03/2005 2:00,0.116,-0.038
,15/03/2005 3:00,0.079,-0.016
,15/03/2005 4:00,0.087,-0.027
,15/03/2005 5:00,0.084,-0.015
,15/03/2005 6:00,0.084,-0.028
,15/03/2005 7:00,0.096,-0.051
,15/03/2005 8:00,0.088,-0.023
,15/03/2005 9:00,0.086,-0.049
,15/03/2005 10:00,0.086,-0.049
,15/03/2005 11:00,0.091,-0.056
,15/03/2005 12:00,0.085,-0.066
,15/03/2005 13:00,0.054,-0.020
,15/03/2005 14:00,0.007,-0.036
,15/03/2005 15:00,-0.003,-0.038
,15/03/2005 16:00,-0.069,0.003
,15/03/2005 17:00,-0.075,-0.004
,15/03/2005 18:00,-0.061,-0.001
,15/03/2005 19:00,-0.070,-0.010
,15/03/2005 20:00,-0.052,-0.011
,15/03/2005 21:00,-0.058,-0.001
,15/03/2005 22:00,-0.046,-0.010
,15/03/2005 23:00,-0.033,0.004
,16/03/2005 0:00,-0.019,-0.014
,16/03/2005 1:00,-0.023,-0.015
,16/03/2005 2:00,0.003,-0.030
,16/03/2005 3:00,-0.001,-0.015
,16/03/2005 4:00,-0.026,0.004
,16/03/2005 5:00,-0.025,0.026
,16/03/2005 6:00,0.027,0.037
,16/03/2005 7:00,0.015,0.046
,16/03/2005 8:00,0.012,0.063
,16/03/2005 9:00,0.042,0.068
,16/03/2005 10:00,0.054,0.071
,16/03/2005 11:00,0.073,0.075
,16/03/2005 12:00,0.081,0.040
,16/03/2005 13:00,0.099,0.029
,16/03/2005 14:00,0.112,0.036
,16/03/2005 15:00,0.134,0.035
,16/03/2005 16:00,0.130,0.021
,16/03/2005 17:00,0.124,0.023
,16/03/2005 18:00,0.122,0.024
,16/03/2005 19:00,0.133,0.010
,16/03/2005 20:00,0.139,0.026
,16/03/2005 21:00,0.137,-0.002
,16/03/2005 22:00,0.122,-0.006
,16/03/2005 23:00,0.093,0.018
,17/03/2005 0:00,0.114,-0.024
,17/03/2005 1:00,0.096,-0.001
,17/03/2005 2:00,0.085,-0.012
,17/03/2005 3:00,0.088,-0.006
,17/03/2005 4:00,0.075,0.012
,17/03/2005 5:00,0.093,0.016
,17/03/2005 6:00,0.089,0.017
,17/03/2005 7:00,0.070,0.014
,17/03/2005 8:00,0.075,0.001
,17/03/2005 9:00,0.080,0.010
,17/03/2005 10:00,0.075,-0.006
,17/03/2005 11:00,0.075,-0.016
,17/03/2005 12:00,0.057,-0.037
,17/03/2005 13:00,0.054,-0.040
,17/03/2005 14:00,0.037,-0.037
,17/03/2005 15:00,0.020,-0.037
,17/03/2005 16:00,-0.011,-0.015
,17/03/2005 17:00,-0.026,-0.015
,17/03/2005 18:00,-0.043,-0.018
,17/03/2005 19:00,-0.032,-0.004
,17/03/2005 20:00,-0.049,0.031
,17/03/2005 21:00,-0.052,0.036
,17/03/2005 22:00,-0.044,0.026
,17/03/2005 23:00,-0.047,0.039
,18/03/2005 0:00,-0.033,0.054
,18/03/2005 1:00,-0.010,0.041
,18/03/2005 2:00,-0.021,0.043
,18/03/2005 3:00,0.015,0.046
,18/03/2005 4:00,0.010,0.040
,18/03/2005 5:00,0.013,0.031
,18/03/2005 6:00,0.047,-0.004
,18/03/2005 7:00,0.051,-0.012
,18/03/2005 8:00,0.035,-0.017
,18/03/2005 9:00,0.031,-0.017
,18/03/2005 10:00,0.024,-0.047
,18/03/2005 11:00,0.029,-0.028
,18/03/2005 12:00,0.026,-0.056
,18/03/2005 13:00,0.019,-0.047
,18/03/2005 14:00,-0.006,-0.049
,18/03/2005 15:00,0.005,-0.056
,18/03/2005 16:00,-0.028,-0.044
,18/03/2005 17:00,-0.040,-0.051
,18/03/2005 18:00,-0.050,-0.032
,18/03/2005 19:00,-0.075,-0.007
,18/03/2005 20:00,-0.041,0.007
,18/03/2005 21:00,-0.030,0.006
,18/03/2005 22:00,-0.029,0.002
,18/03/2005 23:00,-0.023,0.006
,19/03/2005 0:00,-0.017,0.018
,19/03/2005 1:00,-0.018,0.017
,19/03/2005 2:00,-0.021,0.018
,19/03/2005 3:00,-0.016,0.005
,19/03/2005 4:00,-0.012,-0.006
,19/03/2005 5:00,-0.032,0.000
,19/03/2005 6:00,-0.025,-0.006
,19/03/2005 7:00,-0.046,-0.011
,19/03/2005 8:00,-0.038,-0.003
,19/03/2005 9:00,-0.042,0.010
,19/03/2005 10:00,-0.041,0.023
,19/03/2005 11:00,-0.065,0.026
,19/03/2005 12:00,-0.060,-0.001
,19/03/2005 13:00,-0.069,-0.027
,19/03/2005 14:00,-0.078,-0.018
,19/03/2005 15:00,-0.091,-0.012
,19/03/2005 16:00,-0.087,-0.013
,19/03/2005 17:00,-0.094,-0.003
,19/03/2005 18:00,-0.124,0.004
,19/03/2005 19:00,-0.115,-0.008
,19/03/2005 20:00,-0.122,-0.020
,19/03/2005 21:00,-0.132,-0.019
,19/03/2005 22:00,-0.126,0.027
,19/03/2005 23:00,-0.133,0.010
,20/03/2005 0:00,-0.127,0.006
,20/03/2005 1:00,-0.098,0.031
,20/03/2005 2:00,-0.051,0.051
,20/03/2005 3:00,-0.010,0.082
,20/03/2005 4:00,0.028,0.066
,20/03/2005 5:00,0.076,0.036
,20/03/2005 6:00,0.041,0.043
,20/03/2005 7:00,0.065,0.033
,20/03/2005 8:00,0.041,0.037
,20/03/2005 9:00,0.057,-0.027
,20/03/2005 10:00,0.052,-0.005
,20/03/2005 11:00,0.051,-0.006
,20/03/2005 12:00,0.002,-0.012
,20/03/2005 13:00,0.021,-0.016
,20/03/2005 14:00,0.025,0.001
,20/03/2005 15:00,-0.039,-0.003
,20/03/2005 16:00,-0.013,0.000
,20/03/2005 17:00,-0.056,0.015
,20/03/2005 18:00,-0.033,-0.006
,20/03/2005 19:00,-0.040,0.003
,20/03/2005 20:00,-0.033,0.013
,20/03/2005 21:00,0.007,-0.005
,20/03/2005 22:00,0.013,-0.007
,20/03/2005 23:00,0.001,0.024
,21/03/2005 0:00,0.031,0.037
,21/03/2005 1:00,0.053,0.038
,21/03/2005 2:00,0.044,0.045
,21/03/2005 3:00,0.064,0.055
,21/03/2005 4:00,0.056,0.044
,21/03/2005 5:00,0.068,0.062
,21/03/2005 6:00,0.069,0.075
,21/03/2005 7:00,0.070,0.074
,21/03/2005 8:00,0.104,0.067
,21/03/2005 9:00,0.131,0.041
,21/03/2005 10:00,0.122,0.024
,21/03/2005 11:00,0.126,0.021
,21/03/2005 12:00,0.118,0.021
,21/03/2005 13:00,0.107,-0.013
,21/03/2005 14:00,0.119,-0.045
,21/03/2005 15:00,0.122,-0.016
,21/03/2005 16:00,0.120,-0.006
,21/03/2005 17:00,0.097,0.013
,21/03/2005 18:00,0.121,0.029
,21/03/2005 19:00,0.140,0.035
,21/03/2005 20:00,0.139,0.031
,21/03/2005 21:00,0.152,0.020
,21/03/2005 22:00,0.176,0.016
,21/03/2005 23:00,0.175,0.010
,22/03/2005 0:00,0.189,0.028
,22/03/2005 1:00,0.210,0.045
,22/03/2005 2:00,0.208,0.073
,22/03/2005 3:00,0.215,0.066
,22/03/2005 4:00,0.209,0.098
,22/03/2005 5:00,0.235,0.107
,22/03/2005 6:00,0.222,0.121
,22/03/2005 7:00,0.199,0.083
,22/03/2005 8:00,0.182,0.052
,22/03/2005 9:00,0.163,0.041
,22/03/2005 10:00,0.142,0.050
,22/03/2005 11:00,0.150,0.017
,22/03/2005 12:00,0.121,-0.007
,22/03/2005 13:00,0.106,-0.032
,22/03/2005 14:00,0.093,-0.050
,22/03/2005 15:00,0.058,-0.055
,22/03/2005 16:00,0.031,-0.066
,22/03/2005 17:00,-0.003,-0.074
,22/03/2005 18:00,0.010,-0.099
,22/03/2005 19:00,-0.021,-0.057
,22/03/2005 20:00,-0.052,-0.087
,22/03/2005 21:00,-0.069,-0.085
,22/03/2005 22:00,-0.085,-0.069
,22/03/2005 23:00,-0.099,-0.067
,23/03/2005 0:00,-0.095,-0.070
,23/03/2005 1:00,-0.100,-0.053
,23/03/2005 2:00,-0.070,-0.051
,23/03/2005 3:00,-0.036,-0.013
,23/03/2005 4:00,-0.016,-0.022
,23/03/2005 5:00,0.053,-0.023
,23/03/2005 6:00,-0.039,0.012
,23/03/2005 7:00,-0.032,0.042
,23/03/2005 8:00,-0.049,0.007
,23/03/2005 9:00,-0.013,-0.031
,23/03/2005 10:00,0.015,-0.009
,23/03/2005 11:00,0.026,0.022
,23/03/2005 12:00,0.002,-0.040
,23/03/2005 13:00,-0.016,-0.043
,23/03/2005 14:00,-0.030,-0.068
,23/03/2005 15:00,-0.035,-0.045
,23/03/2005 16:00,-0.030,-0.086
,23/03/2005 17:00,-0.044,-0.035
,23/03/2005 18:00,-0.095,-0.073
,23/03/2005 19:00,-0.148,-0.039
,23/03/2005 20:00,-0.206,-0.051
,23/03/2005 21:00,-0.192,-0.047
,23/03/2005 22:00,-0.158,-0.059
,23/03/2005 23:00,-0.163,-0.023
,24/03/2005 0:00,-0.156,-0.018
,24/03/2005 1:00,-0.175,-0.008
,24/03/2005 2:00,-0.139,-0.002
,24/03/2005 3:00,-0.116,-0.011
,24/03/2005 4:00,-0.116,-0.005
,24/03/2005 5:00,-0.123,-0.001
,24/03/2005 6:00,-0.150,0.004
,24/03/2005 7:00,-0.096,0.017
,24/03/2005 8:00,-0.111,0.009
,24/03/2005 9:00,-0.086,0.028
,24/03/2005 10:00,-0.100,0.021
,24/03/2005 11:00,-0.105,0.011
,24/03/2005 12:00,-0.134,-0.011
,24/03/2005 13:00,-0.133,0.001
,24/03/2005 14:00,-0.126,0.017
,24/03/2005 15:00,-0.131,0.001
,24/03/2005 16:00,-0.119,0.003
,24/03/2005 17:00,-0.150,-0.006
,24/03/2005 18:00,-0.141,-0.006
,24/03/2005 19:00,-0.119,-0.002
,24/03/2005 20:00,-0.095,0.024
,24/03/2005 21:00,-0.106,0.008
,24/03/2005 22:00,-0.128,0.015
,24/03/2005 23:00,-0.121,0.027
,25/03/2005 0:00,-0.098,0.018
,25/03/2005 1:00,-0.086,0.012
,25/03/2005 2:00,-0.093,0.032
,25/03/2005 3:00,-0.097,0.029
,25/03/2005 4:00,-0.104,0.036
,25/03/2005 5:00,-0.063,0.018
,25/03/2005 6:00,-0.025,0.025
,25/03/2005 7:00,0.040,0.024
,25/03/2005 8:00,0.028,0.038
,25/03/2005 9:00,0.053,0.028
,25/03/2005 10:00,0.072,0.018
,25/03/2005 11:00,0.107,0.040
,25/03/2005 12:00,0.083,0.037
,25/03/2005 13:00,0.124,-0.023
,25/03/2005 14:00,0.090,-0.016
,25/03/2005 15:00,0.114,-0.010
,25/03/2005 16:00,0.126,-0.034
,25/03/2005 17:00,0.085,0.018
,25/03/2005 18:00,0.080,0.011
,25/03/2005 19:00,0.079,0.024
,25/03/2005 20:00,0.073,0.027
,25/03/2005 21:00,0.105,0.025
,25/03/2005 22:00,0.127,0.040
,25/03/2005 23:00,0.116,0.033
,26/03/2005 0:00,0.139,0.026
,26/03/2005 1:00,0.164,0.058
,26/03/2005 2:00,0.179,0.058
,26/03/2005 3:00,0.195,0.071
,26/03/2005 4:00,0.214,0.064
,26/03/2005 5:00,0.249,0.008
,26/03/2005 6:00,0.255,0.020
,26/03/2005 7:00,0.264,0.019
,26/03/2005 8:00,0.253,0.002
,26/03/2005 9:00,0.261,0.008
,26/03/2005 10:00,0.284,0.004
,26/03/2005 11:00,0.259,0.035
,26/03/2005 12:00,0.259,0.026
,26/03/2005 13:00,0.279,0.049
,26/03/2005 14:00,0.305,0.025
,26/03/2005 15:00,0.299,-0.009
,26/03/2005 16:00,0.288,0.031
,26/03/2005 17:00,0.300,0.024
,26/03/2005 18:00,0.268,0.043
,26/03/2005 19:00,0.234,-0.003
,26/03/2005 20:00,0.219,0.050
,26/03/2005 21:00,0.218,0.045
,26/03/2005 22:00,0.246,0.062
,26/03/2005 23:00,0.224,0.061
,27/03/2005 0:00,0.239,0.068
,27/03/2005 1:00,0.241,0.060
,27/03/2005 2:00,0.236,0.062
,27/03/2005 3:00,0.241,0.032
,27/03/2005 4:00,0.226,0.053
,27/03/2005 5:00,0.219,0.069
,27/03/2005 6:00,0.253,0.053
,27/03/2005 7:00,0.223,0.050
,27/03/2005 8:00,0.214,0.017
,27/03/2005 9:00,0.202,-0.012
,27/03/2005 10:00,0.195,-0.028
,27/03/2005 11:00,0.183,-0.031
,27/03/2005 12:00,0.213,-0.038
,27/03/2005 13:00,0.168,-0.031
,27/03/2005 14:00,0.157,-0.010
,27/03/2005 15:00,0.142,-0.071
,27/03/2005 16:00,0.142,-0.075
,27/03/2005 17:00,0.111,-0.048
,27/03/2005 18:00,0.078,-0.071
,27/03/2005 19:00,0.039,-0.071
,27/03/2005 20:00,0.081,-0.040
,27/03/2005 21:00,0.051,-0.086
,27/03/2005 22:00,0.014,-0.031
,27/03/2005 23:00,0.024,-0.045
,28/03/2005 0:00,-0.026,-0.074
,28/03/2005 1:00,-0.034,-0.077
,28/03/2005 2:00,-0.053,-0.068
,28/03/2005 3:00,-0.087,-0.049
,28/03/2005 4:00,-0.110,-0.004
,28/03/2005 5:00,-0.114,-0.016
,28/03/2005 6:00,-0.110,-0.057
,28/03/2005 7:00,-0.104,0.014
,28/03/2005 8:00,-0.124,0.015
,28/03/2005 9:00,-0.139,0.016
,28/03/2005 10:00,-0.138,0.064
,28/03/2005 11:00,-0.153,0.057
,28/03/2005 12:00,-0.147,0.016
,28/03/2005 13:00,-0.146,-0.047
,28/03/2005 14:00,-0.146,-0.065
,28/03/2005 15:00,-0.176,-0.041
,28/03/2005 16:00,-0.183,-0.063
,28/03/2005 17:00,-0.213,0.008
,28/03/2005 18:00,-0.219,-0.004
,28/03/2005 19:00,-0.222,0.005
,28/03/2005 20:00,-0.223,-0.017
,28/03/2005 21:00,-0.249,0.008
,28/03/2005 22:00,-0.224,-0.003
,28/03/2005 23:00,-0.209,-0.016
,29/03/2005 0:00,-0.196,0.010
,29/03/2005 1:00,-0.184,0.025
,29/03/2005 2:00,-0.206,0.038
,29/03/2005 3:00,-0.180,0.057
,29/03/2005 4:00,-0.173,0.016
,29/03/2005 5:00,-0.155,-0.002
,29/03/2005 6:00,-0.158,0.038
,29/03/2005 7:00,-0.141,-0.041
,29/03/2005 8:00,-0.143,-0.008
,29/03/2005 9:00,-0.139,-0.009
,29/03/2005 10:00,-0.125,-0.063
,29/03/2005 11:00,-0.129,-0.019
,29/03/2005 12:00,-0.130,-0.062
,29/03/2005 13:00,-0.133,-0.075
,29/03/2005 14:00,-0.138,-0.078
,29/03/2005 15:00,-0.149,-0.065
,29/03/2005 16:00,-0.146,-0.068
,29/03/2005 17:00,-0.155,-0.001
,29/03/2005 18:00,-0.150,0.004
,29/03/2005 19:00,-0.151,0.030
,29/03/2005 20:00,-0.128,0.025
,29/03/2005 21:00,-0.101,0.030
,29/03/2005 22:00,-0.098,0.024
,29/03/2005 23:00,-0.070,0.013
,30/03/2005 0:00,-0.079,-0.011
,30/03/2005 1:00,-0.121,0.025
,30/03/2005 2:00,-0.093,-0.006
,30/03/2005 3:00,-0.094,-0.020
,30/03/2005 4:00,-0.077,0.000
,30/03/2005 5:00,-0.072,0.001
,30/03/2005 6:00,-0.097,-0.013
,30/03/2005 7:00,-0.083,0.002
,30/03/2005 8:00,-0.067,0.012
,30/03/2005 9:00,-0.069,-0.009
,30/03/2005 10:00,-0.088,-0.006
,30/03/2005 11:00,-0.099,-0.041
,30/03/2005 12:00,-0.125,-0.044
,30/03/2005 13:00,-0.109,-0.070
,30/03/2005 14:00,-0.131,-0.108
,30/03/2005 15:00,-0.145,-0.099
,30/03/2005 16:00,-0.147,-0.136
,30/03/2005 17:00,-0.126,-0.137
,30/03/2005 18:00,-0.172,-0.116
,30/03/2005 19:00,-0.173,-0.095
,30/03/2005 20:00,-0.178,-0.094
,30/03/2005 21:00,-0.175,-0.081
,30/03/2005 22:00,-0.170,-0.035
,30/03/2005 23:00,-0.204,0.009
,31/03/2005 0:00,-0.188,-0.060
,31/03/2005 1:00,-0.187,-0.008
,31/03/2005 2:00,-0.141,-0.018
,31/03/2005 3:00,-0.122,-0.021
,31/03/2005 4:00,-0.088,-0.002
,31/03/2005 5:00,-0.069,0.015
,31/03/2005 6:00,-0.063,-0.018
,31/03/2005 7:00,-0.026,-0.061
,31/03/2005 8:00,0.000,-0.076
,31/03/2005 9:00,-0.013,-0.054
,31/03/2005 10:00,-0.034,-0.035
,31/03/2005 11:00,-0.044,-0.038
,31/03/2005 12:00,-0.056,-0.024
,31/03/2005 13:00,-0.020,0.005
,31/03/2005 14:00,-0.046,-0.064
,31/03/2005 15:00,0.020,-0.052
,31/03/2005 16:00,0.049,-0.050
,31/03/2005 17:00,0.031,-0.054
,31/03/2005 18:00,0.062,-0.032
,31/03/2005 19:00,0.063,-0.051
,31/03/2005 20:00,0.120,-0.040
,31/03/2005 21:00,0.098,-0.013
,31/03/2005 22:00,0.166,0.003
,31/03/2005 23:00,0.137,-0.043
,1/04/2005 0:00,0.142,-0.063
,1/04/2005 1:00,0.129,-0.021
,1/04/2005 2:00,0.150,0.014
,1/04/2005 3:00,0.155,0.018
,1/04/2005 4:00,0.175,0.004
,1/04/2005 5:00,0.197,-0.007
,1/04/2005 6:00,0.225,0.003
,1/04/2005 7:00,0.259,0.008
,1/04/2005 8:00,0.265,0.020
,1/04/2005 9:00,0.279,-0.033
,1/04/2005 10:00,0.301,-0.094
,1/04/2005 11:00,0.259,-0.034
,1/04/2005 12:00,0.256,0.000
,1/04/2005 13:00,0.247,-0.010
,1/04/2005 14:00,0.278,-0.065
,1/04/2005 15:00,0.284,-0.068
,1/04/2005 16:00,0.285,-0.059
,1/04/2005 17:00,0.289,-0.025
,1/04/2005 18:00,0.264,-0.039
,1/04/2005 19:00,0.232,-0.041
,1/04/2005 20:00,0.278,-0.067
,1/04/2005 21:00,0.252,-0.057
,1/04/2005 22:00,0.250,-0.067
,1/04/2005 23:00,0.291,-0.032
,2/04/2005 0:00,0.261,-0.063
,2/04/2005 1:00,0.207,-0.025
,2/04/2005 2:00,0.200,-0.043
,2/04/2005 3:00,0.197,-0.025
,2/04/2005 4:00,0.225,-0.051
,2/04/2005 5:00,0.199,-0.029
,2/04/2005 6:00,0.213,-0.022
,2/04/2005 7:00,0.239,0.007
,2/04/2005 8:00,0.240,-0.019
,2/04/2005 9:00,0.227,-0.021
,2/04/2005 10:00,0.241,0.002
,2/04/2005 11:00,0.192,-0.048
,2/04/2005 12:00,0.193,-0.064
,2/04/2005 13:00,0.165,-0.047
,2/04/2005 14:00,0.144,-0.027
,2/04/2005 15:00,0.137,-0.007
,2/04/2005 16:00,0.096,0.011
,2/04/2005 17:00,0.095,-0.010
,2/04/2005 18:00,0.130,-0.017
,2/04/2005 19:00,0.122,-0.018
,2/04/2005 20:00,0.145,-0.007
,2/04/2005 21:00,0.164,-0.026
,2/04/2005 22:00,0.135,-0.023
,2/04/2005 23:00,0.144,-0.024
,3/04/2005 0:00,0.109,-0.029
,3/04/2005 1:00,0.098,-0.017
,3/04/2005 2:00,0.061,-0.028
,3/04/2005 3:00,0.039,-0.040
,3/04/2005 4:00,0.025,-0.062
,3/04/2005 5:00,0.010,-0.032
,3/04/2005 6:00,0.016,-0.038
,3/04/2005 7:00,0.028,-0.038
,3/04/2005 8:00,0.007,-0.007
,3/04/2005 9:00,-0.034,-0.022
,3/04/2005 10:00,-0.039,-0.041
,3/04/2005 11:00,-0.070,-0.042
,3/04/2005 12:00,-0.109,-0.007
,3/04/2005 13:00,-0.096,-0.027
,3/04/2005 14:00,-0.104,-0.025
,3/04/2005 15:00,-0.133,0.001
,3/04/2005 16:00,-0.126,0.004
,3/04/2005 17:00,-0.133,0.020
,3/04/2005 18:00,-0.144,0.028
,3/04/2005 19:00,-0.140,0.015
,3/04/2005 20:00,-0.125,-0.002
,3/04/2005 21:00,-0.123,-0.036
,3/04/2005 22:00,-0.133,-0.031
,3/04/2005 23:00,-0.128,-0.019
,4/04/2005 0:00,-0.132,-0.059
,4/04/2005 1:00,-0.140,-0.040
,4/04/2005 2:00,-0.137,0.018
,4/04/2005 3:00,-0.167,0.049
,4/04/2005 4:00,-0.160,0.072
,4/04/2005 5:00,-0.171,0.079
,4/04/2005 6:00,-0.190,0.077
,4/04/2005 7:00,-0.163,0.081
,4/04/2005 8:00,-0.192,0.084
,4/04/2005 9:00,-0.192,0.101
,4/04/2005 10:00,-0.175,0.102
,4/04/2005 11:00,-0.192,0.086
,4/04/2005 12:00,-0.186,0.100
,4/04/2005 13:00,-0.184,0.102
,4/04/2005 14:00,-0.186,0.062
,4/04/2005 15:00,-0.184,0.069
,4/04/2005 16:00,-0.186,0.040
,4/04/2005 17:00,-0.166,0.048
,4/04/2005 18:00,-0.178,0.030
,4/04/2005 19:00,-0.191,-0.003
,4/04/2005 20:00,-0.190,0.007
,4/04/2005 21:00,-0.216,-0.001
,4/04/2005 22:00,-0.224,0.026
,4/04/2005 23:00,-0.204,0.054
,5/04/2005 0:00,-0.203,0.046
,5/04/2005 1:00,-0.192,0.090
,5/04/2005 2:00,-0.169,0.097
,5/04/2005 3:00,-0.141,0.090
,5/04/2005 4:00,-0.113,0.095
,5/04/2005 5:00,-0.123,0.085
,5/04/2005 6:00,-0.115,0.060
,5/04/2005 7:00,-0.089,0.035
,5/04/2005 8:00,-0.066,0.044
,5/04/2005 9:00,-0.049,0.003
,5/04/2005 10:00,-0.087,-0.061
,5/04/2005 11:00,-0.113,-0.086
,5/04/2005 12:00,-0.140,-0.121
,5/04/2005 13:00,-0.156,-0.149
,5/04/2005 14:00,-0.214,-0.132
,5/04/2005 15:00,-0.241,-0.141
,5/04/2005 16:00,-0.267,-0.121
,5/04/2005 17:00,-0.259,-0.118
,5/04/2005 18:00,-0.238,-0.118
,5/04/2005 19:00,-0.248,-0.144
,5/04/2005 20:00,-0.271,-0.106
,5/04/2005 21:00,-0.262,-0.116
,5/04/2005 22:00,-0.252,-0.115
,5/04/2005 23:00,-0.271,-0.111
,6/04/2005 0:00,-0.257,-0.088
,6/04/2005 1:00,-0.256,-0.081
,6/04/2005 2:00,-0.245,-0.062
,6/04/2005 3:00,-0.248,-0.066
,6/04/2005 4:00,-0.249,-0.096
,6/04/2005 5:00,-0.229,-0.066
,6/04/2005 6:00,-0.242,-0.043
,6/04/2005 7:00,-0.247,-0.019
,6/04/2005 8:00,-0.261,-0.013
,6/04/2005 9:00,-0.239,0.043
,6/04/2005 10:00,-0.239,0.052
,6/04/2005 11:00,-0.239,0.096
,6/04/2005 12:00,-0.243,0.124
,6/04/2005 13:00,-0.255,0.107
,6/04/2005 14:00,-0.242,0.056
,6/04/2005 15:00,-0.251,0.049
,6/04/2005 16:00,-0.263,0.045
,6/04/2005 17:00,-0.302,-0.006
,6/04/2005 18:00,-0.313,0.004
,6/04/2005 19:00,-0.303,-0.021
,6/04/2005 20:00,-0.278,-0.008
,6/04/2005 21:00,-0.235,-0.024
,6/04/2005 22:00,-0.162,-0.051
,6/04/2005 23:00,-0.127,-0.065
,7/04/2005 0:00,-0.168,-0.038
,7/04/2005 1:00,-0.203,-0.032
,7/04/2005 2:00,-0.207,0.001
,7/04/2005 3:00,-0.228,0.068
,7/04/2005 4:00,-0.182,0.081
,7/04/2005 5:00,-0.182,0.065
,7/04/2005 6:00,-0.181,0.066
,7/04/2005 7:00,-0.197,0.059
,7/04/2005 8:00,-0.206,0.054
,7/04/2005 9:00,-0.181,0.059
,7/04/2005 10:00,-0.191,0.064
,7/04/2005 11:00,-0.183,0.064
,7/04/2005 12:00,-0.174,0.098
,7/04/2005 13:00,-0.175,0.076
,7/04/2005 14:00,-0.170,0.066
,7/04/2005 15:00,-0.165,0.048
,7/04/2005 16:00,-0.165,0.071
,7/04/2005 17:00,-0.155,0.083
,7/04/2005 18:00,-0.166,0.082
,7/04/2005 19:00,-0.137,0.084
,7/04/2005 20:00,-0.128,0.105
,7/04/2005 21:00,-0.133,0.082
,7/04/2005 22:00,-0.110,0.071
,7/04/2005 23:00,-0.104,0.040
,8/04/2005 0:00,-0.099,0.049
,8/04/2005 1:00,-0.065,0.045
,8/04/2005 2:00,-0.064,0.028
,8/04/2005 3:00,-0.064,0.047
,8/04/2005 4:00,-0.075,0.022
,8/04/2005 5:00,-0.055,0.051
,8/04/2005 6:00,-0.071,0.062
,8/04/2005 7:00,-0.076,0.041
,8/04/2005 8:00,-0.092,0.022
,8/04/2005 9:00,-0.114,0.000
,8/04/2005 10:00,-0.103,0.018
,8/04/2005 11:00,-0.131,0.025
,8/04/2005 12:00,-0.148,0.004
,8/04/2005 13:00,-0.159,0.025
,8/04/2005 14:00,-0.173,0.024
,8/04/2005 15:00,-0.178,0.032
,8/04/2005 16:00,-0.151,0.035
,8/04/2005 17:00,-0.165,0.026
,8/04/2005 18:00,-0.155,0.062
,8/04/2005 19:00,-0.122,0.071
,8/04/2005 20:00,-0.108,0.079
,8/04/2005 21:00,-0.093,0.078
,8/04/2005 22:00,-0.087,0.093
,8/04/2005 23:00,-0.088,0.091
,9/04/2005 0:00,-0.079,0.033
,9/04/2005 1:00,-0.063,0.031
,9/04/2005 2:00,-0.068,0.048
,9/04/2005 3:00,-0.053,0.039
,9/04/2005 4:00,-0.039,0.034
,9/04/2005 5:00,-0.059,0.065
,9/04/2005 6:00,-0.029,0.047
,9/04/2005 7:00,-0.006,0.059
,9/04/2005 8:00,-0.010,0.028
,9/04/2005 9:00,-0.014,0.030
,9/04/2005 10:00,-0.056,0.015
,9/04/2005 11:00,-0.042,-0.011
,9/04/2005 12:00,-0.077,0.027
,9/04/2005 13:00,-0.090,-0.025
,9/04/2005 14:00,-0.116,-0.004
,9/04/2005 15:00,-0.111,0.001
,9/04/2005 16:00,-0.125,0.022
,9/04/2005 17:00,-0.144,0.039
,9/04/2005 18:00,-0.142,0.018
,9/04/2005 19:00,-0.114,0.034
,9/04/2005 20:00,-0.100,0.023
,9/04/2005 21:00,-0.116,0.020
,9/04/2005 22:00,-0.144,0.035
,9/04/2005 23:00,-0.086,0.065
,10/04/2005 0:00,-0.025,0.073
,10/04/2005 1:00,0.000,0.078
,10/04/2005 2:00,0.018,0.081
,10/04/2005 3:00,-0.031,0.064
,10/04/2005 4:00,0.037,0.062
,10/04/2005 5:00,0.025,0.068
,10/04/2005 6:00,0.049,0.085
,10/04/2005 7:00,0.061,0.068
,10/04/2005 8:00,0.072,0.030
,10/04/2005 9:00,0.055,0.048
,10/04/2005 10:00,0.038,0.054
,10/04/2005 11:00,0.043,0.058
,10/04/2005 12:00,0.050,0.048
,10/04/2005 13:00,0.084,0.011
,10/04/2005 14:00,0.042,-0.014
,10/04/2005 15:00,-0.008,-0.042
,10/04/2005 16:00,0.003,-0.046
,10/04/2005 17:00,-0.078,-0.017
,10/04/2005 18:00,-0.040,-0.033
,10/04/2005 19:00,-0.006,-0.020
,10/04/2005 20:00,-0.050,-0.013
,10/04/2005 21:00,0.017,0.013
,10/04/2005 22:00,0.025,-0.003
,10/04/2005 23:00,0.060,0.026
,11/04/2005 0:00,0.084,0.047
,11/04/2005 1:00,0.036,-0.017
,11/04/2005 2:00,0.029,-0.015
,11/04/2005 3:00,0.008,0.025
,11/04/2005 4:00,0.048,0.008
,11/04/2005 5:00,0.002,0.061
,11/04/2005 6:00,0.048,0.052
,11/04/2005 7:00,0.048,0.054
,11/04/2005 8:00,0.079,0.051
,11/04/2005 9:00,0.067,0.034
,11/04/2005 10:00,0.098,0.064
,11/04/2005 11:00,0.151,0.022
,11/04/2005 12:00,0.122,0.050
,11/04/2005 13:00,0.109,0.035
,11/04/2005 14:00,0.137,0.034
,11/04/2005 15:00,0.117,0.034
,11/04/2005 16:00,0.087,0.078
,11/04/2005 17:00,0.083,0.052
,11/04/2005 18:00,0.077,0.071
,11/04/2005 19:00,0.078,0.071
,11/04/2005 20:00,0.056,0.073
,11/04/2005 21:00,0.063,0.115
,11/04/2005 22:00,0.104,0.085
,11/04/2005 23:00,0.153,0.054
,12/04/2005 0:00,0.106,0.096
,12/04/2005 1:00,0.128,0.062
,12/04/2005 2:00,0.143,0.042
,12/04/2005 3:00,0.137,0.036
,12/04/2005 4:00,0.140,0.032
,12/04/2005 5:00,0.153,-0.016
,12/04/2005 6:00,0.156,0.028
,12/04/2005 7:00,0.140,0.012
,12/04/2005 8:00,0.138,0.055
,12/04/2005 9:00,0.153,0.050
,12/04/2005 10:00,0.141,0.026
,12/04/2005 11:00,0.137,-0.005
,12/04/2005 12:00,0.131,-0.003
,12/04/2005 13:00,0.112,-0.064
,12/04/2005 14:00,0.093,-0.020
,12/04/2005 15:00,-0.017,0.022
,12/04/2005 16:00,-0.042,0.002
,12/04/2005 17:00,-0.045,-0.050
,12/04/2005 18:00,0.018,-0.039
,12/04/2005 19:00,0.027,0.012
,12/04/2005 20:00,-0.048,0.013
,12/04/2005 21:00,0.000,0.011
,12/04/2005 22:00,-0.022,0.016
,12/04/2005 23:00,0.026,0.031
,13/04/2005 0:00,0.017,0.056
,13/04/2005 1:00,0.015,-0.014
,13/04/2005 2:00,0.033,0.042
,13/04/2005 3:00,0.010,-0.010
,13/04/2005 4:00,0.076,-0.018
,13/04/2005 5:00,0.088,0.029
,13/04/2005 6:00,0.053,0.068
,13/04/2005 7:00,0.070,0.035
,13/04/2005 8:00,0.109,0.054
,13/04/2005 9:00,0.159,-0.008
,13/04/2005 10:00,0.103,0.016
,13/04/2005 11:00,0.154,-0.001
,13/04/2005 12:00,0.063,-0.023
,13/04/2005 13:00,0.093,0.008
,13/04/2005 14:00,0.107,0.017
,13/04/2005 15:00,0.089,0.034
,13/04/2005 16:00,0.106,0.002
,13/04/2005 17:00,0.063,0.049
,13/04/2005 18:00,0.130,0.063
,13/04/2005 19:00,0.146,0.092
,13/04/2005 20:00,0.129,0.086
,13/04/2005 21:00,0.056,0.054
,13/04/2005 22:00,0.076,0.064
,13/04/2005 23:00,0.086,0.074
,14/04/2005 0:00,0.108,0.052
,14/04/2005 1:00,0.132,0.056
,14/04/2005 2:00,0.106,0.079
,14/04/2005 3:00,0.112,0.109
,14/04/2005 4:00,0.130,0.085
,14/04/2005 5:00,0.097,0.140
,14/04/2005 6:00,0.113,0.110
,14/04/2005 7:00,0.117,0.141
,14/04/2005 8:00,0.135,0.110
,14/04/2005 9:00,0.108,0.131
,14/04/2005 10:00,0.113,0.130
,14/04/2005 11:00,0.129,0.111
,14/04/2005 12:00,0.149,0.084
,14/04/2005 13:00,0.135,-0.107
,14/04/2005 14:00,0.126,0.034
,14/04/2005 15:00,-0.024,0.034
,14/04/2005 16:00,-0.075,0.067
,14/04/2005 17:00,0.011,0.080
,14/04/2005 18:00,-0.187,0.030
,14/04/2005 19:00,0.052,-0.045
,14/04/2005 20:00,0.072,0.062
,14/04/2005 21:00,0.103,0.061
,14/04/2005 22:00,0.110,-0.007
,14/04/2005 23:00,0.029,0.016
,15/04/2005 0:00,0.139,0.050
,15/04/2005 1:00,0.099,-0.011
,15/04/2005 2:00,0.058,-0.032
,15/04/2005 3:00,0.109,-0.040
,15/04/2005 4:00,-0.041,-0.025
,15/04/2005 5:00,0.069,0.055
,15/04/2005 6:00,0.016,-0.015
,15/04/2005 7:00,-0.064,-0.067
,15/04/2005 8:00,0.040,0.042
,15/04/2005 9:00,-0.047,0.027
,15/04/2005 10:00,0.022,0.030
,15/04/2005 11:00,0.008,0.037
,15/04/2005 12:00,0.069,0.051
,15/04/2005 13:00,0.031,-0.121
,15/04/2005 14:00,-0.055,0.042
,15/04/2005 15:00,-0.031,0.044
,15/04/2005 16:00,0.051,0.007
,15/04/2005 17:00,-0.038,0.038
,15/04/2005 18:00,0.052,0.003
,15/04/2005 19:00,-0.012,0.080
,15/04/2005 20:00,0.020,0.143
,15/04/2005 21:00,0.090,0.040
,15/04/2005 22:00,0.130,0.075
,15/04/2005 23:00,0.096,0.061
,16/04/2005 0:00,0.113,-0.085
,16/04/2005 1:00,0.014,-0.039
,16/04/2005 2:00,0.145,-0.116
,16/04/2005 3:00,0.044,-0.011
,16/04/2005 4:00,-0.061,0.215
,16/04/2005 5:00,-0.077,0.102
,16/04/2005 6:00,-0.071,0.017
,16/04/2005 7:00,0.030,0.007
,16/04/2005 8:00,-0.022,-0.012
,16/04/2005 9:00,-0.022,-0.024
,16/04/2005 10:00,0.146,-0.114
