depth,latitude,longitude,time,nppv,o2
0.49402538,-32.5,115.5,2021-11-01,12.297612,239.63843
0.49402538,-32.5,115.5,2021-11-02,10.944728,239.7404
0.49402538,-32.5,115.5,2021-11-03,10.226719,239.63051
0.49402538,-32.5,115.5,2021-11-04,10.679375,239.49527
0.49402538,-32.5,115.5,2021-11-05,11.471945,239.55841
0.49402538,-32.5,115.5,2021-11-06,11.110923,239.58716
0.49402538,-32.5,115.5,2021-11-07,10.696113,239.56714
0.49402538,-32.5,115.5,2021-11-08,9.8137245,239.50873
0.49402538,-32.5,115.5,2021-11-09,9.414529,239.41003
0.49402538,-32.5,115.5,2021-11-10,9.152085,239.3176
0.49402538,-32.5,115.5,2021-11-11,8.803125,239.18594
0.49402538,-32.5,115.5,2021-11-12,8.213455,238.98425
0.49402538,-32.5,115.5,2021-11-13,8.02806,238.7411
0.49402538,-32.5,115.5,2021-11-14,7.8461614,238.51617
0.49402538,-32.5,115.5,2021-11-15,8.401744,238.27257
0.49402538,-32.5,115.5,2021-11-16,8.774934,237.8013
0.49402538,-32.5,115.5,2021-11-17,7.7756085,237.1291
0.49402538,-32.5,115.5,2021-11-18,7.285878,236.88979
0.49402538,-32.5,115.5,2021-11-19,8.223113,236.86176
0.49402538,-32.5,115.5,2021-11-20,7.603227,236.5666
0.49402538,-32.5,115.5,2021-11-21,7.3768353,235.93837
0.49402538,-32.5,115.5,2021-11-22,8.1816225,235.82541
0.49402538,-32.5,115.5,2021-11-23,7.4640546,235.42206
0.49402538,-32.5,115.5,2021-11-24,6.8248105,234.95386
0.49402538,-32.5,115.5,2021-11-25,6.4125285,234.50021
0.49402538,-32.5,115.5,2021-11-26,6.2090235,233.99706
0.49402538,-32.5,115.5,2021-11-27,6.6806407,233.47275
0.49402538,-32.5,115.5,2021-11-28,6.229668,232.56471
0.49402538,-32.5,115.5,2021-11-29,6.0044484,232.44391
0.49402538,-32.5,115.5,2021-11-30,7.1761246,232.56671
0.49402538,-32.5,115.5,2021-12-01,6.654672,232.20776
0.49402538,-32.5,115.5,2021-12-02,6.225737,231.84052
0.49402538,-32.5,115.5,2021-12-03,5.6204925,231.62201
0.49402538,-32.5,115.5,2021-12-04,5.006749,231.47044
0.49402538,-32.5,115.5,2021-12-05,4.874877,231.25455
0.49402538,-32.5,115.5,2021-12-06,4.6850467,231.0602
0.49402538,-32.5,115.5,2021-12-07,4.2914224,230.73088
0.49402538,-32.5,115.5,2021-12-08,4.6299205,230.03323
0.49402538,-32.5,115.5,2021-12-09,4.3486347,229.51154
0.49402538,-32.5,115.5,2021-12-10,4.04251,229.14346
0.49402538,-32.5,115.5,2021-12-11,3.909184,229.00793
0.49402538,-32.5,115.5,2021-12-12,4.3416214,229.27992
0.49402538,-32.5,115.5,2021-12-13,4.350536,229.16705
0.49402538,-32.5,115.5,2021-12-14,4.1541967,229.1195
0.49402538,-32.5,115.5,2021-12-15,3.971854,229.26004
0.49402538,-32.5,115.5,2021-12-16,3.6815767,229.39539
0.49402538,-32.5,115.5,2021-12-17,3.5977461,229.41231
0.49402538,-32.5,115.5,2021-12-18,3.6202493,229.313
0.49402538,-32.5,115.5,2021-12-19,3.430631,229.21918
0.49402538,-32.5,115.5,2021-12-20,3.4335763,229.22168
0.49402538,-32.5,115.5,2021-12-21,3.324119,229.28883
0.49402538,-32.5,115.5,2021-12-22,3.1739905,229.28566
0.49402538,-32.5,115.5,2021-12-23,3.1220255,229.16202
0.49402538,-32.5,115.5,2021-12-24,3.053248,228.95416
0.49402538,-32.5,115.5,2021-12-25,3.1721213,228.44261
0.49402538,-32.5,115.5,2021-12-26,3.769043,227.41919
0.49402538,-32.5,115.5,2021-12-27,4.355115,226.57149
0.49402538,-32.5,115.5,2021-12-28,4.50341,225.90129
0.49402538,-32.5,115.5,2021-12-29,3.8821075,225.06294
0.49402538,-32.5,115.5,2021-12-30,3.1291757,224.94435
0.49402538,-32.5,115.5,2021-12-31,2.9728363,225.53908
0.49402538,-32.5,115.5,2022-01-01,3.2457812,226.04863
0.49402538,-32.5,115.5,2022-01-02,3.2082675,226.08128
0.49402538,-32.5,115.5,2022-01-03,3.081285,225.93279
0.49402538,-32.5,115.5,2022-01-04,3.0128908,225.68759
0.49402538,-32.5,115.5,2022-01-05,3.0713034,225.42303
0.49402538,-32.5,115.5,2022-01-06,2.958585,225.09473
0.49402538,-32.5,115.5,2022-01-07,2.9074028,224.87563
0.49402538,-32.5,115.5,2022-01-08,3.104532,224.88065
0.49402538,-32.5,115.5,2022-01-09,3.219104,224.81593
0.49402538,-32.5,115.5,2022-01-10,2.884068,224.82863
0.49402538,-32.5,115.5,2022-01-11,2.8243659,224.78105
0.49402538,-32.5,115.5,2022-01-12,2.7229574,224.50739
0.49402538,-32.5,115.5,2022-01-13,2.6298444,224.34784
0.49402538,-32.5,115.5,2022-01-14,2.719151,224.23549
0.49402538,-32.5,115.5,2022-01-15,2.7796016,224.19366
0.49402538,-32.5,115.5,2022-01-16,2.7373211,224.18658
0.49402538,-32.5,115.5,2022-01-17,2.5571434,224.14592
0.49402538,-32.5,115.5,2022-01-18,2.985823,223.62288
0.49402538,-32.5,115.5,2022-01-19,3.4003181,222.93016
0.49402538,-32.5,115.5,2022-01-20,3.4535627,222.24028
0.49402538,-32.5,115.5,2022-01-21,3.5168228,221.5909
0.49402538,-32.5,115.5,2022-01-22,3.4392016,220.96169
0.49402538,-32.5,115.5,2022-01-23,2.8030524,220.57611
0.49402538,-32.5,115.5,2022-01-24,2.5024483,221.08286
0.49402538,-32.5,115.5,2022-01-25,2.457649,221.28566
0.49402538,-32.5,115.5,2022-01-26,2.5455887,221.4151
0.49402538,-32.5,115.5,2022-01-27,2.5443966,221.50381
0.49402538,-32.5,115.5,2022-01-28,2.4708245,221.59802
0.49402538,-32.5,115.5,2022-01-29,2.5493522,221.4679
0.49402538,-32.5,115.5,2022-01-30,2.3766928,221.21298
0.49402538,-32.5,115.5,2022-01-31,2.432376,221.15477
0.49402538,-32.5,115.5,2022-02-01,2.394438,221.3162
0.49402538,-32.5,115.5,2022-02-02,2.3294976,221.4724
0.49402538,-32.5,115.5,2022-02-03,2.8575048,221.29349
0.49402538,-32.5,115.5,2022-02-04,3.221935,220.99655
0.49402538,-32.5,115.5,2022-02-05,3.09239,220.65993
0.49402538,-32.5,115.5,2022-02-06,2.200258,220.6757
0.49402538,-32.5,115.5,2022-02-07,2.404986,220.86604
0.49402538,-32.5,115.5,2022-02-08,2.3435848,220.96451
0.49402538,-32.5,115.5,2022-02-09,2.2782252,221.11455
0.49402538,-32.5,115.5,2022-02-10,2.3283765,221.17754
0.49402538,-32.5,115.5,2022-02-11,2.4395313,220.96735
0.49402538,-32.5,115.5,2022-02-12,2.1920598,220.84435
0.49402538,-32.5,115.5,2022-02-13,2.2258198,220.69336
0.49402538,-32.5,115.5,2022-02-14,2.640504,220.1725
0.49402538,-32.5,115.5,2022-02-15,2.9350638,219.43893
0.49402538,-32.5,115.5,2022-02-16,2.6300266,218.98845
0.49402538,-32.5,115.5,2022-02-17,2.5533285,218.77946
0.49402538,-32.5,115.5,2022-02-18,2.6741297,218.62657
0.49402538,-32.5,115.5,2022-02-19,2.4939487,218.43448
0.49402538,-32.5,115.5,2022-02-20,2.2768745,218.48534
0.49402538,-32.5,115.5,2022-02-21,2.3120954,218.56728
0.49402538,-32.5,115.5,2022-02-22,2.3597162,218.67432
0.49402538,-32.5,115.5,2022-02-23,2.3549566,218.58871
0.49402538,-32.5,115.5,2022-02-24,2.2917838,218.5713
0.49402538,-32.5,115.5,2022-02-25,2.2632792,218.49051
0.49402538,-32.5,115.5,2022-02-26,2.286576,218.44511
0.49402538,-32.5,115.5,2022-02-27,2.2018535,218.48596
0.49402538,-32.5,115.5,2022-02-28,2.20123,218.56624
0.49402538,-32.5,115.5,2022-03-01,2.1572232,218.54984
0.49402538,-32.5,115.5,2022-03-02,2.2349222,218.65846
0.49402538,-32.5,115.5,2022-03-03,2.1466248,219.02502
0.49402538,-32.5,115.5,2022-03-04,1.9962704,219.45128
0.49402538,-32.5,115.5,2022-03-05,1.9321285,219.73094
0.49402538,-32.5,115.5,2022-03-06,1.9566267,219.76971
0.49402538,-32.5,115.5,2022-03-07,1.9405216,219.6906
0.49402538,-32.5,115.5,2022-03-08,2.0011823,219.6714
0.49402538,-32.5,115.5,2022-03-09,2.1080801,219.67062
0.49402538,-32.5,115.5,2022-03-10,2.2502615,219.57762
0.49402538,-32.5,115.5,2022-03-11,2.4361804,219.34126
0.49402538,-32.5,115.5,2022-03-12,2.4308777,219.07393
0.49402538,-32.5,115.5,2022-03-13,2.6777291,218.85637
0.49402538,-32.5,115.5,2022-03-14,2.3921041,218.51984
0.49402538,-32.5,115.5,2022-03-15,1.8898022,218.27295
0.49402538,-32.5,115.5,2022-03-16,1.7811779,218.29744
0.49402538,-32.5,115.5,2022-03-17,1.9037869,218.25389
0.49402538,-32.5,115.5,2022-03-18,1.8160269,218.26685
0.49402538,-32.5,115.5,2022-03-19,1.9626607,218.58115
0.49402538,-32.5,115.5,2022-03-20,2.0169442,218.53952
0.49402538,-32.5,115.5,2022-03-21,1.9838793,218.55832
0.49402538,-32.5,115.5,2022-03-22,1.9089451,218.6831
0.49402538,-32.5,115.5,2022-03-23,1.8187121,218.88953
0.49402538,-32.5,115.5,2022-03-24,1.7828457,219.07843
0.49402538,-32.5,115.5,2022-03-25,2.0655072,219.11548
0.49402538,-32.5,115.5,2022-03-26,2.007137,218.94359
0.49402538,-32.5,115.5,2022-03-27,1.856522,218.89159
0.49402538,-32.5,115.5,2022-03-28,1.8276461,218.95312
0.49402538,-32.5,115.5,2022-03-29,1.8010894,219.09695
0.49402538,-32.5,115.5,2022-03-30,1.9137167,219.14734
0.49402538,-32.5,115.5,2022-03-31,2.0014951,218.98102
0.49402538,-32.5,115.5,2022-04-01,1.9749756,218.7064
0.49402538,-32.5,115.5,2022-04-02,2.2314332,218.36282
0.49402538,-32.5,115.5,2022-04-03,1.9981534,218.03636
0.49402538,-32.5,115.5,2022-04-04,2.0315979,218.18437
0.49402538,-32.5,115.5,2022-04-05,1.959646,218.49483
0.49402538,-32.5,115.5,2022-04-06,1.8839036,218.78368
0.49402538,-32.5,115.5,2022-04-07,1.9085101,218.97745
0.49402538,-32.5,115.5,2022-04-08,1.817477,219.07536
0.49402538,-32.5,115.5,2022-04-09,1.864379,219.16936
0.49402538,-32.5,115.5,2022-04-10,1.794653,219.26004
0.49402538,-32.5,115.5,2022-04-11,1.8465892,219.44055
0.49402538,-32.5,115.5,2022-04-12,1.8289187,219.71532
0.49402538,-32.5,115.5,2022-04-13,1.8198805,220.1823
0.49402538,-32.5,115.5,2022-04-14,1.7465122,220.58592
0.49402538,-32.5,115.5,2022-04-15,1.7141187,220.80856
0.49402538,-32.5,115.5,2022-04-16,1.7322072,221.06454
0.49402538,-32.5,115.5,2022-04-17,1.7680613,221.44131
0.49402538,-32.5,115.5,2022-04-18,1.6964762,221.75725
0.49402538,-32.5,115.5,2022-04-19,1.6694078,222.01865
0.49402538,-32.5,115.5,2022-04-20,1.7384994,222.2564
0.49402538,-32.5,115.5,2022-04-21,1.7545067,222.50287
0.49402538,-32.5,115.5,2022-04-22,1.7808551,222.53821
0.49402538,-32.5,115.5,2022-04-23,1.8120464,222.28474
0.49402538,-32.5,115.5,2022-04-24,1.7616895,221.9826
0.49402538,-32.5,115.5,2022-04-25,1.5824285,221.67209
0.49402538,-32.5,115.5,2022-04-26,1.7784202,221.52328
0.49402538,-32.5,115.5,2022-04-27,1.8427644,221.61087
0.49402538,-32.5,115.5,2022-04-28,1.9641211,221.9912
0.49402538,-32.5,115.5,2022-04-29,1.9613366,222.55737
0.49402538,-32.5,115.5,2022-04-30,1.9830478,223.13539
0.49402538,-32.5,115.5,2022-05-01,1.9996893,223.58391
0.49402538,-32.5,115.5,2022-05-02,2.0003738,224.03503
0.49402538,-32.5,115.5,2022-05-03,2.190367,224.42715
0.49402538,-32.5,115.5,2022-05-04,2.3299587,225.02382
0.49402538,-32.5,115.5,2022-05-05,2.3226354,225.46515
0.49402538,-32.5,115.5,2022-05-06,2.2481475,225.70401
0.49402538,-32.5,115.5,2022-05-07,2.2303789,225.55745
0.49402538,-32.5,115.5,2022-05-08,2.4410846,225.15442
0.49402538,-32.5,115.5,2022-05-09,2.6141293,224.9386
0.49402538,-32.5,115.5,2022-05-10,2.3653834,225.29124
0.49402538,-32.5,115.5,2022-05-11,2.1362064,225.75983
0.49402538,-32.5,115.5,2022-05-12,1.926512,225.88474
0.49402538,-32.5,115.5,2022-05-13,3.3623614,226.86037
0.49402538,-32.5,115.5,2022-05-14,2.7074637,228.33585
0.49402538,-32.5,115.5,2022-05-15,2.6553812,228.9879
0.49402538,-32.5,115.5,2022-05-16,2.873087,228.8118
0.49402538,-32.5,115.5,2022-05-17,2.7474153,228.13258
0.49402538,-32.5,115.5,2022-05-18,2.9128969,226.24417
0.49402538,-32.5,115.5,2022-05-19,3.5240314,224.74345
0.49402538,-32.5,115.5,2022-05-20,3.8478246,224.7294
0.49402538,-32.5,115.5,2022-05-21,4.258488,224.68214
0.49402538,-32.5,115.5,2022-05-22,3.7278953,223.91512
0.49402538,-32.5,115.5,2022-05-23,4.389765,223.91115
0.49402538,-32.5,115.5,2022-05-24,4.5494,224.18878
0.49402538,-32.5,115.5,2022-05-25,4.7122645,224.31186
0.49402538,-32.5,115.5,2022-05-26,4.8518066,224.37436
0.49402538,-32.5,115.5,2022-05-27,4.8715825,224.41267
0.49402538,-32.5,115.5,2022-05-28,5.0685477,224.76143
0.49402538,-32.5,115.5,2022-05-29,5.065073,225.81163
0.49402538,-32.5,115.5,2022-05-30,5.450742,226.775
0.49402538,-32.5,115.5,2022-05-31,5.4742374,227.20839
0.49402538,-32.5,115.5,2022-06-01,5.6438875,227.53444
0.49402538,-32.5,115.5,2022-06-02,5.87251,227.72192
0.49402538,-32.5,115.5,2022-06-03,6.2764444,227.6532
0.49402538,-32.5,115.5,2022-06-04,6.518902,227.4593
0.49402538,-32.5,115.5,2022-06-05,7.459466,227.50682
0.49402538,-32.5,115.5,2022-06-06,7.7742014,227.69923
0.49402538,-32.5,115.5,2022-06-07,7.9341855,227.84828
0.49402538,-32.5,115.5,2022-06-08,7.3746266,227.89568
0.49402538,-32.5,115.5,2022-06-09,7.1472,227.807
0.49402538,-32.5,115.5,2022-06-10,7.514472,227.70781
0.49402538,-32.5,115.5,2022-06-11,9.64408,227.63869
0.49402538,-32.5,115.5,2022-06-12,9.402842,227.95242
0.49402538,-32.5,115.5,2022-06-13,9.820668,228.65778
0.49402538,-32.5,115.5,2022-06-14,9.8482065,229.02327
0.49402538,-32.5,115.5,2022-06-15,9.227619,228.69463
0.49402538,-32.5,115.5,2022-06-16,10.524507,228.15233
0.49402538,-32.5,115.5,2022-06-17,10.696117,227.90872
0.49402538,-32.5,115.5,2022-06-18,10.930837,228.24489
0.49402538,-32.5,115.5,2022-06-19,10.947082,228.91467
0.49402538,-32.5,115.5,2022-06-20,11.310858,229.36626
0.49402538,-32.5,115.5,2022-06-21,11.223186,229.35901
0.49402538,-32.5,115.5,2022-06-22,11.836535,228.84248
0.49402538,-32.5,115.5,2022-06-23,9.927667,227.95189
0.49402538,-32.5,115.5,2022-06-24,14.061797,227.34686
0.49402538,-32.5,115.5,2022-06-25,14.094606,227.19447
0.49402538,-32.5,115.5,2022-06-26,15.200422,227.21187
0.49402538,-32.5,115.5,2022-06-27,14.297183,227.53297
0.49402538,-32.5,115.5,2022-06-28,15.297882,227.90593
0.49402538,-32.5,115.5,2022-06-29,15.494488,228.16121
0.49402538,-32.5,115.5,2022-06-30,15.705287,228.17137
0.49402538,-32.5,115.5,2022-07-01,16.02783,227.80336
0.49402538,-32.5,115.5,2022-07-02,16.320913,227.65259
0.49402538,-32.5,115.5,2022-07-03,17.120277,227.95946
0.49402538,-32.5,115.5,2022-07-04,16.198643,228.14468
0.49402538,-32.5,115.5,2022-07-05,10.821777,227.7167
0.49402538,-32.5,115.5,2022-07-06,16.60043,227.2511
0.49402538,-32.5,115.5,2022-07-07,14.810196,226.95334
0.49402538,-32.5,115.5,2022-07-08,15.8929405,226.96112
0.49402538,-32.5,115.5,2022-07-09,11.058748,227.3704
0.49402538,-32.5,115.5,2022-07-10,15.590704,227.71234
0.49402538,-32.5,115.5,2022-07-11,17.288237,228.14525
0.49402538,-32.5,115.5,2022-07-12,17.723991,228.8325
0.49402538,-32.5,115.5,2022-07-13,18.72026,229.47403
0.49402538,-32.5,115.5,2022-07-14,17.65176,229.75874
0.49402538,-32.5,115.5,2022-07-15,18.013933,229.84883
0.49402538,-32.5,115.5,2022-07-16,17.611832,230.02115
0.49402538,-32.5,115.5,2022-07-17,11.968468,229.80666
0.49402538,-32.5,115.5,2022-07-18,18.479162,229.89468
0.49402538,-32.5,115.5,2022-07-19,19.372272,230.22523
0.49402538,-32.5,115.5,2022-07-20,16.393272,230.4629
0.49402538,-32.5,115.5,2022-07-21,17.55626,230.83131
0.49402538,-32.5,115.5,2022-07-22,16.204563,231.34596
0.49402538,-32.5,115.5,2022-07-23,14.463606,232.23361
0.49402538,-32.5,115.5,2022-07-24,18.151316,233.2409
0.49402538,-32.5,115.5,2022-07-25,17.366629,233.88026
0.49402538,-32.5,115.5,2022-07-26,16.78895,233.87123
0.49402538,-32.5,115.5,2022-07-27,19.402353,233.12901
0.49402538,-32.5,115.5,2022-07-28,20.021648,232.6813
0.49402538,-32.5,115.5,2022-07-29,20.233698,233.03967
0.49402538,-32.5,115.5,2022-07-30,20.096497,234.07098
0.49402538,-32.5,115.5,2022-07-31,18.736376,234.63582
0.49402538,-32.5,115.5,2022-08-01,19.036581,234.92403
0.49402538,-32.5,115.5,2022-08-02,18.352184,235.91127
0.49402538,-32.5,115.5,2022-08-03,19.296354,237.29968
0.49402538,-32.5,115.5,2022-08-04,19.746532,238.61986
0.49402538,-32.5,115.5,2022-08-05,18.821499,239.51953
0.49402538,-32.5,115.5,2022-08-06,19.944714,239.70424
0.49402538,-32.5,115.5,2022-08-07,20.223728,238.87682
0.49402538,-32.5,115.5,2022-08-08,17.131325,237.6098
0.49402538,-32.5,115.5,2022-08-09,20.237144,237.52003
0.49402538,-32.5,115.5,2022-08-10,21.272297,238.35893
0.49402538,-32.5,115.5,2022-08-11,22.899437,239.20853
0.49402538,-32.5,115.5,2022-08-12,22.93122,239.36263
0.49402538,-32.5,115.5,2022-08-13,18.0541,238.6893
0.49402538,-32.5,115.5,2022-08-14,21.723019,237.88321
0.49402538,-32.5,115.5,2022-08-15,21.548557,237.72878
0.49402538,-32.5,115.5,2022-08-16,20.875986,237.52278
0.49402538,-32.5,115.5,2022-08-17,19.385376,237.12915
0.49402538,-32.5,115.5,2022-08-18,20.521088,237.11932
0.49402538,-32.5,115.5,2022-08-19,20.679457,237.66566
0.49402538,-32.5,115.5,2022-08-20,23.449581,238.45424
0.49402538,-32.5,115.5,2022-08-21,23.338982,238.80838
0.49402538,-32.5,115.5,2022-08-22,24.589125,239.19405
0.49402538,-32.5,115.5,2022-08-23,24.006268,239.58824
0.49402538,-32.5,115.5,2022-08-24,21.787134,238.93274
0.49402538,-32.5,115.5,2022-08-25,21.947084,237.38806
0.49402538,-32.5,115.5,2022-08-26,22.241302,236.59808
0.49402538,-32.5,115.5,2022-08-27,22.372673,236.81895
0.49402538,-32.5,115.5,2022-08-28,21.651445,237.83571
0.49402538,-32.5,115.5,2022-08-29,22.666517,238.76274
0.49402538,-32.5,115.5,2022-08-30,22.460772,239.18384
0.49402538,-32.5,115.5,2022-08-31,22.499355,239.51901
0.49402538,-32.5,115.5,2022-09-01,22.38564,239.96716
0.49402538,-32.5,115.5,2022-09-02,21.15873,239.88779
0.49402538,-32.5,115.5,2022-09-03,17.584873,239.50641
0.49402538,-32.5,115.5,2022-09-04,21.828272,239.21718
0.49402538,-32.5,115.5,2022-09-05,24.412743,239.33157
0.49402538,-32.5,115.5,2022-09-06,23.479645,239.61687
0.49402538,-32.5,115.5,2022-09-07,22.201365,239.6192
0.49402538,-32.5,115.5,2022-09-08,21.190908,239.4647
0.49402538,-32.5,115.5,2022-09-09,21.561686,239.34892
0.49402538,-32.5,115.5,2022-09-10,20.625204,239.31622
0.49402538,-32.5,115.5,2022-09-11,21.154648,239.60225
0.49402538,-32.5,115.5,2022-09-12,20.566296,238.85855
0.49402538,-32.5,115.5,2022-09-13,22.621717,238.05629
0.49402538,-32.5,115.5,2022-09-14,21.51542,238.74146
0.49402538,-32.5,115.5,2022-09-15,20.76365,240.0581
0.49402538,-32.5,115.5,2022-09-16,19.668999,241.13531
0.49402538,-32.5,115.5,2022-09-17,18.246532,241.67758
0.49402538,-32.5,115.5,2022-09-18,19.375723,241.6513
0.49402538,-32.5,115.5,2022-09-19,22.279507,241.63728
0.49402538,-32.5,115.5,2022-09-20,20.012276,242.23497
0.49402538,-32.5,115.5,2022-09-21,19.835493,242.66988
0.49402538,-32.5,115.5,2022-09-22,19.585855,242.75601
0.49402538,-32.5,115.5,2022-09-23,19.05775,242.61554
0.49402538,-32.5,115.5,2022-09-24,20.148962,242.59552
0.49402538,-32.5,115.5,2022-09-25,18.55992,242.8383
0.49402538,-32.5,115.5,2022-09-26,18.730537,243.1048
0.49402538,-32.5,115.5,2022-09-27,18.304811,243.37192
0.49402538,-32.5,115.5,2022-09-28,17.422628,243.46329
0.49402538,-32.5,115.5,2022-09-29,17.155964,243.25739
0.49402538,-32.5,115.5,2022-09-30,16.818125,242.86952
0.49402538,-32.5,115.5,2022-10-01,19.419214,242.60297
0.49402538,-32.5,115.5,2022-10-02,20.613447,242.46844
0.49402538,-32.5,115.5,2022-10-03,18.643305,242.50409
0.49402538,-32.5,115.5,2022-10-04,16.738329,242.17174
0.49402538,-32.5,115.5,2022-10-05,18.329245,242.0341
0.49402538,-32.5,115.5,2022-10-06,18.629642,242.3147
0.49402538,-32.5,115.5,2022-10-07,16.9489,242.82251
0.49402538,-32.5,115.5,2022-10-08,15.502288,243.17953
0.49402538,-32.5,115.5,2022-10-09,15.922311,243.22542
0.49402538,-32.5,115.5,2022-10-10,19.056189,243.39969
0.49402538,-32.5,115.5,2022-10-11,16.835943,243.80273
0.49402538,-32.5,115.5,2022-10-12,16.107271,244.0005
0.49402538,-32.5,115.5,2022-10-13,14.755953,244.1183
0.49402538,-32.5,115.5,2022-10-14,14.0641,244.17665
0.49402538,-32.5,115.5,2022-10-15,13.16972,244.05089
0.49402538,-32.5,115.5,2022-10-16,13.661286,243.83794
0.49402538,-32.5,115.5,2022-10-17,14.451259,243.74155
0.49402538,-32.5,115.5,2022-10-18,13.225621,243.67851
0.49402538,-32.5,115.5,2022-10-19,12.390955,243.38924
0.49402538,-32.5,115.5,2022-10-20,11.835845,242.976
0.49402538,-32.5,115.5,2022-10-21,11.868263,242.53725
0.49402538,-32.5,115.5,2022-10-22,11.8948145,241.94476
0.49402538,-32.5,115.5,2022-10-23,10.5581455,241.34474
0.49402538,-32.5,115.5,2022-10-24,14.076197,241.22954
0.49402538,-32.5,115.5,2022-10-25,16.100073,241.29877
0.49402538,-32.5,115.5,2022-10-26,13.221526,241.1898
0.49402538,-32.5,115.5,2022-10-27,13.0986185,240.93674
0.49402538,-32.5,115.5,2022-10-28,12.825428,240.57875
0.49402538,-32.5,115.5,2022-10-29,12.641475,240.17271
0.49402538,-32.5,115.5,2022-10-30,13.360173,239.98871
0.49402538,-32.5,115.5,2022-10-31,11.635107,239.96681
0.49402538,-32.5,115.5,2022-11-01,10.651054,239.96944
0.49402538,-32.5,115.5,2022-11-02,9.821292,239.9462
0.49402538,-32.5,115.5,2022-11-03,9.892967,239.89917
0.49402538,-32.5,115.5,2022-11-04,9.744425,239.73933
0.49402538,-32.5,115.5,2022-11-05,9.971922,239.57848
0.49402538,-32.5,115.5,2022-11-06,9.932472,239.50275
0.49402538,-32.5,115.5,2022-11-07,9.474013,239.42
0.49402538,-32.5,115.5,2022-11-08,8.765914,239.31955
0.49402538,-32.5,115.5,2022-11-09,8.568058,239.16139
0.49402538,-32.5,115.5,2022-11-10,9.545009,238.86206
0.49402538,-32.5,115.5,2022-11-11,11.887812,238.70117
0.49402538,-32.5,115.5,2022-11-12,10.016478,238.49013
0.49402538,-32.5,115.5,2022-11-13,9.154544,238.25247
0.49402538,-32.5,115.5,2022-11-14,8.554648,238.07626
0.49402538,-32.5,115.5,2022-11-15,7.6887636,237.89891
0.49402538,-32.5,115.5,2022-11-16,7.2560062,237.67337
0.49402538,-32.5,115.5,2022-11-17,8.47088,237.55145
0.49402538,-32.5,115.5,2022-11-18,9.325965,237.52034
0.49402538,-32.5,115.5,2022-11-19,8.106191,237.60107
0.49402538,-32.5,115.5,2022-11-20,7.4601703,237.6753
0.49402538,-32.5,115.5,2022-11-21,6.873315,237.6169
0.49402538,-32.5,115.5,2022-11-22,6.786562,237.37308
0.49402538,-32.5,115.5,2022-11-23,6.783458,237.01038
0.49402538,-32.5,115.5,2022-11-24,6.729312,236.58853
0.49402538,-32.5,115.5,2022-11-25,6.460866,236.18239
0.49402538,-32.5,115.5,2022-11-26,6.2204237,235.87323
0.49402538,-32.5,115.5,2022-11-27,6.9783835,235.90169
0.49402538,-32.5,115.5,2022-11-28,6.624792,235.81941
0.49402538,-32.5,115.5,2022-11-29,6.290797,235.39941
0.49402538,-32.5,115.5,2022-11-30,6.3078914,234.73946
0.49402538,-32.5,115.5,2022-12-01,5.966253,234.17789
0.49402538,-32.5,115.5,2022-12-02,5.6792283,233.86493
0.49402538,-32.5,115.5,2022-12-03,6.0184608,233.76694
0.49402538,-32.5,115.5,2022-12-04,6.61285,233.60626
0.49402538,-32.5,115.5,2022-12-05,6.708454,233.4022
0.49402538,-32.5,115.5,2022-12-06,6.7973647,233.24976
0.49402538,-32.5,115.5,2022-12-07,5.9860277,233.063
0.49402538,-32.5,115.5,2022-12-08,5.6394796,232.9468
0.49402538,-32.5,115.5,2022-12-09,5.4839087,232.78871
0.49402538,-32.5,115.5,2022-12-10,6.003005,232.69597
0.49402538,-32.5,115.5,2022-12-11,6.185576,232.677
0.49402538,-32.5,115.5,2022-12-12,5.7891135,232.66316
0.49402538,-32.5,115.5,2022-12-13,5.585614,232.67154
0.49402538,-32.5,115.5,2022-12-14,5.2092423,232.53328
0.49402538,-32.5,115.5,2022-12-15,4.9822454,232.29459
0.49402538,-32.5,115.5,2022-12-16,4.950907,232.08084
0.49402538,-32.5,115.5,2022-12-17,4.8369994,231.80981
0.49402538,-32.5,115.5,2022-12-18,4.768237,231.34778
0.49402538,-32.5,115.5,2022-12-19,4.619831,230.947
0.49402538,-32.5,115.5,2022-12-20,4.59243,230.56306
0.49402538,-32.5,115.5,2022-12-21,4.690764,230.10823
0.49402538,-32.5,115.5,2022-12-22,4.8135166,229.54584
0.49402538,-32.5,115.5,2022-12-23,4.727677,228.93753
0.49402538,-32.5,115.5,2022-12-24,4.4158845,228.671
0.49402538,-32.5,115.5,2022-12-25,4.6115603,228.77754
0.49402538,-32.5,115.5,2022-12-26,5.5037737,229.04047
0.49402538,-32.5,115.5,2022-12-27,5.9874506,229.08418
0.49402538,-32.5,115.5,2022-12-28,5.317365,229.01866
0.49402538,-32.5,115.5,2022-12-29,4.9329343,228.81096
0.49402538,-32.5,115.5,2022-12-30,4.792835,228.39891
0.49402538,-32.5,115.5,2022-12-31,5.4123106,228.26166
0.49402538,-32.5,115.5,2023-01-01,5.5418425,228.10184
0.49402538,-32.5,115.5,2023-01-02,4.915623,228.07227
0.49402538,-32.5,115.5,2023-01-03,4.4811726,227.99654
0.49402538,-32.5,115.5,2023-01-04,4.3424287,227.77438
0.49402538,-32.5,115.5,2023-01-05,4.5010877,227.47408
0.49402538,-32.5,115.5,2023-01-06,4.558438,227.34395
0.49402538,-32.5,115.5,2023-01-07,4.977816,227.28368
0.49402538,-32.5,115.5,2023-01-08,4.2809224,227.33047
0.49402538,-32.5,115.5,2023-01-09,3.7437456,227.29944
0.49402538,-32.5,115.5,2023-01-10,3.5299695,227.11012
0.49402538,-32.5,115.5,2023-01-11,3.4685352,226.99814
0.49402538,-32.5,115.5,2023-01-12,3.4030063,226.83098
0.49402538,-32.5,115.5,2023-01-13,3.6396523,226.67339
0.49402538,-32.5,115.5,2023-01-14,3.539665,226.65152
0.49402538,-32.5,115.5,2023-01-15,3.4973452,226.74397
0.49402538,-32.5,115.5,2023-01-16,3.71513,226.98692
0.49402538,-32.5,115.5,2023-01-17,3.4400597,227.36237
0.49402538,-32.5,115.5,2023-01-18,3.1420488,227.67703
0.49402538,-32.5,115.5,2023-01-19,3.144135,227.67871
0.49402538,-32.5,115.5,2023-01-20,3.518212,227.15056
0.49402538,-32.5,115.5,2023-01-21,4.09057,226.32341
0.49402538,-32.5,115.5,2023-01-22,4.3398714,225.56717
0.49402538,-32.5,115.5,2023-01-23,3.798787,224.8701
0.49402538,-32.5,115.5,2023-01-24,3.0890186,224.79451
0.49402538,-32.5,115.5,2023-01-25,2.98723,224.89906
0.49402538,-32.5,115.5,2023-01-26,2.9670956,225.0251
0.49402538,-32.5,115.5,2023-01-27,3.136394,225.24498
0.49402538,-32.5,115.5,2023-01-28,3.2227747,225.38222
0.49402538,-32.5,115.5,2023-01-29,3.058659,225.40427
0.49402538,-32.5,115.5,2023-01-30,2.9941616,225.2009
0.49402538,-32.5,115.5,2023-01-31,2.9734516,224.91292
0.49402538,-32.5,115.5,2023-02-01,3.0019312,224.69586
0.49402538,-32.5,115.5,2023-02-02,2.9589674,224.61961
0.49402538,-32.5,115.5,2023-02-03,3.0138063,224.40164
0.49402538,-32.5,115.5,2023-02-04,3.2864552,223.93678
0.49402538,-32.5,115.5,2023-02-05,3.2815487,223.27042
0.49402538,-32.5,115.5,2023-02-06,2.8323467,223.08627
0.49402538,-32.5,115.5,2023-02-07,2.784108,222.95369
0.49402538,-32.5,115.5,2023-02-08,2.875284,222.85405
0.49402538,-32.5,115.5,2023-02-09,2.8686213,222.80522
0.49402538,-32.5,115.5,2023-02-10,2.971574,222.73376
0.49402538,-32.5,115.5,2023-02-11,3.1345835,222.73805
0.49402538,-32.5,115.5,2023-02-12,2.9271104,222.73065
0.49402538,-32.5,115.5,2023-02-13,2.871155,222.66782
0.49402538,-32.5,115.5,2023-02-14,2.8562493,222.78708
0.49402538,-32.5,115.5,2023-02-15,2.7904665,222.90237
0.49402538,-32.5,115.5,2023-02-16,2.8604383,222.9144
0.49402538,-32.5,115.5,2023-02-17,2.7706757,222.81459
0.49402538,-32.5,115.5,2023-02-18,2.7157466,222.7873
0.49402538,-32.5,115.5,2023-02-19,2.6717775,222.8287
0.49402538,-32.5,115.5,2023-02-20,2.6803033,222.67987
0.49402538,-32.5,115.5,2023-02-21,2.7258544,222.23012
0.49402538,-32.5,115.5,2023-02-22,2.6599977,222.1281
0.49402538,-32.5,115.5,2023-02-23,2.8981688,222.22438
0.49402538,-32.5,115.5,2023-02-24,2.653417,222.49599
0.49402538,-32.5,115.5,2023-02-25,2.4488225,222.73088
0.49402538,-32.5,115.5,2023-02-26,2.467007,222.65778
0.49402538,-32.5,115.5,2023-02-27,2.5126576,222.3144
0.49402538,-32.5,115.5,2023-02-28,2.4990225,221.9669
0.49402538,-32.5,115.5,2023-03-01,2.680995,221.69727
0.49402538,-32.5,115.5,2023-03-02,2.6878726,221.3963
0.49402538,-32.5,115.5,2023-03-03,2.4420338,221.24449
0.49402538,-32.5,115.5,2023-03-04,2.5910118,221.461
0.49402538,-32.5,115.5,2023-03-05,2.6246443,221.58568
0.49402538,-32.5,115.5,2023-03-06,2.5116093,221.79388
0.49402538,-32.5,115.5,2023-03-07,2.3725178,222.00044
0.49402538,-32.5,115.5,2023-03-08,2.2743938,222.09392
0.49402538,-32.5,115.5,2023-03-09,2.3414311,222.02124
0.49402538,-32.5,115.5,2023-03-10,2.2724056,221.92313
0.49402538,-32.5,115.5,2023-03-11,2.3091605,221.82843
0.49402538,-32.5,115.5,2023-03-12,2.2920563,221.64758
0.49402538,-32.5,115.5,2023-03-13,2.2314293,221.62643
0.49402538,-32.5,115.5,2023-03-14,2.342263,221.7274
0.49402538,-32.5,115.5,2023-03-15,2.456301,221.76437
0.49402538,-32.5,115.5,2023-03-16,2.171523,221.53378
0.49402538,-32.5,115.5,2023-03-17,2.490656,221.51147
0.49402538,-32.5,115.5,2023-03-18,2.3114305,221.54616
0.49402538,-32.5,115.5,2023-03-19,2.1935153,221.608
0.49402538,-32.5,115.5,2023-03-20,2.1050773,221.595
0.49402538,-32.5,115.5,2023-03-21,2.0952768,221.482
0.49402538,-32.5,115.5,2023-03-22,2.1004152,221.31975
0.49402538,-32.5,115.5,2023-03-23,2.2013044,221.19319
0.49402538,-32.5,115.5,2023-03-24,2.1424925,221.09264
0.49402538,-32.5,115.5,2023-03-25,2.0984282,220.8608
0.49402538,-32.5,115.5,2023-03-26,2.239575,220.80925
0.49402538,-32.5,115.5,2023-03-27,2.2721362,220.7998
0.49402538,-32.5,115.5,2023-03-28,2.180823,220.89067
0.49402538,-32.5,115.5,2023-03-29,2.0995934,221.01578
0.49402538,-32.5,115.5,2023-03-30,2.0490575,221.04497
0.49402538,-32.5,115.5,2023-03-31,2.225832,221.03082
0.49402538,-32.5,115.5,2023-04-01,2.222425,220.97238
0.49402538,-32.5,115.5,2023-04-02,2.1670253,220.90356
0.49402538,-32.5,115.5,2023-04-03,2.2008862,220.9386
0.49402538,-32.5,115.5,2023-04-04,2.235816,221.15117
0.49402538,-32.5,115.5,2023-04-05,2.203403,221.44923
0.49402538,-32.5,115.5,2023-04-06,2.1347923,221.68417
0.49402538,-32.5,115.5,2023-04-07,2.1271255,221.76685
0.49402538,-32.5,115.5,2023-04-08,2.2756693,221.8445
0.49402538,-32.5,115.5,2023-04-09,2.155567,221.94582
0.49402538,-32.5,115.5,2023-04-10,2.2771535,222.10867
0.49402538,-32.5,115.5,2023-04-11,2.1684482,222.35237
0.49402538,-32.5,115.5,2023-04-12,2.1348376,222.58148
0.49402538,-32.5,115.5,2023-04-13,2.3181987,223.07454
0.49402538,-32.5,115.5,2023-04-14,2.374674,224.08847
0.49402538,-32.5,115.5,2023-04-15,2.0767083,224.91885
0.49402538,-32.5,115.5,2023-04-16,1.9641798,225.33838
0.49402538,-32.5,115.5,2023-04-17,1.9605138,225.60515
0.49402538,-32.5,115.5,2023-04-18,2.0533228,225.80882
0.49402538,-32.5,115.5,2023-04-19,1.940465,225.95064
0.49402538,-32.5,115.5,2023-04-20,1.964722,225.5906
0.49402538,-32.5,115.5,2023-04-21,2.026687,224.92015
0.49402538,-32.5,115.5,2023-04-22,2.1539712,224.2975
0.49402538,-32.5,115.5,2023-04-23,1.9630893,223.69998
0.49402538,-32.5,115.5,2023-04-24,1.7255685,223.52568
0.49402538,-32.5,115.5,2023-04-25,2.1530948,224.07178
0.49402538,-32.5,115.5,2023-04-26,2.6463592,224.9713
0.49402538,-32.5,115.5,2023-04-27,2.3495512,225.94034
0.49402538,-32.5,115.5,2023-04-28,2.2956073,226.84491
0.49402538,-32.5,115.5,2023-04-29,2.2103515,227.66699
0.49402538,-32.5,115.5,2023-04-30,2.1831229,228.28044
0.49402538,-32.5,115.5,2023-05-01,2.1837635,228.69203
0.49402538,-32.5,115.5,2023-05-02,2.244008,228.96227
0.49402538,-32.5,115.5,2023-05-03,2.1934562,228.61606
0.49402538,-32.5,115.5,2023-05-04,2.2320447,227.93398
0.49402538,-32.5,115.5,2023-05-05,2.3395462,227.80478
0.49402538,-32.5,115.5,2023-05-06,2.1555805,227.4945
0.49402538,-32.5,115.5,2023-05-07,3.0546637,227.2262
0.49402538,-32.5,115.5,2023-05-08,3.5276008,227.09207
0.49402538,-32.5,115.5,2023-05-09,3.1382582,226.98676
0.49402538,-32.5,115.5,2023-05-10,3.1191263,227.26163
0.49402538,-32.5,115.5,2023-05-11,3.1797638,227.59195
0.49402538,-32.5,115.5,2023-05-12,3.2653356,227.5263
0.49402538,-32.5,115.5,2023-05-13,3.1470523,227.58092
0.49402538,-32.5,115.5,2023-05-14,3.0912843,227.59949
0.49402538,-32.5,115.5,2023-05-15,3.1170444,227.49284
0.49402538,-32.5,115.5,2023-05-16,3.0458398,227.3418
0.49402538,-32.5,115.5,2023-05-17,3.0856802,227.16794
0.49402538,-32.5,115.5,2023-05-18,3.5563107,227.01704
0.49402538,-32.5,115.5,2023-05-19,4.0038133,227.01488
0.49402538,-32.5,115.5,2023-05-20,4.099591,227.04056
0.49402538,-32.5,115.5,2023-05-21,4.09915,227.11273
0.49402538,-32.5,115.5,2023-05-22,4.3083696,227.04327
0.49402538,-32.5,115.5,2023-05-23,4.5888224,227.05264
0.49402538,-32.5,115.5,2023-05-24,5.0284405,227.42499
0.49402538,-32.5,115.5,2023-05-25,5.1551476,228.0794
0.49402538,-32.5,115.5,2023-05-26,5.222251,228.58618
0.49402538,-32.5,115.5,2023-05-27,5.324601,228.64708
0.49402538,-32.5,115.5,2023-05-28,5.28234,228.3011
0.49402538,-32.5,115.5,2023-05-29,4.67619,228.14061
0.49402538,-32.5,115.5,2023-05-30,5.714468,228.29681
0.49402538,-32.5,115.5,2023-05-31,6.3529587,228.16306
0.49402538,-32.5,115.5,2023-06-01,7.0397353,227.97397
0.49402538,-32.5,115.5,2023-06-02,7.225781,228.38657
0.49402538,-32.5,115.5,2023-06-03,7.464988,228.71889
0.49402538,-32.5,115.5,2023-06-04,6.499512,228.9926
0.49402538,-32.5,115.5,2023-06-05,6.235413,229.20432
0.49402538,-32.5,115.5,2023-06-06,7.8961225,229.76117
0.49402538,-32.5,115.5,2023-06-07,7.883075,230.73703
0.49402538,-32.5,115.5,2023-06-08,8.887818,231.32983
0.49402538,-32.5,115.5,2023-06-09,8.894721,231.36778
0.49402538,-32.5,115.5,2023-06-10,8.764221,231.49063
0.49402538,-32.5,115.5,2023-06-11,9.713681,232.2947
0.49402538,-32.5,115.5,2023-06-12,9.4012575,233.20421
0.49402538,-32.5,115.5,2023-06-13,9.952574,233.77888
0.49402538,-32.5,115.5,2023-06-14,9.954317,234.15489
0.49402538,-32.5,115.5,2023-06-15,9.795522,234.71533
0.49402538,-32.5,115.5,2023-06-16,9.929372,235.31732
0.49402538,-32.5,115.5,2023-06-17,10.52949,234.90556
0.49402538,-32.5,115.5,2023-06-18,9.931395,234.24165
0.49402538,-32.5,115.5,2023-06-19,10.505108,234.05806
0.49402538,-32.5,115.5,2023-06-20,11.404331,234.61829
0.49402538,-32.5,115.5,2023-06-21,11.521145,235.99733
0.49402538,-32.5,115.5,2023-06-22,10.877319,237.97919
0.49402538,-32.5,115.5,2023-06-23,10.6108885,240.10889
0.49402538,-32.5,115.5,2023-06-24,10.858861,241.71863
0.49402538,-32.5,115.5,2023-06-25,12.101732,242.7514
0.49402538,-32.5,115.5,2023-06-26,12.155189,243.40546
0.49402538,-32.5,115.5,2023-06-27,12.30048,243.8773
0.49402538,-32.5,115.5,2023-06-28,12.531733,244.20464
0.49402538,-32.5,115.5,2023-06-29,13.389656,243.7458
0.49402538,-32.5,115.5,2023-06-30,14.164977,242.31763
0.49402538,-32.5,115.5,2023-07-01,14.592323,240.69542
0.49402538,-32.5,115.5,2023-07-02,15.335099,239.84705
0.49402538,-32.5,115.5,2023-07-03,13.175256,239.88277
0.49402538,-32.5,115.5,2023-07-04,14.602938,240.70656
0.49402538,-32.5,115.5,2023-07-05,14.426927,241.95732
0.49402538,-32.5,115.5,2023-07-06,14.630879,243.12872
0.49402538,-32.5,115.5,2023-07-07,16.176403,244.1333
0.49402538,-32.5,115.5,2023-07-08,17.341537,244.76686
0.49402538,-32.5,115.5,2023-07-09,17.343885,244.36911
0.49402538,-32.5,115.5,2023-07-10,16.842102,243.01488
0.49402538,-32.5,115.5,2023-07-11,16.646765,241.45988
0.49402538,-32.5,115.5,2023-07-12,17.698313,240.1887
0.49402538,-32.5,115.5,2023-07-13,18.82276,239.72327
0.49402538,-32.5,115.5,2023-07-14,19.465147,239.93568
0.49402538,-32.5,115.5,2023-07-15,20.170153,240.30269
0.49402538,-32.5,115.5,2023-07-16,19.735691,240.2465
0.49402538,-32.5,115.5,2023-07-17,18.410984,239.65706
0.49402538,-32.5,115.5,2023-07-18,15.625678,238.78387
0.49402538,-32.5,115.5,2023-07-19,18.52087,238.86812
0.49402538,-32.5,115.5,2023-07-20,18.289839,239.61891
0.49402538,-32.5,115.5,2023-07-21,20.530293,240.42036
0.49402538,-32.5,115.5,2023-07-22,21.774385,241.2296
0.49402538,-32.5,115.5,2023-07-23,22.184599,241.63753
0.49402538,-32.5,115.5,2023-07-24,21.382189,241.4977
0.49402538,-32.5,115.5,2023-07-25,12.384672,240.40378
0.49402538,-32.5,115.5,2023-07-26,17.530466,239.79794
0.49402538,-32.5,115.5,2023-07-27,19.3336,240.36092
0.49402538,-32.5,115.5,2023-07-28,20.876429,241.20099
0.49402538,-32.5,115.5,2023-07-29,21.119534,241.88898
0.49402538,-32.5,115.5,2023-07-30,22.258602,242.19904
0.49402538,-32.5,115.5,2023-07-31,22.439915,241.69614
0.49402538,-32.5,115.5,2023-08-01,20.418333,240.10127
0.49402538,-32.5,115.5,2023-08-02,14.167386,238.54417
0.49402538,-32.5,115.5,2023-08-03,21.122183,238.19421
0.49402538,-32.5,115.5,2023-08-04,22.029142,238.88792
0.49402538,-32.5,115.5,2023-08-05,22.551746,239.46703
0.49402538,-32.5,115.5,2023-08-06,22.67212,239.90009
0.49402538,-32.5,115.5,2023-08-07,21.696344,240.10994
0.49402538,-32.5,115.5,2023-08-08,21.617619,239.90685
0.49402538,-32.5,115.5,2023-08-09,21.808187,240.03665
0.49402538,-32.5,115.5,2023-08-10,15.60564,239.91212
0.49402538,-32.5,115.5,2023-08-11,23.719246,240.29877
0.49402538,-32.5,115.5,2023-08-12,25.203938,240.8724
0.49402538,-32.5,115.5,2023-08-13,26.009468,241.54555
0.49402538,-32.5,115.5,2023-08-14,25.501091,241.83395
0.49402538,-32.5,115.5,2023-08-15,24.985043,241.86145
0.49402538,-32.5,115.5,2023-08-16,24.936874,242.13028
0.49402538,-32.5,115.5,2023-08-17,24.173439,242.67545
0.49402538,-32.5,115.5,2023-08-18,24.92582,243.05823
0.49402538,-32.5,115.5,2023-08-19,24.165688,243.20836
0.49402538,-32.5,115.5,2023-08-20,22.480629,242.9363
0.49402538,-32.5,115.5,2023-08-21,24.133465,243.1447
0.49402538,-32.5,115.5,2023-08-22,23.382324,243.637
0.49402538,-32.5,115.5,2023-08-23,25.29288,244.2573
0.49402538,-32.5,115.5,2023-08-24,27.071775,244.94052
0.49402538,-32.5,115.5,2023-08-25,26.566042,245.23505
0.49402538,-32.5,115.5,2023-08-26,26.832432,245.0973
0.49402538,-32.5,115.5,2023-08-27,25.637558,244.6333
0.49402538,-32.5,115.5,2023-08-28,25.902756,243.95828
0.49402538,-32.5,115.5,2023-08-29,25.33146,243.22723
0.49402538,-32.5,115.5,2023-08-30,25.655764,243.10173
0.49402538,-32.5,115.5,2023-08-31,24.48406,243.05026
0.49402538,-32.5,115.5,2023-09-01,22.550182,242.14026
0.49402538,-32.5,115.5,2023-09-02,29.727446,240.70369
0.49402538,-32.5,115.5,2023-09-03,29.800205,240.54128
0.49402538,-32.5,115.5,2023-09-04,25.872147,241.00348
0.49402538,-32.5,115.5,2023-09-05,24.576609,241.32881
0.49402538,-32.5,115.5,2023-09-06,24.541256,241.82135
0.49402538,-32.5,115.5,2023-09-07,22.094273,242.36714
0.49402538,-32.5,115.5,2023-09-08,20.132969,242.45941
0.49402538,-32.5,115.5,2023-09-09,20.158052,242.05548
0.49402538,-32.5,115.5,2023-09-10,19.858145,241.13527
0.49402538,-32.5,115.5,2023-09-11,18.975117,240.20218
0.49402538,-32.5,115.5,2023-09-12,17.764273,239.23746
0.49402538,-32.5,115.5,2023-09-13,17.441135,238.20464
0.49402538,-32.5,115.5,2023-09-14,18.611208,237.5394
0.49402538,-32.5,115.5,2023-09-15,17.481123,237.48738
0.49402538,-32.5,115.5,2023-09-16,16.531265,237.64954
0.49402538,-32.5,115.5,2023-09-17,16.810476,237.92488
0.49402538,-32.5,115.5,2023-09-18,17.375015,238.25294
0.49402538,-32.5,115.5,2023-09-19,16.893686,238.68527
0.49402538,-32.5,115.5,2023-09-20,17.391027,239.08028
0.49402538,-32.5,115.5,2023-09-21,16.818186,239.4078
0.49402538,-32.5,115.5,2023-09-22,17.008543,239.43077
0.49402538,-32.5,115.5,2023-09-23,17.006777,239.54184
0.49402538,-32.5,115.5,2023-09-24,16.924156,239.77695
0.49402538,-32.5,115.5,2023-09-25,16.42894,239.8912
0.49402538,-32.5,115.5,2023-09-26,15.814092,240.00276
0.49402538,-32.5,115.5,2023-09-27,16.450525,239.98083
0.49402538,-32.5,115.5,2023-09-28,15.435455,239.82968
0.49402538,-32.5,115.5,2023-09-29,14.359806,239.63559
0.49402538,-32.5,115.5,2023-09-30,15.239607,239.5699
0.49402538,-32.5,115.5,2023-10-01,18.247099,239.20723
0.49402538,-32.5,115.5,2023-10-02,17.473991,239.05695
0.49402538,-32.5,115.5,2023-10-03,15.415689,239.37254
0.49402538,-32.5,115.5,2023-10-04,14.705986,239.73706
0.49402538,-32.5,115.5,2023-10-05,13.645528,239.87613
0.49402538,-32.5,115.5,2023-10-06,13.248213,239.90456
0.49402538,-32.5,115.5,2023-10-07,15.278242,239.77165
0.49402538,-32.5,115.5,2023-10-08,15.393619,239.56964
0.49402538,-32.5,115.5,2023-10-09,13.62489,239.18613
0.49402538,-32.5,115.5,2023-10-10,13.7945,238.9989
0.49402538,-32.5,115.5,2023-10-11,15.79,239.02359
0.49402538,-32.5,115.5,2023-10-12,12.859815,239.05495
0.49402538,-32.5,115.5,2023-10-13,11.545454,238.89664
0.49402538,-32.5,115.5,2023-10-14,10.964871,238.6301
0.49402538,-32.5,115.5,2023-10-15,10.882949,238.29672
0.49402538,-32.5,115.5,2023-10-16,11.394289,238.0178
0.49402538,-32.5,115.5,2023-10-17,10.796274,237.7139
0.49402538,-32.5,115.5,2023-10-18,10.52931,237.38177
0.49402538,-32.5,115.5,2023-10-19,9.983081,237.23357
0.49402538,-32.5,115.5,2023-10-20,10.126568,237.05232
0.49402538,-32.5,115.5,2023-10-21,10.578943,236.90501
0.49402538,-32.5,115.5,2023-10-22,9.944291,236.72597
0.49402538,-32.5,115.5,2023-10-23,13.939542,236.61757
0.49402538,-32.5,115.5,2023-10-24,10.73355,236.46289
0.49402538,-32.5,115.5,2023-10-25,9.787287,236.32579
0.49402538,-32.5,115.5,2023-10-26,10.173248,236.20808
0.49402538,-32.5,115.5,2023-10-27,12.022934,236.06175
0.49402538,-32.5,115.5,2023-10-28,9.943852,235.8467
0.49402538,-32.5,115.5,2023-10-29,9.090312,235.71393
0.49402538,-32.5,115.5,2023-10-30,8.839049,235.7131
0.49402538,-32.5,115.5,2023-10-31,7.713409,235.7495
0.49402538,-32.5,115.5,2023-11-01,7.180329,235.71068
0.49402538,-32.5,115.5,2023-11-02,6.8509197,235.61684
0.49402538,-32.5,115.5,2023-11-03,6.830203,235.46059
0.49402538,-32.5,115.5,2023-11-04,7.6556396,235.30887
0.49402538,-32.5,115.5,2023-11-05,9.136937,235.08313
0.49402538,-32.5,115.5,2023-11-06,8.3120365,234.55609
0.49402538,-32.5,115.5,2023-11-07,7.0961976,234.34094
0.49402538,-32.5,115.5,2023-11-08,6.6457057,234.04369
0.49402538,-32.5,115.5,2023-11-09,7.4328194,234.01083
0.49402538,-32.5,115.5,2023-11-10,7.9769945,233.91328
0.49402538,-32.5,115.5,2023-11-11,6.7257566,233.81155
0.49402538,-32.5,115.5,2023-11-12,6.2673435,233.76945
0.49402538,-32.5,115.5,2023-11-13,5.953752,233.70584
0.49402538,-32.5,115.5,2023-11-14,5.642598,233.50177
0.49402538,-32.5,115.5,2023-11-15,5.382414,233.3262
0.49402538,-32.5,115.5,2023-11-16,4.910607,233.00691
0.49402538,-32.5,115.5,2023-11-17,4.4773493,232.79428
0.49402538,-32.5,115.5,2023-11-18,4.108546,232.53581
0.49402538,-32.5,115.5,2023-11-19,3.7273335,232.23909
0.49402538,-32.5,115.5,2023-11-20,3.4034946,231.87407
0.49402538,-32.5,115.5,2023-11-21,3.2723475,231.40793
0.49402538,-32.5,115.5,2023-11-22,3.1877346,230.92264
0.49402538,-32.5,115.5,2023-11-23,3.5312266,230.44226
0.49402538,-32.5,115.5,2023-11-24,3.9987316,230.02475
0.49402538,-32.5,115.5,2023-11-25,3.7071626,229.46207
0.49402538,-32.5,115.5,2023-11-26,3.573374,229.06671
0.49402538,-32.5,115.5,2023-11-27,3.3615606,228.74733
0.49402538,-32.5,115.5,2023-11-28,3.0018365,228.51837
0.49402538,-32.5,115.5,2023-11-29,2.6964233,228.064
0.49402538,-32.5,115.5,2023-11-30,2.448154,227.52051
0.49402538,-32.5,115.5,2023-12-01,2.386764,226.9392
0.49402538,-32.5,115.5,2023-12-02,2.2388976,226.60931
0.49402538,-32.5,115.5,2023-12-03,2.2097304,226.28519
0.49402538,-32.5,115.5,2023-12-04,2.0066757,226.11635
0.49402538,-32.5,115.5,2023-12-05,1.6850984,226.33606
0.49402538,-32.5,115.5,2023-12-06,1.5653718,225.68654
0.49402538,-32.5,115.5,2023-12-07,1.4233295,225.01117
0.49402538,-32.5,115.5,2023-12-08,1.386757,224.55504
0.49402538,-32.5,115.5,2023-12-09,1.3540018,224.4668
0.49402538,-32.5,115.5,2023-12-10,1.3649627,224.58168
0.49402538,-32.5,115.5,2023-12-11,1.472222,224.65079
0.49402538,-32.5,115.5,2023-12-12,1.5351448,224.6488
0.49402538,-32.5,115.5,2023-12-13,1.3522875,224.5091
0.49402538,-32.5,115.5,2023-12-14,1.2915751,224.13017
0.49402538,-32.5,115.5,2023-12-15,1.2850825,223.87097
0.49402538,-32.5,115.5,2023-12-16,1.2420057,223.62718
0.49402538,-32.5,115.5,2023-12-17,1.1751361,223.25188
0.49402538,-32.5,115.5,2023-12-18,1.1728327,223.08563
0.49402538,-32.5,115.5,2023-12-19,1.244882,223.16078
0.49402538,-32.5,115.5,2023-12-20,1.2641926,223.19453
0.49402538,-32.5,115.5,2023-12-21,1.2572538,223.14534
0.49402538,-32.5,115.5,2023-12-22,1.510378,223.04965
0.49402538,-32.5,115.5,2023-12-23,1.4766102,222.97487
0.49402538,-32.5,115.5,2023-12-24,1.4972187,222.608
0.49402538,-32.5,115.5,2023-12-25,1.4544218,222.37543
0.49402538,-32.5,115.5,2023-12-26,1.3001572,222.11229
0.49402538,-32.5,115.5,2023-12-27,1.2522098,221.61061
0.49402538,-32.5,115.5,2023-12-28,1.2308928,221.3404
0.49402538,-32.5,115.5,2023-12-29,1.2176042,221.31369
0.49402538,-32.5,115.5,2023-12-30,1.3093845,221.35947
0.49402538,-32.5,115.5,2023-12-31,1.3305593,221.38724
0.49402538,-32.5,115.5,2024-01-01,1.2859395,221.23581
0.49402538,-32.5,115.5,2024-01-02,1.2188897,221.03741
0.49402538,-32.5,115.5,2024-01-03,1.2753205,221.07097
0.49402538,-32.5,115.5,2024-01-04,1.3381767,221.20395
0.49402538,-32.5,115.5,2024-01-05,1.3542855,221.4337
0.49402538,-32.5,115.5,2024-01-06,1.4138763,221.54889
0.49402538,-32.5,115.5,2024-01-07,1.4526103,221.50484
0.49402538,-32.5,115.5,2024-01-08,1.3950064,221.35695
0.49402538,-32.5,115.5,2024-01-09,1.2887379,221.14403
0.49402538,-32.5,115.5,2024-01-10,1.2924185,221.18503
0.49402538,-32.5,115.5,2024-01-11,1.3105831,221.24016
0.49402538,-32.5,115.5,2024-01-12,1.5069114,221.00284
0.49402538,-32.5,115.5,2024-01-13,1.824434,220.57666
0.49402538,-32.5,115.5,2024-01-14,2.452655,220.02763
0.49402538,-32.5,115.5,2024-01-15,2.585795,219.48492
0.49402538,-32.5,115.5,2024-01-16,2.610253,218.66084
0.49402538,-32.5,115.5,2024-01-17,2.5160608,218.03096
0.49402538,-32.5,115.5,2024-01-18,2.1072135,217.9811
0.49402538,-32.5,115.5,2024-01-19,1.8730206,218.31744
0.49402538,-32.5,115.5,2024-01-20,1.7678645,218.81357
0.49402538,-32.5,115.5,2024-01-21,1.5985188,219.09721
0.49402538,-32.5,115.5,2024-01-22,1.6229068,219.07964
0.49402538,-32.5,115.5,2024-01-23,1.5567632,219.1726
0.49402538,-32.5,115.5,2024-01-24,1.4233606,219.23914
0.49402538,-32.5,115.5,2024-01-25,1.3466035,218.94977
0.49402538,-32.5,115.5,2024-01-26,1.3846502,218.90738
0.49402538,-32.5,115.5,2024-01-27,1.5053066,219.02574
0.49402538,-32.5,115.5,2024-01-28,1.412107,219.081
0.49402538,-32.5,115.5,2024-01-29,1.4097548,219.14821
0.49402538,-32.5,115.5,2024-01-30,1.435907,219.321
0.49402538,-32.5,115.5,2024-01-31,1.680439,219.43323
0.49402538,-32.5,115.5,2024-02-01,1.8863971,219.36186
0.49402538,-32.5,115.5,2024-02-02,1.5643404,219.47878
0.49402538,-32.5,115.5,2024-02-03,1.3838598,219.80724
0.49402538,-32.5,115.5,2024-02-04,1.4193974,220.04445
0.49402538,-32.5,115.5,2024-02-05,1.4166857,220.47076
0.49402538,-32.5,115.5,2024-02-06,1.4584624,220.87929
0.49402538,-32.5,115.5,2024-02-07,1.5989515,221.23476
0.49402538,-32.5,115.5,2024-02-08,1.7832369,221.41093
0.49402538,-32.5,115.5,2024-02-09,2.0087705,221.34209
0.49402538,-32.5,115.5,2024-02-10,1.9718981,221.31522
0.49402538,-32.5,115.5,2024-02-11,1.758378,221.33606
0.49402538,-32.5,115.5,2024-02-12,1.5837255,221.33269
0.49402538,-32.5,115.5,2024-02-13,1.5655371,221.12682
0.49402538,-32.5,115.5,2024-02-14,1.608795,221.04196
0.49402538,-32.5,115.5,2024-02-15,1.7313561,220.8509
0.49402538,-32.5,115.5,2024-02-16,1.9813074,220.56094
0.49402538,-32.5,115.5,2024-02-17,1.996062,220.40826
0.49402538,-32.5,115.5,2024-02-18,1.9311001,220.05267
0.49402538,-32.5,115.5,2024-02-19,2.306235,219.65544
0.49402538,-32.5,115.5,2024-02-20,2.5001433,219.70831
0.49402538,-32.5,115.5,2024-02-21,1.5363678,220.17119
0.49402538,-32.5,115.5,2024-02-22,1.5049351,219.82121
0.49402538,-32.5,115.5,2024-02-23,1.4183686,219.74611
0.49402538,-32.5,115.5,2024-02-24,1.2305875,219.69012
0.49402538,-32.5,115.5,2024-02-25,1.375175,219.62314
0.49402538,-32.5,115.5,2024-02-26,1.3869987,219.68327
0.49402538,-32.5,115.5,2024-02-27,1.2771318,219.70988
0.49402538,-32.5,115.5,2024-02-28,1.2252209,219.98257
0.49402538,-32.5,115.5,2024-02-29,1.1968906,220.39384
0.49402538,-32.5,115.5,2024-03-01,1.1896707,220.80699
0.49402538,-32.5,115.5,2024-03-02,1.2833648,221.03227
0.49402538,-32.5,115.5,2024-03-03,1.4874488,221.01248
0.49402538,-32.5,115.5,2024-03-04,1.2906353,221.06862
0.49402538,-32.5,115.5,2024-03-05,1.2407669,220.9079
0.49402538,-32.5,115.5,2024-03-06,1.423665,220.90315
0.49402538,-32.5,115.5,2024-03-07,1.5419705,220.95407
0.49402538,-32.5,115.5,2024-03-08,1.1865258,221.11258
0.49402538,-32.5,115.5,2024-03-09,1.1176331,220.9664
0.49402538,-32.5,115.5,2024-03-10,1.0690862,221.14253
0.49402538,-32.5,115.5,2024-03-11,1.0478052,221.4867
0.49402538,-32.5,115.5,2024-03-12,1.0728822,221.85004
0.49402538,-32.5,115.5,2024-03-13,1.1177604,222.13567
0.49402538,-32.5,115.5,2024-03-14,1.1774176,222.27725
0.49402538,-32.5,115.5,2024-03-15,1.3546159,222.22691
0.49402538,-32.5,115.5,2024-03-16,1.3163854,222.24927
0.49402538,-32.5,115.5,2024-03-17,1.1166071,222.32236
0.49402538,-32.5,115.5,2024-03-18,1.0103971,222.16672
0.49402538,-32.5,115.5,2024-03-19,0.9789663,222.30318
0.49402538,-32.5,115.5,2024-03-20,1.0084155,222.619
0.49402538,-32.5,115.5,2024-03-21,1.0047046,222.829
0.49402538,-32.5,115.5,2024-03-22,1.0162766,223.05151
0.49402538,-32.5,115.5,2024-03-23,1.0659299,223.32393
0.49402538,-32.5,115.5,2024-03-24,1.1273898,223.57228
0.49402538,-32.5,115.5,2024-03-25,1.1943936,223.75703
0.49402538,-32.5,115.5,2024-03-26,1.2015268,223.84296
0.49402538,-32.5,115.5,2024-03-27,1.1998602,223.8697
0.49402538,-32.5,115.5,2024-03-28,1.1342204,223.87318
0.49402538,-32.5,115.5,2024-03-29,1.1674308,223.867
0.49402538,-32.5,115.5,2024-03-30,1.0762913,223.81322
0.49402538,-32.5,115.5,2024-03-31,0.9837422,223.72815
0.49402538,-32.5,115.5,2024-04-01,0.9520387,223.70189
0.49402538,-32.5,115.5,2024-04-02,0.9356875,223.77534
0.49402538,-32.5,115.5,2024-04-03,0.98483235,223.88966
0.49402538,-32.5,115.5,2024-04-04,1.0870712,223.97209
0.49402538,-32.5,115.5,2024-04-05,1.1882634,223.96138
0.49402538,-32.5,115.5,2024-04-06,1.222093,223.85368
0.49402538,-32.5,115.5,2024-04-07,1.0602229,223.74866
0.49402538,-32.5,115.5,2024-04-08,1.0177177,223.76402
0.49402538,-32.5,115.5,2024-04-09,1.0214062,223.83922
0.49402538,-32.5,115.5,2024-04-10,1.0272841,223.85541
0.49402538,-32.5,115.5,2024-04-11,1.0034275,223.78119
0.49402538,-32.5,115.5,2024-04-12,1.0969607,223.69713
0.49402538,-32.5,115.5,2024-04-13,1.0344592,223.67296
0.49402538,-32.5,115.5,2024-04-14,0.96192557,223.81264
0.49402538,-32.5,115.5,2024-04-15,0.95887786,224.02261
0.49402538,-32.5,115.5,2024-04-16,0.9789244,224.19072
0.49402538,-32.5,115.5,2024-04-17,1.1045573,224.28825
0.49402538,-32.5,115.5,2024-04-18,1.229577,224.23277
0.49402538,-32.5,115.5,2024-04-19,1.2354641,224.01692
0.49402538,-32.5,115.5,2024-04-20,1.2598014,223.77295
0.49402538,-32.5,115.5,2024-04-21,1.1291384,223.63074
0.49402538,-32.5,115.5,2024-04-22,0.9266096,223.77989
0.49402538,-32.5,115.5,2024-04-23,0.9392136,224.07384
0.49402538,-32.5,115.5,2024-04-24,0.91931206,224.37085
0.49402538,-32.5,115.5,2024-04-25,0.88992566,224.52202
0.49402538,-32.5,115.5,2024-04-26,1.0793569,224.37242
0.49402538,-32.5,115.5,2024-04-27,1.1371076,224.18651
0.49402538,-32.5,115.5,2024-04-28,1.0892167,224.11911
0.49402538,-32.5,115.5,2024-04-29,1.0387787,224.29646
0.49402538,-32.5,115.5,2024-04-30,0.95417345,224.55093
0.49402538,-32.5,115.5,2024-05-01,1.0941248,224.47192
0.49402538,-32.5,115.5,2024-05-02,1.4164832,224.1087
0.49402538,-32.5,115.5,2024-05-03,1.6298053,224.11676
0.49402538,-32.5,115.5,2024-05-04,1.409473,224.5006
0.49402538,-32.5,115.5,2024-05-05,1.3236035,224.8798
0.49402538,-32.5,115.5,2024-05-06,1.3710091,225.20226
0.49402538,-32.5,115.5,2024-05-07,1.3661672,225.47267
0.49402538,-32.5,115.5,2024-05-08,1.3859133,225.49959
0.49402538,-32.5,115.5,2024-05-09,1.3410112,224.69127
0.49402538,-32.5,115.5,2024-05-10,1.7367295,223.58112
0.49402538,-32.5,115.5,2024-05-11,1.851578,223.13965
0.49402538,-32.5,115.5,2024-05-12,1.7165878,223.17505
0.49402538,-32.5,115.5,2024-05-13,1.9590443,223.14784
0.49402538,-32.5,115.5,2024-05-14,1.9467676,222.97101
0.49402538,-32.5,115.5,2024-05-15,1.8219546,222.935
0.49402538,-32.5,115.5,2024-05-16,1.721031,223.22093
0.49402538,-32.5,115.5,2024-05-17,1.7308413,223.49931
0.49402538,-32.5,115.5,2024-05-18,1.829834,223.25449
0.49402538,-32.5,115.5,2024-05-19,1.9718034,222.571
0.49402538,-32.5,115.5,2024-05-20,2.091664,221.82748
0.49402538,-32.5,115.5,2024-05-21,2.68216,221.39323
0.49402538,-32.5,115.5,2024-05-22,3.2364373,221.41551
0.49402538,-32.5,115.5,2024-05-23,3.1351547,221.52576
0.49402538,-32.5,115.5,2024-05-24,2.687084,221.43773
0.49402538,-32.5,115.5,2024-05-25,2.7498136,221.18668
0.49402538,-32.5,115.5,2024-05-26,2.7276971,220.88577
0.49402538,-32.5,115.5,2024-05-27,3.2033198,220.65459
0.49402538,-32.5,115.5,2024-05-28,3.2081156,220.67625
0.49402538,-32.5,115.5,2024-05-29,3.1011293,221.77539
0.49402538,-32.5,115.5,2024-05-30,3.0605366,222.89981
0.49402538,-32.5,115.5,2024-05-31,3.3312974,223.22404
0.49402538,-32.5,115.5,2024-06-01,3.6772633,223.359
0.49402538,-32.5,115.5,2024-06-02,3.7800775,223.97803
0.49402538,-32.5,115.5,2024-06-03,4.358211,224.6804
0.49402538,-32.5,115.5,2024-06-04,5.110743,224.81204
0.49402538,-32.5,115.5,2024-06-05,4.9542933,224.15247
0.49402538,-32.5,115.5,2024-06-06,4.620736,223.77682
0.49402538,-32.5,115.5,2024-06-07,5.3100533,223.75676
0.49402538,-32.5,115.5,2024-06-08,4.763123,223.79207
0.49402538,-32.5,115.5,2024-06-09,5.4897623,224.43257
0.49402538,-32.5,115.5,2024-06-10,5.466715,225.39793
0.49402538,-32.5,115.5,2024-06-11,5.993617,225.75285
0.49402538,-32.5,115.5,2024-06-12,7.298462,225.78441
0.49402538,-32.5,115.5,2024-06-13,7.904457,225.87915
0.49402538,-32.5,115.5,2024-06-14,7.6214304,225.84526
0.49402538,-32.5,115.5,2024-06-15,7.895525,225.5681
0.49402538,-32.5,115.5,2024-06-16,8.320303,225.13411
0.49402538,-32.5,115.5,2024-06-17,8.805685,225.17493
0.49402538,-32.5,115.5,2024-06-18,7.7076626,225.89384
0.49402538,-32.5,115.5,2024-06-19,8.220198,226.79593
0.49402538,-32.5,115.5,2024-06-20,8.415462,227.22652
0.49402538,-32.5,115.5,2024-06-21,8.591584,227.91231
0.49402538,-32.5,115.5,2024-06-22,8.787582,228.92159
0.49402538,-32.5,115.5,2024-06-23,8.679124,229.8218
0.49402538,-32.5,115.5,2024-06-24,9.298421,230.51988
0.49402538,-32.5,115.5,2024-06-25,10.196314,231.0121
0.49402538,-32.5,115.5,2024-06-26,10.098121,230.67036
0.49402538,-32.5,115.5,2024-06-27,10.375227,230.05937
0.49402538,-32.5,115.5,2024-06-28,11.45836,230.45445
0.49402538,-32.5,115.5,2024-06-29,11.61626,231.47899
0.49402538,-32.5,115.5,2024-06-30,12.197458,232.30833
0.49402538,-32.5,115.5,2024-07-01,12.273447,233.01047
0.49402538,-32.5,115.5,2024-07-02,12.386313,233.57251
0.49402538,-32.5,115.5,2024-07-03,13.134325,234.09705
0.49402538,-32.5,115.5,2024-07-04,13.343208,234.5366
0.49402538,-32.5,115.5,2024-07-05,13.655337,234.89587
0.49402538,-32.5,115.5,2024-07-06,11.854222,234.40068
0.49402538,-32.5,115.5,2024-07-07,13.3419695,233.94537
0.49402538,-32.5,115.5,2024-07-08,12.9239435,233.92769
0.49402538,-32.5,115.5,2024-07-09,12.58468,233.71439
0.49402538,-32.5,115.5,2024-07-10,13.747993,234.25653
0.49402538,-32.5,115.5,2024-07-11,14.244051,235.32355
0.49402538,-32.5,115.5,2024-07-12,14.718498,235.82922
0.49402538,-32.5,115.5,2024-07-13,17.158081,236.1866
0.49402538,-32.5,115.5,2024-07-14,15.984137,236.09023
0.49402538,-32.5,115.5,2024-07-15,18.132292,235.4857
0.49402538,-32.5,115.5,2024-07-16,17.807724,234.17432
0.49402538,-32.5,115.5,2024-07-17,14.621157,232.59337
0.49402538,-32.5,115.5,2024-07-18,15.545788,232.79744
0.49402538,-32.5,115.5,2024-07-19,16.053503,234.14214
0.49402538,-32.5,115.5,2024-07-20,16.726126,234.96436
0.49402538,-32.5,115.5,2024-07-21,16.55386,235.34532
0.49402538,-32.5,115.5,2024-07-22,15.919727,235.52173
0.49402538,-32.5,115.5,2024-07-23,15.741788,236.03625
0.49402538,-32.5,115.5,2024-07-24,16.361805,237.02916
0.49402538,-32.5,115.5,2024-07-25,17.18007,237.79036
0.49402538,-32.5,115.5,2024-07-26,18.602129,238.17528
0.49402538,-32.5,115.5,2024-07-27,18.215973,238.05927
0.49402538,-32.5,115.5,2024-07-28,15.568847,237.38309
0.49402538,-32.5,115.5,2024-07-29,15.869175,236.52803
0.49402538,-32.5,115.5,2024-07-30,15.800565,236.13759
0.49402538,-32.5,115.5,2024-07-31,15.279933,235.99104
0.49402538,-32.5,115.5,2024-08-01,16.669006,236.3279
0.49402538,-32.5,115.5,2024-08-02,16.713516,236.8651
0.49402538,-32.5,115.5,2024-08-03,19.06444,237.3988
0.49402538,-32.5,115.5,2024-08-04,18.942596,237.97238
0.49402538,-32.5,115.5,2024-08-05,17.256897,237.79979
0.49402538,-32.5,115.5,2024-08-06,15.968148,237.0437
0.49402538,-32.5,115.5,2024-08-07,15.902551,236.59749
0.49402538,-32.5,115.5,2024-08-08,16.300724,236.66368
0.49402538,-32.5,115.5,2024-08-09,17.968649,236.78958
0.49402538,-32.5,115.5,2024-08-10,18.725174,236.93396
0.49402538,-32.5,115.5,2024-08-11,18.069172,237.06429
0.49402538,-32.5,115.5,2024-08-12,17.673872,237.11845
0.49402538,-32.5,115.5,2024-08-13,17.261648,237.02524
0.49402538,-32.5,115.5,2024-08-14,16.305613,237.13457
0.49402538,-32.5,115.5,2024-08-15,17.49055,237.66779
0.49402538,-32.5,115.5,2024-08-16,16.348034,237.82294
0.49402538,-32.5,115.5,2024-08-17,11.17994,237.31929
0.49402538,-32.5,115.5,2024-08-18,17.93257,237.93976
0.49402538,-32.5,115.5,2024-08-19,16.25636,238.93468
0.49402538,-32.5,115.5,2024-08-20,16.980247,239.35109
0.49402538,-32.5,115.5,2024-08-21,17.966654,239.80325
0.49402538,-32.5,115.5,2024-08-22,17.463623,239.95581
0.49402538,-32.5,115.5,2024-08-23,17.658075,239.73375
0.49402538,-32.5,115.5,2024-08-24,17.435741,239.86487
0.49402538,-32.5,115.5,2024-08-25,16.798641,240.23334
0.49402538,-32.5,115.5,2024-08-26,16.242466,240.22688
0.49402538,-32.5,115.5,2024-08-27,17.360172,240.20654
0.49402538,-32.5,115.5,2024-08-28,17.09008,240.12836
0.49402538,-32.5,115.5,2024-08-29,17.045212,240.1674
0.49402538,-32.5,115.5,2024-08-30,16.522175,240.59424
0.49402538,-32.5,115.5,2024-08-31,15.168446,240.89948
0.49402538,-32.5,115.5,2024-09-01,15.886368,241.12987
0.49402538,-32.5,115.5,2024-09-02,16.801445,241.38042
0.49402538,-32.5,115.5,2024-09-03,15.507143,241.39325
0.49402538,-32.5,115.5,2024-09-04,15.041096,241.1616
0.49402538,-32.5,115.5,2024-09-05,14.453625,241.09404
0.49402538,-32.5,115.5,2024-09-06,12.961866,241.25546
0.49402538,-32.5,115.5,2024-09-07,12.950912,241.52596
0.49402538,-32.5,115.5,2024-09-08,13.621619,241.75998
0.49402538,-32.5,115.5,2024-09-09,12.004553,241.54585
0.49402538,-32.5,115.5,2024-09-10,9.981759,241.15744
0.49402538,-32.5,115.5,2024-09-11,9.564275,240.92809
0.49402538,-32.5,115.5,2024-09-12,9.849724,240.84697
0.49402538,-32.5,115.5,2024-09-13,9.85279,240.87468
0.49402538,-32.5,115.5,2024-09-14,10.221509,240.86656
0.49402538,-32.5,115.5,2024-09-15,10.5737505,240.81609
0.49402538,-32.5,115.5,2024-09-16,11.11482,240.80507
0.49402538,-32.5,115.5,2024-09-17,10.951921,240.63666
0.49402538,-32.5,115.5,2024-09-18,9.223709,240.26704
0.49402538,-32.5,115.5,2024-09-19,7.7761583,239.5803
0.49402538,-32.5,115.5,2024-09-20,6.3043227,238.97029
0.49402538,-32.5,115.5,2024-09-21,5.263992,238.84715
0.49402538,-32.5,115.5,2024-09-22,4.817093,239.10085
0.49402538,-32.5,115.5,2024-09-23,4.449524,239.59174
0.49402538,-32.5,115.5,2024-09-24,4.393697,240.03334
0.49402538,-32.5,115.5,2024-09-25,5.1277804,240.22565
0.49402538,-32.5,115.5,2024-09-26,5.1627755,239.95657
0.49402538,-32.5,115.5,2024-09-27,4.4512725,239.80093
0.49402538,-32.5,115.5,2024-09-28,4.581536,240.06598
0.49402538,-32.5,115.5,2024-09-29,5.0611663,240.23898
0.49402538,-32.5,115.5,2024-09-30,5.4628706,240.21767
0.49402538,-32.5,115.5,2024-10-01,4.5536413,239.82616
0.49402538,-32.5,115.5,2024-10-02,3.9268565,239.44115
0.49402538,-32.5,115.5,2024-10-03,3.6987135,239.47835
0.49402538,-32.5,115.5,2024-10-04,4.1227427,239.86415
0.49402538,-32.5,115.5,2024-10-05,5.6739335,240.29073
0.49402538,-32.5,115.5,2024-10-06,7.40074,240.63287
0.49402538,-32.5,115.5,2024-10-07,7.292822,240.714
0.49402538,-32.5,115.5,2024-10-08,4.5234656,240.14728
0.49402538,-32.5,115.5,2024-10-09,3.9306877,239.93327
0.49402538,-32.5,115.5,2024-10-10,4.123727,240.03748
0.49402538,-32.5,115.5,2024-10-11,5.2230415,240.142
