Variable,Date,Depth,Data,QC
Tot_39.0m,2004-08-24 08:00:00,103.308994,0.176649936,N
Tot_39.0m,2004-08-24 09:00:00,103.471394,0.219994273,N
Tot_39.0m,2004-08-24 10:00:00,103.019594,0.256324872,N
Tot_39.0m,2004-08-24 11:00:00,102.979194,0.338328124,N
Tot_39.0m,2004-08-24 12:00:00,102.870394,0.490009306,N
Tot_39.0m,2004-08-24 13:00:00,102.904794,0.572841095,N
Tot_39.0m,2004-08-24 14:00:00,103.057594,0.586997853,N
Tot_39.0m,2004-08-24 15:00:00,102.875594,0.510825881,N
Tot_39.0m,2004-08-24 16:00:00,102.976994,0.508119238,N
Tot_39.0m,2004-08-24 17:00:00,102.838994,0.481181088,N
Tot_39.0m,2004-08-24 18:00:00,103.107594,0.462580069,N
Tot_39.0m,2004-08-24 19:00:00,103.233394,0.409932385,N
Tot_39.0m,2004-08-24 20:00:00,102.873194,0.410469049,N
Tot_39.0m,2004-08-24 21:00:00,102.631394,0.327360963,N
Tot_39.0m,2004-08-24 22:00:00,102.918194,0.319396682,N
Tot_39.0m,2004-08-24 23:00:00,102.930594,0.353188958,N
Tot_39.0m,2004-08-25 00:00:00,103.053794,0.320338883,N
Tot_39.0m,2004-08-25 01:00:00,103.457794,0.280146604,N
Tot_39.0m,2004-08-25 02:00:00,103.173394,0.291038211,N
Tot_39.0m,2004-08-25 03:00:00,103.172394,0.256565937,N
Tot_39.0m,2004-08-25 04:00:00,103.318794,0.220531177,N
Tot_39.0m,2004-08-25 05:00:00,103.452994,0.173673833,N
Tot_39.0m,2004-08-25 06:00:00,103.295394,0.170826814,N
Tot_39.0m,2004-08-25 07:00:00,103.218394,0.140205135,N
Tot_39.0m,2004-08-25 08:00:00,103.545794,0.149813885,N
Tot_39.0m,2004-08-25 09:00:00,103.052594,0.126139605,N
Tot_39.0m,2004-08-25 10:00:00,102.842594,0.098287944,N
Tot_39.0m,2004-08-25 11:00:00,102.899794,0.088397737,N
Tot_39.0m,2004-08-25 12:00:00,102.837394,0.116114771,N
Tot_39.0m,2004-08-25 13:00:00,102.973394,0.162201109,N
Tot_39.0m,2004-08-25 14:00:00,101.954794,0.101489113,N
Tot_39.0m,2004-08-25 15:00:00,102.551994,0.032653331,N
Tot_39.0m,2004-08-25 16:00:00,102.518994,0.056280014,N
Tot_39.0m,2004-08-25 17:00:00,102.664394,0.095748002,N
Tot_39.0m,2004-08-25 18:00:00,102.305194,0.091210746,N
Tot_39.0m,2004-08-25 19:00:00,102.859594,0.084857528,N
Tot_39.0m,2004-08-25 20:00:00,102.675394,0.095046305,N
Tot_39.0m,2004-08-25 21:00:00,103.142994,0.114752604,N
Tot_39.0m,2004-08-25 22:00:00,103.167594,0.090619424,N
Tot_39.0m,2004-08-25 23:00:00,103.114994,0.117414309,N
Tot_39.0m,2004-08-26 00:00:00,102.615394,0.14661105,N
Tot_39.0m,2004-08-26 01:00:00,102.958594,0.118606745,N
Tot_39.0m,2004-08-26 02:00:00,103.134394,0.062894515,N
Tot_39.0m,2004-08-26 03:00:00,103.139394,0.074986132,N
Tot_39.0m,2004-08-26 04:00:00,103.421194,0.137578632,N
Tot_39.0m,2004-08-26 05:00:00,103.326994,0.209228392,N
Tot_39.0m,2004-08-26 06:00:00,103.476394,0.202835993,N
Tot_39.0m,2004-08-26 07:00:00,103.271194,0.199980899,N
Tot_39.0m,2004-08-26 08:00:00,103.178194,0.153206396,N
Tot_39.0m,2004-08-26 09:00:00,103.131794,0.12671385,N
Tot_39.0m,2004-08-26 10:00:00,103.135594,0.151064092,N
Tot_39.0m,2004-08-26 11:00:00,102.959994,0.123267676,N
Tot_39.0m,2004-08-26 12:00:00,102.998994,0.076920738,N
Tot_39.0m,2004-08-26 13:00:00,102.874194,0.04615669,N
Tot_39.0m,2004-08-26 14:00:00,102.780194,0.015138031,N
Tot_39.0m,2004-08-26 15:00:00,102.610594,0.040207959,N
Tot_39.0m,2004-08-26 16:00:00,102.710594,0.016099689,N
Tot_39.0m,2004-08-26 17:00:00,102.611594,0.051388715,N
Tot_39.0m,2004-08-26 18:00:00,102.721594,0.108090703,N
Tot_39.0m,2004-08-26 19:00:00,102.743394,0.119836722,N
Tot_39.0m,2004-08-26 20:00:00,102.854594,0.148472355,N
Tot_39.0m,2004-08-26 21:00:00,102.815794,0.192047703,N
Tot_39.0m,2004-08-26 22:00:00,102.921794,0.237623063,N
Tot_39.0m,2004-08-26 23:00:00,102.984194,0.24971696,N
Tot_39.0m,2004-08-27 00:00:00,103.064794,0.285271099,N
Tot_39.0m,2004-08-27 01:00:00,103.035394,0.302521934,N
Tot_39.0m,2004-08-27 02:00:00,103.306594,0.222716771,N
Tot_39.0m,2004-08-27 03:00:00,103.140794,0.125800636,N
Tot_39.0m,2004-08-27 04:00:00,103.266594,0.091997391,N
Tot_39.0m,2004-08-27 05:00:00,103.151594,0.088863041,N
Tot_39.0m,2004-08-27 06:00:00,103.281194,0.16186241,N
Tot_39.0m,2004-08-27 07:00:00,103.156594,0.149164204,N
Tot_39.0m,2004-08-27 08:00:00,103.361394,0.120926589,N
Tot_39.0m,2004-08-27 09:00:00,103.262594,0.052510189,N
Tot_39.0m,2004-08-27 10:00:00,103.085594,0.076619841,N
Tot_39.0m,2004-08-27 11:00:00,103.018394,0.047265209,N
Tot_39.0m,2004-08-27 12:00:00,103.117394,0.078823854,N
Tot_39.0m,2004-08-27 13:00:00,102.803594,0.089905951,N
Tot_39.0m,2004-08-27 14:00:00,102.634994,0.086323346,N
Tot_39.0m,2004-08-27 15:00:00,102.645794,0.077081256,N
Tot_39.0m,2004-08-27 16:00:00,102.577594,0.085586214,N
Tot_39.0m,2004-08-27 17:00:00,102.557994,0.105206844,N
Tot_39.0m,2004-08-27 18:00:00,102.713194,0.112206238,N
Tot_39.0m,2004-08-27 19:00:00,102.648394,0.12693258,N
Tot_39.0m,2004-08-27 20:00:00,102.709394,0.100023997,N
Tot_39.0m,2004-08-27 21:00:00,102.770194,0.076328763,N
Tot_39.0m,2004-08-27 22:00:00,102.791194,0.113564959,N
Tot_39.0m,2004-08-27 23:00:00,102.870594,0.128362768,N
Tot_39.0m,2004-08-28 00:00:00,102.993994,0.125842441,N
Tot_39.0m,2004-08-28 01:00:00,102.987794,0.166018794,N
Tot_39.0m,2004-08-28 02:00:00,102.979194,0.160057115,N
Tot_39.0m,2004-08-28 03:00:00,103.161194,0.187447059,N
Tot_39.0m,2004-08-28 04:00:00,103.170994,0.217128626,N
Tot_39.0m,2004-08-28 05:00:00,103.137994,0.216984792,N
Tot_39.0m,2004-08-28 06:00:00,103.271394,0.234544153,N
Tot_39.0m,2004-08-28 07:00:00,103.361394,0.266694432,N
Tot_39.0m,2004-08-28 08:00:00,103.310394,0.292246472,N
Tot_39.0m,2004-08-28 09:00:00,103.306394,0.276293322,N
Tot_39.0m,2004-08-28 10:00:00,103.228394,0.232033963,N
Tot_39.0m,2004-08-28 11:00:00,103.112394,0.20396833,N
Tot_39.0m,2004-08-28 12:00:00,103.001194,0.182392325,N
Tot_39.0m,2004-08-28 13:00:00,102.780394,0.187425932,N
Tot_39.0m,2004-08-28 14:00:00,102.755794,0.176739922,N
Tot_39.0m,2004-08-28 15:00:00,102.671594,0.174703062,N
Tot_39.0m,2004-08-28 16:00:00,102.538594,0.156080108,N
Tot_39.0m,2004-08-28 17:00:00,102.635994,0.129641043,N
Tot_39.0m,2004-08-28 18:00:00,102.544794,0.136029555,N
Tot_39.0m,2004-08-28 19:00:00,102.655794,0.173288776,N
Tot_39.0m,2004-08-28 20:00:00,102.803594,0.14115665,N
Tot_39.0m,2004-08-28 21:00:00,102.858394,0.128307444,N
Tot_39.0m,2004-08-28 22:00:00,102.846394,0.159489185,N
Tot_39.0m,2004-08-28 23:00:00,102.855994,0.15781825,N
Tot_39.0m,2004-08-29 00:00:00,102.906994,0.11900605,N
Tot_39.0m,2004-08-29 01:00:00,102.940194,0.158299084,N
Tot_39.0m,2004-08-29 02:00:00,102.952594,0.157821418,N
Tot_39.0m,2004-08-29 03:00:00,102.933994,0.136858028,N
Tot_39.0m,2004-08-29 04:00:00,102.995194,0.119768443,N
Tot_39.0m,2004-08-29 05:00:00,103.083194,0.121179537,N
Tot_39.0m,2004-08-29 06:00:00,103.201594,0.090035548,N
Tot_39.0m,2004-08-29 07:00:00,103.300394,0.07987991,N
Tot_39.0m,2004-08-29 08:00:00,103.363994,0.049283669,N
Tot_39.0m,2004-08-29 09:00:00,103.327594,0.076994805,N
Tot_39.0m,2004-08-29 10:00:00,103.255394,0.095000211,N
Tot_39.0m,2004-08-29 11:00:00,103.230794,0.075918377,N
Tot_39.0m,2004-08-29 12:00:00,103.115994,0.063420186,N
Tot_39.0m,2004-08-29 13:00:00,102.990194,0.075091677,N
Tot_39.0m,2004-08-29 14:00:00,102.860794,0.073736015,N
Tot_39.0m,2004-08-29 15:00:00,102.722794,0.081601226,N
Tot_39.0m,2004-08-29 16:00:00,102.624994,0.088573585,N
Tot_39.0m,2004-08-29 17:00:00,102.632394,0.071138457,N
Tot_39.0m,2004-08-29 18:00:00,102.642394,0.015648642,N
Tot_39.0m,2004-08-29 19:00:00,102.669194,0.036150795,N
Tot_39.0m,2004-08-29 20:00:00,102.732594,0.076132779,N
Tot_39.0m,2004-08-29 21:00:00,102.778994,0.066419274,N
Tot_39.0m,2004-08-29 22:00:00,102.830194,0.032155248,N
Tot_39.0m,2004-08-29 23:00:00,102.877794,0.046010869,N
Tot_39.0m,2004-08-30 00:00:00,102.866994,0.052454933,N
Tot_39.0m,2004-08-30 01:00:00,102.880594,0.032385799,N
Tot_39.0m,2004-08-30 02:00:00,102.832794,0.067849834,N
Tot_39.0m,2004-08-30 03:00:00,102.881594,0.080107178,N
Tot_39.0m,2004-08-30 04:00:00,102.919394,0.062668972,N
Tot_39.0m,2004-08-30 05:00:00,103.053994,0.091011428,N
Tot_39.0m,2004-08-30 06:00:00,103.115994,0.08837941,N
Tot_39.0m,2004-08-30 07:00:00,103.067194,0.094972206,N
Tot_39.0m,2004-08-30 08:00:00,103.140394,0.064563147,N
Tot_39.0m,2004-08-30 09:00:00,103.201594,0.06670772,N
Tot_39.0m,2004-08-30 10:00:00,103.223594,0.10654614,N
Tot_39.0m,2004-08-30 11:00:00,103.159794,0.066718813,N
Tot_39.0m,2004-08-30 12:00:00,103.146594,0.033341866,N
Tot_39.0m,2004-08-30 13:00:00,103.083194,0.078451004,N
Tot_39.0m,2004-08-30 14:00:00,102.872794,0.070228484,N
Tot_39.0m,2004-08-30 15:00:00,102.855994,0.088038628,N
Tot_39.0m,2004-08-30 16:00:00,102.639794,0.088319873,N
Tot_39.0m,2004-08-30 17:00:00,102.638594,0.127007717,N
Tot_39.0m,2004-08-30 18:00:00,102.678794,0.124260694,N
Tot_39.0m,2004-08-30 19:00:00,102.712994,0.150456639,N
Tot_39.0m,2004-08-30 20:00:00,102.786394,0.170958826,N
Tot_39.0m,2004-08-30 21:00:00,102.804594,0.178894382,N
Tot_39.0m,2004-08-30 22:00:00,102.920594,0.169548105,N
Tot_39.0m,2004-08-30 23:00:00,102.917194,0.161091899,N
Tot_39.0m,2004-08-31 00:00:00,102.841594,0.161810753,N
Tot_39.0m,2004-08-31 01:00:00,102.885394,0.162596555,N
Tot_39.0m,2004-08-31 02:00:00,102.875394,0.154324981,N
Tot_39.0m,2004-08-31 03:00:00,102.839194,0.154728795,N
Tot_39.0m,2004-08-31 04:00:00,102.888994,0.167764716,N
Tot_39.0m,2004-08-31 05:00:00,102.956994,0.162804545,N
Tot_39.0m,2004-08-31 06:00:00,102.903794,0.142414747,N
Tot_39.0m,2004-08-31 07:00:00,103.135594,0.150615404,N
Tot_39.0m,2004-08-31 08:00:00,103.057594,0.159090666,N
Tot_39.0m,2004-08-31 09:00:00,103.066194,0.164095826,N
Tot_39.0m,2004-08-31 10:00:00,103.131994,0.171808731,N
Tot_39.0m,2004-08-31 11:00:00,103.172194,0.186054616,N
Tot_39.0m,2004-08-31 12:00:00,103.167194,0.215120525,N
Tot_39.0m,2004-08-31 13:00:00,102.989994,0.247385044,N
Tot_39.0m,2004-08-31 14:00:00,102.986394,0.293312803,N
Tot_39.0m,2004-08-31 15:00:00,102.848394,0.259211805,N
Tot_39.0m,2004-08-31 16:00:00,102.760594,0.307382824,N
Tot_39.0m,2004-08-31 17:00:00,102.808194,0.288217973,N
Tot_39.0m,2004-08-31 18:00:00,102.789994,0.216680133,N
Tot_39.0m,2004-08-31 19:00:00,102.779194,0.221979549,N
Tot_39.0m,2004-08-31 20:00:00,102.842594,0.248725551,N
Tot_39.0m,2004-08-31 21:00:00,102.815594,0.26454013,N
Tot_39.0m,2004-08-31 22:00:00,102.964994,0.273831773,N
Tot_39.0m,2004-08-31 23:00:00,102.954794,0.300565933,N
Tot_39.0m,2004-09-01 00:00:00,102.912194,0.30811037,N
Tot_39.0m,2004-09-01 01:00:00,102.963194,0.295486311,N
Tot_39.0m,2004-09-01 02:00:00,102.907194,0.301819615,N
Tot_39.0m,2004-09-01 03:00:00,102.836394,0.32920328,N
Tot_39.0m,2004-09-01 04:00:00,102.827994,0.308462315,N
Tot_39.0m,2004-09-01 05:00:00,102.811994,0.269138255,N
Tot_39.0m,2004-09-01 06:00:00,102.853594,0.252700297,N
Tot_39.0m,2004-09-01 07:00:00,102.923194,0.243584646,N
Tot_39.0m,2004-09-01 08:00:00,103.007394,0.240924303,N
Tot_39.0m,2004-09-01 09:00:00,103.053794,0.267661054,N
Tot_39.0m,2004-09-01 10:00:00,103.087994,0.256207806,N
Tot_39.0m,2004-09-01 11:00:00,103.031794,0.254657259,N
Tot_39.0m,2004-09-01 12:00:00,103.034194,0.262420807,N
Tot_39.0m,2004-09-01 13:00:00,103.009794,0.237807064,N
Tot_39.0m,2004-09-01 14:00:00,102.936594,0.223227239,N
Tot_39.0m,2004-09-01 15:00:00,102.855994,0.212450183,N
Tot_39.0m,2004-09-01 16:00:00,102.847394,0.187652125,N
Tot_39.0m,2004-09-01 17:00:00,102.836194,0.202200395,N
Tot_39.0m,2004-09-01 18:00:00,102.816794,0.201469502,N
Tot_39.0m,2004-09-01 19:00:00,102.839994,0.194847633,N
Tot_39.0m,2004-09-01 20:00:00,102.909594,0.187511386,N
Tot_39.0m,2004-09-01 21:00:00,102.958394,0.200591625,N
Tot_39.0m,2004-09-01 22:00:00,103.003794,0.196426067,N
Tot_39.0m,2004-09-01 23:00:00,103.000194,0.1544531,N
Tot_39.0m,2004-09-02 00:00:00,102.964594,0.18874745,N
Tot_39.0m,2004-09-02 01:00:00,102.969394,0.213160034,N
Tot_39.0m,2004-09-02 02:00:00,102.953594,0.18621493,N
Tot_39.0m,2004-09-02 03:00:00,102.893594,0.157279115,N
Tot_39.0m,2004-09-02 04:00:00,102.810794,0.184857675,N
Tot_39.0m,2004-09-02 05:00:00,102.870794,0.173063804,N
Tot_39.0m,2004-09-02 06:00:00,102.891594,0.144891959,N
Tot_39.0m,2004-09-02 07:00:00,102.869194,0.137326618,N
Tot_39.0m,2004-09-02 08:00:00,102.974394,0.126449516,N
Tot_39.0m,2004-09-02 09:00:00,102.981794,0.093641871,N
Tot_39.0m,2004-09-02 10:00:00,102.997594,0.087380089,N
Tot_39.0m,2004-09-02 11:00:00,102.960994,0.082404369,N
Tot_39.0m,2004-09-02 12:00:00,102.964794,0.10840904,N
Tot_39.0m,2004-09-02 13:00:00,102.947794,0.121401483,N
Tot_39.0m,2004-09-02 14:00:00,102.868194,0.128343601,N
Tot_39.0m,2004-09-02 15:00:00,102.852594,0.118939481,N
Tot_39.0m,2004-09-02 16:00:00,102.905994,0.137158011,N
Tot_39.0m,2004-09-02 17:00:00,102.942794,0.154572184,N
Tot_39.0m,2004-09-02 18:00:00,102.940394,0.142178761,N
Tot_39.0m,2004-09-02 19:00:00,102.956194,0.172126582,N
Tot_39.0m,2004-09-02 20:00:00,102.996594,0.217595037,N
Tot_39.0m,2004-09-02 21:00:00,103.036794,0.23687313,N
Tot_39.0m,2004-09-02 22:00:00,103.107594,0.250950513,N
Tot_39.0m,2004-09-02 23:00:00,103.144194,0.293671381,N
Tot_39.0m,2004-09-03 00:00:00,103.067194,0.28650459,N
Tot_39.0m,2004-09-03 01:00:00,103.104994,0.268029849,N
Tot_39.0m,2004-09-03 02:00:00,103.037794,0.227390413,N
Tot_39.0m,2004-09-03 03:00:00,102.968194,0.188340224,N
Tot_39.0m,2004-09-03 04:00:00,102.990394,0.151029799,N
Tot_39.0m,2004-09-03 05:00:00,102.844994,0.107620072,N
Tot_39.0m,2004-09-03 06:00:00,102.932994,0.08583356,N
Tot_39.0m,2004-09-03 07:00:00,102.925594,0.080285739,N
Tot_39.0m,2004-09-03 08:00:00,102.986594,0.096625049,N
Tot_39.0m,2004-09-03 09:00:00,103.038994,0.105667403,N
Tot_39.0m,2004-09-03 10:00:00,102.924194,0.108724973,N
Tot_39.0m,2004-09-03 11:00:00,102.955794,0.127850694,N
Tot_39.0m,2004-09-03 12:00:00,102.889994,0.189479815,N
Tot_39.0m,2004-09-03 13:00:00,102.914594,0.206758797,N
Tot_39.0m,2004-09-03 14:00:00,102.899994,0.237743812,N
Tot_39.0m,2004-09-03 15:00:00,102.910794,0.171529706,N
Tot_39.0m,2004-09-03 16:00:00,102.855994,0.184114094,N
Tot_39.0m,2004-09-03 17:00:00,102.780194,0.243666822,N
Tot_39.0m,2004-09-03 18:00:00,102.914594,0.29995473,N
Tot_39.0m,2004-09-03 19:00:00,102.945394,0.275744229,N
Tot_39.0m,2004-09-03 20:00:00,103.164994,0.266184072,N
Tot_39.0m,2004-09-03 21:00:00,103.137994,0.277965322,N
Tot_39.0m,2004-09-03 22:00:00,103.164594,0.320362045,N
Tot_39.0m,2004-09-03 23:00:00,103.128194,0.320291118,N
Tot_39.0m,2004-09-04 00:00:00,103.190594,0.295313935,N
Tot_39.0m,2004-09-04 01:00:00,103.160994,0.243330557,N
Tot_39.0m,2004-09-04 02:00:00,103.146594,0.223454067,N
Tot_39.0m,2004-09-04 03:00:00,103.074594,0.208596548,N
Tot_39.0m,2004-09-04 04:00:00,103.047794,0.20292028,N
Tot_39.0m,2004-09-04 05:00:00,102.967194,0.200425548,N
Tot_39.0m,2004-09-04 06:00:00,103.085594,0.191023559,N
Tot_39.0m,2004-09-04 07:00:00,102.962194,0.176980903,N
Tot_39.0m,2004-09-04 08:00:00,102.909594,0.161081967,N
Tot_39.0m,2004-09-04 09:00:00,102.888794,0.141339449,N
Tot_39.0m,2004-09-04 10:00:00,102.947594,0.122444763,N
Tot_39.0m,2004-09-04 11:00:00,102.842594,0.128584914,N
Tot_39.0m,2004-09-04 12:00:00,102.882594,0.111323852,N
Tot_39.0m,2004-09-04 13:00:00,102.904794,0.11384551,N
Tot_39.0m,2004-09-04 14:00:00,102.926994,0.110089418,N
Tot_39.0m,2004-09-04 15:00:00,102.870594,0.09729666,N
Tot_39.0m,2004-09-04 16:00:00,102.866994,0.096674712,N
Tot_39.0m,2004-09-04 17:00:00,102.848594,0.088603386,N
Tot_39.0m,2004-09-04 18:00:00,102.896194,0.063646838,N
Tot_39.0m,2004-09-04 19:00:00,103.030594,0.041378255,N
Tot_39.0m,2004-09-04 20:00:00,103.179594,0.036323546,N
Tot_39.0m,2004-09-04 21:00:00,103.143994,0.052064959,N
Tot_39.0m,2004-09-04 22:00:00,103.241594,0.057886095,N
Tot_39.0m,2004-09-04 23:00:00,103.235794,0.093989148,N
Tot_39.0m,2004-09-05 00:00:00,103.246594,0.106517229,N
Tot_39.0m,2004-09-05 01:00:00,103.246594,0.130436958,N
Tot_39.0m,2004-09-05 02:00:00,103.251394,0.143750478,N
Tot_39.0m,2004-09-05 03:00:00,103.146594,0.135038957,N
Tot_39.0m,2004-09-05 04:00:00,103.084394,0.139235197,N
Tot_39.0m,2004-09-05 05:00:00,103.114994,0.148431802,N
Tot_39.0m,2004-09-05 06:00:00,103.053794,0.110938541,N
Tot_39.0m,2004-09-05 07:00:00,103.040194,0.070200285,N
Tot_39.0m,2004-09-05 08:00:00,103.031594,0.039598989,N
Tot_39.0m,2004-09-05 09:00:00,102.911994,0.04566399,N
Tot_39.0m,2004-09-05 10:00:00,102.912194,0.026970354,N
Tot_39.0m,2004-09-05 11:00:00,102.909794,0.04181196,N
Tot_39.0m,2004-09-05 12:00:00,102.781594,0.089091414,N
Tot_39.0m,2004-09-05 13:00:00,102.825194,0.117920821,N
Tot_39.0m,2004-09-05 14:00:00,102.830194,0.165893098,N
Tot_39.0m,2004-09-05 15:00:00,102.788994,0.166030841,N
Tot_39.0m,2004-09-05 16:00:00,102.812194,0.181299531,N
Tot_39.0m,2004-09-05 17:00:00,102.810794,0.180689568,N
Tot_39.0m,2004-09-05 18:00:00,102.869394,0.190116806,N
Tot_39.0m,2004-09-05 19:00:00,102.971994,0.205000878,N
Tot_39.0m,2004-09-05 20:00:00,102.951194,0.195723172,N
Tot_39.0m,2004-09-05 21:00:00,103.128394,0.170519207,N
Tot_39.0m,2004-09-05 22:00:00,103.141594,0.151504983,N
Tot_39.0m,2004-09-05 23:00:00,103.170994,0.177748137,N
Tot_39.0m,2004-09-06 00:00:00,103.140594,0.172682367,N
Tot_39.0m,2004-09-06 01:00:00,103.214994,0.157338488,N
Tot_39.0m,2004-09-06 02:00:00,103.219994,0.138994821,N
Tot_39.0m,2004-09-06 03:00:00,103.118394,0.18066599,N
Tot_39.0m,2004-09-06 04:00:00,103.108794,0.177812711,N
Tot_39.0m,2004-09-06 05:00:00,103.122194,0.187295382,N
Tot_39.0m,2004-09-06 06:00:00,103.010994,0.153477034,N
Tot_39.0m,2004-09-06 07:00:00,102.985594,0.134662838,N
Tot_39.0m,2004-09-06 08:00:00,103.024594,0.136029556,N
Tot_39.0m,2004-09-06 09:00:00,102.948794,0.129892571,N
Tot_39.0m,2004-09-06 10:00:00,102.882994,0.148459421,N
Tot_39.0m,2004-09-06 11:00:00,102.811994,0.146551834,N
Tot_39.0m,2004-09-06 12:00:00,102.820394,0.083108123,N
Tot_39.0m,2004-09-06 13:00:00,102.680394,0.108177816,N
Tot_39.0m,2004-09-06 14:00:00,102.698394,0.096313031,N
Tot_39.0m,2004-09-06 15:00:00,102.626394,0.111556264,N
Tot_39.0m,2004-09-06 16:00:00,102.713194,0.118602698,N
Tot_39.0m,2004-09-06 17:00:00,102.766794,0.078943271,N
Tot_39.0m,2004-09-06 18:00:00,102.721594,0.114021928,N
Tot_39.0m,2004-09-06 19:00:00,102.830394,0.172935248,N
Tot_39.0m,2004-09-06 20:00:00,102.935194,0.174690584,N
Tot_39.0m,2004-09-06 21:00:00,103.032994,0.171345732,N
Tot_39.0m,2004-09-06 22:00:00,103.138194,0.167428075,N
Tot_39.0m,2004-09-06 23:00:00,103.176994,0.136484138,N
Tot_39.0m,2004-09-07 00:00:00,103.161194,0.138439446,N
Tot_39.0m,2004-09-07 01:00:00,103.011194,0.156248008,N
Tot_39.0m,2004-09-07 02:00:00,103.063594,0.173419491,N
Tot_39.0m,2004-09-07 03:00:00,103.135594,0.112724797,N
Tot_39.0m,2004-09-07 04:00:00,103.123194,0.079359435,N
Tot_39.0m,2004-09-07 05:00:00,103.118394,0.045751503,N
Tot_39.0m,2004-09-07 06:00:00,103.074394,0.096424271,N
Tot_39.0m,2004-09-07 07:00:00,102.983994,0.101240506,N
Tot_39.0m,2004-09-07 08:00:00,102.927994,0.079382618,N
Tot_39.0m,2004-09-07 09:00:00,102.858394,0.067772856,N
Tot_39.0m,2004-09-07 10:00:00,102.832794,0.036835309,N
Tot_39.0m,2004-09-07 11:00:00,102.826594,0.038893187,N
Tot_39.0m,2004-09-07 12:00:00,102.806994,0.055463141,N
Tot_39.0m,2004-09-07 13:00:00,102.662794,0.034655447,N
Tot_39.0m,2004-09-07 14:00:00,102.692394,0.047601681,N
Tot_39.0m,2004-09-07 15:00:00,102.639794,0.066957299,N
Tot_39.0m,2004-09-07 16:00:00,102.676394,0.105015428,N
Tot_39.0m,2004-09-07 17:00:00,102.701994,0.11682534,N
Tot_39.0m,2004-09-07 18:00:00,102.806194,0.15204644,N
Tot_39.0m,2004-09-07 19:00:00,102.780394,0.155712556,N
Tot_39.0m,2004-09-07 20:00:00,102.870794,0.17288447,N
Tot_39.0m,2004-09-07 21:00:00,103.068394,0.198635345,N
Tot_39.0m,2004-09-07 22:00:00,103.014594,0.222568282,N
Tot_39.0m,2004-09-07 23:00:00,103.099994,0.217697496,N
Tot_39.0m,2004-09-08 00:00:00,103.070994,0.241406711,N
Tot_39.0m,2004-09-08 01:00:00,103.076994,0.282072473,N
Tot_39.0m,2004-09-08 02:00:00,103.107394,0.274984363,N
Tot_39.0m,2004-09-08 03:00:00,103.151594,0.255713668,N
Tot_39.0m,2004-09-08 04:00:00,103.060194,0.238707939,N
Tot_39.0m,2004-09-08 05:00:00,103.116194,0.257619875,N
Tot_39.0m,2004-09-08 06:00:00,103.124794,0.260668218,N
Tot_39.0m,2004-09-08 07:00:00,103.042794,0.27927456,N
Tot_39.0m,2004-09-08 08:00:00,103.012194,0.298401206,N
Tot_39.0m,2004-09-08 09:00:00,102.996394,0.295070229,N
Tot_39.0m,2004-09-08 10:00:00,102.898794,0.279877831,N
Tot_39.0m,2004-09-08 11:00:00,102.800994,0.278557212,N
Tot_39.0m,2004-09-08 12:00:00,102.702194,0.277421845,N
Tot_39.0m,2004-09-08 13:00:00,102.689994,0.290800275,N
Tot_39.0m,2004-09-08 14:00:00,102.675394,0.294428803,N
Tot_39.0m,2004-09-08 15:00:00,102.639794,0.310845299,N
Tot_39.0m,2004-09-08 16:00:00,102.661794,0.306946901,N
Tot_39.0m,2004-09-08 17:00:00,102.672594,0.315044124,N
Tot_39.0m,2004-09-08 18:00:00,102.777794,0.272189713,N
Tot_39.0m,2004-09-08 19:00:00,102.868194,0.245130578,N
Tot_39.0m,2004-09-08 20:00:00,102.911994,0.198377922,N
Tot_39.0m,2004-09-08 21:00:00,102.990194,0.184707877,N
Tot_39.0m,2004-09-08 22:00:00,102.974394,0.180897761,N
Tot_39.0m,2004-09-08 23:00:00,102.978194,0.165134127,N
Tot_39.0m,2004-09-09 00:00:00,103.019594,0.166017349,N
Tot_39.0m,2004-09-09 01:00:00,103.124594,0.156044353,N
Tot_39.0m,2004-09-09 02:00:00,103.122194,0.12359191,N
Tot_39.0m,2004-09-09 03:00:00,103.084194,0.124458025,N
Tot_39.0m,2004-09-09 04:00:00,103.124594,0.113488149,N
Tot_39.0m,2004-09-09 05:00:00,103.106394,0.118448639,N
Tot_39.0m,2004-09-09 06:00:00,103.045194,0.12198049,N
Tot_39.0m,2004-09-09 07:00:00,103.173794,0.100395418,N
Tot_39.0m,2004-09-09 08:00:00,102.991594,0.105785443,N
Tot_39.0m,2004-09-09 09:00:00,102.868394,0.113476341,N
Tot_39.0m,2004-09-09 10:00:00,102.926594,0.105206274,N
Tot_39.0m,2004-09-09 11:00:00,102.841194,0.080745031,N
Tot_39.0m,2004-09-09 12:00:00,102.731394,0.103682014,N
Tot_39.0m,2004-09-09 13:00:00,102.689594,0.065473048,N
Tot_39.0m,2004-09-09 14:00:00,102.711794,0.070610198,N
Tot_39.0m,2004-09-09 15:00:00,102.689794,0.106376877,N
Tot_39.0m,2004-09-09 16:00:00,102.703394,0.099757506,N
Tot_39.0m,2004-09-09 17:00:00,102.666594,0.075081289,N
Tot_39.0m,2004-09-09 18:00:00,102.737594,0.110392029,N
Tot_39.0m,2004-09-09 19:00:00,102.705794,0.088511468,N
Tot_39.0m,2004-09-09 20:00:00,102.843994,0.075477414,N
Tot_39.0m,2004-09-09 21:00:00,102.848594,0.079458165,N
Tot_39.0m,2004-09-09 22:00:00,102.809594,0.066440048,N
Tot_39.0m,2004-09-09 23:00:00,103.002594,0.087343002,N
Tot_39.0m,2004-09-10 00:00:00,103.003594,0.080377609,N
Tot_39.0m,2004-09-10 01:00:00,103.026994,0.08468341,N
Tot_39.0m,2004-09-10 02:00:00,103.015794,0.065207668,N
Tot_39.0m,2004-09-10 03:00:00,103.214994,0.106225609,N
Tot_39.0m,2004-09-10 04:00:00,103.218794,0.125910762,N
Tot_39.0m,2004-09-10 05:00:00,102.997794,0.081380342,N
Tot_39.0m,2004-09-10 06:00:00,103.051394,0.109919243,N
Tot_39.0m,2004-09-10 07:00:00,103.042794,0.075006666,N
Tot_39.0m,2004-09-10 08:00:00,103.013394,0.104210557,N
Tot_39.0m,2004-09-10 09:00:00,103.004994,0.107228727,N
Tot_39.0m,2004-09-10 10:00:00,102.956194,0.055647462,N
Tot_39.0m,2004-09-10 11:00:00,102.871794,0.100471887,N
Tot_39.0m,2004-09-10 12:00:00,102.853394,0.088814413,N
Tot_39.0m,2004-09-10 13:00:00,102.739994,0.091119263,N
Tot_39.0m,2004-09-10 14:00:00,102.778794,0.09531107,N
Tot_39.0m,2004-09-10 15:00:00,102.528794,0.077930225,N
Tot_39.0m,2004-09-10 16:00:00,102.634994,0.049325855,N
Tot_39.0m,2004-09-10 17:00:00,102.633794,0.069366274,N
Tot_39.0m,2004-09-10 18:00:00,102.678794,0.106010754,N
Tot_39.0m,2004-09-10 19:00:00,102.693594,0.093871828,N
Tot_39.0m,2004-09-10 20:00:00,102.929194,0.097267672,N
Tot_39.0m,2004-09-10 21:00:00,103.039194,0.097197737,N
Tot_39.0m,2004-09-10 22:00:00,102.734994,0.103539944,N
Tot_39.0m,2004-09-10 23:00:00,103.070594,0.075745363,N
Tot_39.0m,2004-09-11 00:00:00,102.947394,0.060502561,N
Tot_39.0m,2004-09-11 01:00:00,102.957194,0.042338162,N
Tot_39.0m,2004-09-11 02:00:00,102.865794,0.067729462,N
Tot_39.0m,2004-09-11 03:00:00,102.909794,0.092856879,N
Tot_39.0m,2004-09-11 04:00:00,102.984194,0.10567308,N
Tot_39.0m,2004-09-11 05:00:00,103.017194,0.081203202,N
Tot_39.0m,2004-09-11 06:00:00,103.100194,0.093984041,N
Tot_39.0m,2004-09-11 07:00:00,103.285794,0.042867237,N
Tot_39.0m,2004-09-11 08:00:00,103.039194,0.050973327,N
Tot_39.0m,2004-09-11 09:00:00,103.072194,0.075603439,N
Tot_39.0m,2004-09-11 10:00:00,102.915994,0.079456655,N
Tot_39.0m,2004-09-11 11:00:00,102.980594,0.084019284,N
Tot_39.0m,2004-09-11 12:00:00,102.815594,0.097027213,N
Tot_39.0m,2004-09-11 13:00:00,102.722994,0.051742439,N
Tot_39.0m,2004-09-11 14:00:00,102.687394,0.031570239,N
Tot_39.0m,2004-09-11 15:00:00,102.597194,0.0164,N
Tot_39.0m,2004-09-11 16:00:00,102.632594,0.010499524,N
Tot_39.0m,2004-09-11 17:00:00,102.699794,0.031742086,N
Tot_39.0m,2004-09-11 18:00:00,102.733994,0.027679595,N
Tot_39.0m,2004-09-11 19:00:00,102.727594,0.04597434,N
Tot_39.0m,2004-09-11 20:00:00,102.783794,0.082051935,N
Tot_39.0m,2004-09-11 21:00:00,102.771594,0.102228176,N
Tot_39.0m,2004-09-11 22:00:00,102.815594,0.104765262,N
Tot_39.0m,2004-09-11 23:00:00,102.874394,0.117816977,N
Tot_39.0m,2004-09-12 00:00:00,102.838994,0.107314864,N
Tot_39.0m,2004-09-12 01:00:00,102.836394,0.116251451,N
Tot_39.0m,2004-09-12 02:00:00,102.872994,0.138180462,N
Tot_39.0m,2004-09-12 03:00:00,102.887994,0.128072792,N
Tot_39.0m,2004-09-12 04:00:00,103.018394,0.09730961,N
Tot_39.0m,2004-09-12 05:00:00,103.043994,0.110679718,N
Tot_39.0m,2004-09-12 06:00:00,103.119594,0.104690973,N
Tot_39.0m,2004-09-12 07:00:00,103.093994,0.078079447,N
Tot_39.0m,2004-09-12 08:00:00,103.136794,0.093010537,N
Tot_39.0m,2004-09-12 09:00:00,103.116194,0.097239087,N
Tot_39.0m,2004-09-12 10:00:00,103.057594,0.108737114,N
Tot_39.0m,2004-09-12 11:00:00,102.946394,0.106567162,N
Tot_39.0m,2004-09-12 12:00:00,102.848594,0.093482405,N
Tot_39.0m,2004-09-12 13:00:00,102.732594,0.087748961,N
Tot_39.0m,2004-09-12 14:00:00,102.753394,0.097401848,N
Tot_39.0m,2004-09-12 15:00:00,102.705994,0.120569482,N
Tot_39.0m,2004-09-12 16:00:00,102.616594,0.119208221,N
Tot_39.0m,2004-09-12 17:00:00,102.611794,0.148533767,N
Tot_39.0m,2004-09-12 18:00:00,102.678994,0.156636266,N
Tot_39.0m,2004-09-12 19:00:00,102.757394,0.177315989,N
Tot_39.0m,2004-09-12 20:00:00,102.796394,0.175789988,N
Tot_39.0m,2004-09-12 21:00:00,102.877994,0.185756938,N
Tot_39.0m,2004-09-12 22:00:00,102.968394,0.201019501,N
Tot_39.0m,2004-09-12 23:00:00,102.909794,0.223473846,N
Tot_39.0m,2004-09-13 00:00:00,102.883994,0.233760989,N
Tot_39.0m,2004-09-13 01:00:00,102.814594,0.223385048,N
Tot_39.0m,2004-09-13 02:00:00,102.907394,0.220193823,N
Tot_39.0m,2004-09-13 03:00:00,102.937794,0.275647601,N
Tot_39.0m,2004-09-13 04:00:00,102.985394,0.331559467,N
Tot_39.0m,2004-09-13 05:00:00,102.968394,0.352082036,N
Tot_39.0m,2004-09-13 06:00:00,103.075994,0.383032635,N
Tot_39.0m,2004-09-13 07:00:00,103.156394,0.351211162,N
Tot_39.0m,2004-09-13 08:00:00,103.218394,0.35846813,N
Tot_39.0m,2004-09-13 09:00:00,103.172194,0.357606487,N
Tot_39.0m,2004-09-13 10:00:00,103.141794,0.351213326,N
Tot_39.0m,2004-09-13 11:00:00,103.120994,0.368284075,N
Tot_39.0m,2004-09-13 12:00:00,103.013394,0.36540197,N
Tot_39.0m,2004-09-13 13:00:00,102.864394,0.338023668,N
Tot_39.0m,2004-09-13 14:00:00,102.869194,0.287397146,N
Tot_39.0m,2004-09-13 15:00:00,102.783794,0.28164041,N
Tot_39.0m,2004-09-13 16:00:00,102.751994,0.272433185,N
Tot_39.0m,2004-09-13 17:00:00,102.731394,0.304791076,N
Tot_39.0m,2004-09-13 18:00:00,102.727794,0.307762571,N
Tot_39.0m,2004-09-13 19:00:00,102.844994,0.295142677,N
Tot_39.0m,2004-09-13 20:00:00,102.872994,0.346806747,N
Tot_39.0m,2004-09-13 21:00:00,102.946394,0.291363141,N
Tot_39.0m,2004-09-13 22:00:00,103.006194,0.287328731,N
Tot_39.0m,2004-09-13 23:00:00,102.920594,0.30956098,N
Tot_39.0m,2004-09-14 00:00:00,102.884394,0.319312888,N
Tot_39.0m,2004-09-14 01:00:00,102.868194,0.316254644,N
Tot_39.0m,2004-09-14 02:00:00,102.899794,0.318082065,N
Tot_39.0m,2004-09-14 03:00:00,102.906994,0.335179056,N
Tot_39.0m,2004-09-14 04:00:00,102.908594,0.362833295,N
Tot_39.0m,2004-09-14 05:00:00,102.969594,0.366815758,N
Tot_39.0m,2004-09-14 06:00:00,103.087994,0.340768602,N
Tot_39.0m,2004-09-14 07:00:00,103.046394,0.301390113,N
Tot_39.0m,2004-09-14 08:00:00,103.113794,0.326068091,N
Tot_39.0m,2004-09-14 09:00:00,103.239594,0.328346707,N
Tot_39.0m,2004-09-14 10:00:00,103.296594,0.318009874,N
Tot_39.0m,2004-09-14 11:00:00,103.160194,0.283937247,N
Tot_39.0m,2004-09-14 12:00:00,103.095394,0.272144079,N
Tot_39.0m,2004-09-14 13:00:00,102.910794,0.272613206,N
Tot_39.0m,2004-09-14 14:00:00,102.944994,0.234536224,N
Tot_39.0m,2004-09-14 15:00:00,102.899994,0.214353912,N
Tot_39.0m,2004-09-14 16:00:00,102.684994,0.196835464,N
Tot_39.0m,2004-09-14 17:00:00,102.786194,0.269836468,N
Tot_39.0m,2004-09-14 18:00:00,102.777994,0.220584315,N
Tot_39.0m,2004-09-14 19:00:00,102.845194,0.185605711,N
Tot_39.0m,2004-09-14 20:00:00,103.032994,0.206931293,N
Tot_39.0m,2004-09-14 21:00:00,102.931794,0.290202757,N
Tot_39.0m,2004-09-14 22:00:00,102.973394,0.308196366,N
Tot_39.0m,2004-09-14 23:00:00,102.973394,0.270890457,N
Tot_39.0m,2004-09-15 00:00:00,102.926794,0.219585428,N
Tot_39.0m,2004-09-15 01:00:00,102.925594,0.217865463,N
Tot_39.0m,2004-09-15 02:00:00,102.849794,0.263099449,N
Tot_39.0m,2004-09-15 03:00:00,102.824394,0.292440284,N
Tot_39.0m,2004-09-15 04:00:00,102.828994,0.291800274,N
Tot_39.0m,2004-09-15 05:00:00,102.828994,0.267647679,N
Tot_39.0m,2004-09-15 06:00:00,102.948994,0.272928782,N
Tot_39.0m,2004-09-15 07:00:00,102.984194,0.282468051,N
Tot_39.0m,2004-09-15 08:00:00,103.046394,0.249878051,N
Tot_39.0m,2004-09-15 09:00:00,103.117194,0.218387729,N
Tot_39.0m,2004-09-15 10:00:00,103.164994,0.195616154,N
Tot_39.0m,2004-09-15 11:00:00,103.141794,0.156253128,N
Tot_39.0m,2004-09-15 12:00:00,103.044994,0.205892788,N
Tot_39.0m,2004-09-15 13:00:00,103.037994,0.178871686,N
Tot_39.0m,2004-09-15 14:00:00,102.895994,0.151536663,N
Tot_39.0m,2004-09-15 15:00:00,102.848394,0.140730239,N
Tot_39.0m,2004-09-15 16:00:00,102.827794,0.139187355,N
Tot_39.0m,2004-09-15 17:00:00,102.799594,0.139843483,N
Tot_39.0m,2004-09-15 18:00:00,102.903594,0.160860187,N
Tot_39.0m,2004-09-15 19:00:00,102.906194,0.163080593,N
Tot_39.0m,2004-09-15 20:00:00,102.985594,0.165716022,N
Tot_39.0m,2004-09-15 21:00:00,103.042994,0.160537347,N
Tot_39.0m,2004-09-15 22:00:00,102.959594,0.180446669,N
Tot_39.0m,2004-09-15 23:00:00,102.976794,0.172422736,N
Tot_39.0m,2004-09-16 00:00:00,103.013394,0.169906445,N
Tot_39.0m,2004-09-16 01:00:00,102.951394,0.18608224,N
Tot_39.0m,2004-09-16 02:00:00,102.892594,0.171809778,N
Tot_39.0m,2004-09-16 03:00:00,102.851194,0.16765894,N
Tot_39.0m,2004-09-16 04:00:00,102.819594,0.158012658,N
Tot_39.0m,2004-09-16 05:00:00,102.948794,0.143263254,N
Tot_39.0m,2004-09-16 06:00:00,102.910994,0.132364648,N
Tot_39.0m,2004-09-16 07:00:00,102.997594,0.129920746,N
Tot_39.0m,2004-09-16 08:00:00,102.987794,0.106381389,N
Tot_39.0m,2004-09-16 09:00:00,103.124594,0.079067819,N
Tot_39.0m,2004-09-16 10:00:00,103.162594,0.087431115,N
Tot_39.0m,2004-09-16 11:00:00,103.174794,0.068981447,N
Tot_39.0m,2004-09-16 12:00:00,103.215994,0.073301842,N
Tot_39.0m,2004-09-16 13:00:00,103.069594,0.066316212,N
Tot_39.0m,2004-09-16 14:00:00,102.953594,0.053411984,N
Tot_39.0m,2004-09-16 15:00:00,102.869394,0.044481457,N
Tot_39.0m,2004-09-16 16:00:00,102.907394,0.017004705,N
Tot_39.0m,2004-09-16 17:00:00,102.921994,0.020263268,N
Tot_39.0m,2004-09-16 18:00:00,102.878994,0.04060591,N
Tot_39.0m,2004-09-16 19:00:00,103.019594,0.070377838,N
Tot_39.0m,2004-09-16 20:00:00,103.129594,0.052051129,N
Tot_39.0m,2004-09-16 21:00:00,103.106594,0.079625623,N
Tot_39.0m,2004-09-16 22:00:00,103.113594,0.097588934,N
Tot_39.0m,2004-09-16 23:00:00,103.123394,0.08668933,N
Tot_39.0m,2004-09-17 00:00:00,103.083194,0.094413982,N
Tot_39.0m,2004-09-17 01:00:00,103.056394,0.113421338,N
Tot_39.0m,2004-09-17 02:00:00,103.029394,0.13795318,N
Tot_39.0m,2004-09-17 03:00:00,102.990394,0.123856852,N
Tot_39.0m,2004-09-17 04:00:00,102.878994,0.139409613,N
Tot_39.0m,2004-09-17 05:00:00,102.863394,0.144212343,N
Tot_39.0m,2004-09-17 06:00:00,102.838794,0.15427469,N
Tot_39.0m,2004-09-17 07:00:00,102.942594,0.152084845,N
Tot_39.0m,2004-09-17 08:00:00,102.960994,0.17277604,N
Tot_39.0m,2004-09-17 09:00:00,102.981794,0.191423405,N
Tot_39.0m,2004-09-17 10:00:00,103.010794,0.237200337,N
Tot_39.0m,2004-09-17 11:00:00,103.035394,0.269150069,N
Tot_39.0m,2004-09-17 12:00:00,102.954994,0.289862864,N
Tot_39.0m,2004-09-17 13:00:00,102.993994,0.296161172,N
Tot_39.0m,2004-09-17 14:00:00,102.942794,0.277275675,N
Tot_39.0m,2004-09-17 15:00:00,102.936394,0.296568441,N
Tot_39.0m,2004-09-17 16:00:00,102.912394,0.2554736,N
Tot_39.0m,2004-09-17 17:00:00,102.888994,0.225231258,N
Tot_39.0m,2004-09-17 18:00:00,102.959794,0.209677562,N
Tot_39.0m,2004-09-17 19:00:00,103.014594,0.250489601,N
Tot_39.0m,2004-09-17 20:00:00,103.073394,0.254364306,N
Tot_39.0m,2004-09-17 21:00:00,103.109994,0.283669243,N
Tot_39.0m,2004-09-17 22:00:00,103.166194,0.272276697,N
Tot_39.0m,2004-09-17 23:00:00,103.149194,0.260403764,N
Tot_39.0m,2004-09-18 00:00:00,103.125794,0.254102735,N
Tot_39.0m,2004-09-18 01:00:00,103.097794,0.235721361,N
Tot_39.0m,2004-09-18 02:00:00,103.007394,0.185637173,N
Tot_39.0m,2004-09-18 03:00:00,102.981794,0.141141064,N
Tot_39.0m,2004-09-18 04:00:00,102.900994,0.128800621,N
Tot_39.0m,2004-09-18 05:00:00,102.832994,0.120386378,N
Tot_39.0m,2004-09-18 06:00:00,102.815794,0.121122912,N
Tot_39.0m,2004-09-18 07:00:00,102.832794,0.155721418,N
Tot_39.0m,2004-09-18 08:00:00,102.869394,0.164242869,N
Tot_39.0m,2004-09-18 09:00:00,102.935394,0.15838409,N
Tot_39.0m,2004-09-18 10:00:00,102.957394,0.210752557,N
Tot_39.0m,2004-09-18 11:00:00,102.902594,0.227507714,N
Tot_39.0m,2004-09-18 12:00:00,102.959794,0.254380188,N
Tot_39.0m,2004-09-18 13:00:00,102.922994,0.318252792,N
Tot_39.0m,2004-09-18 14:00:00,102.907194,0.362634913,N
Tot_39.0m,2004-09-18 15:00:00,102.883994,0.328453405,N
Tot_39.0m,2004-09-18 16:00:00,102.893794,0.250108217,N
Tot_39.0m,2004-09-18 17:00:00,102.924194,0.153169318,N
Tot_39.0m,2004-09-18 18:00:00,102.957394,0.197359368,N
Tot_39.0m,2004-09-18 19:00:00,103.066994,0.170321226,N
Tot_39.0m,2004-09-18 20:00:00,103.154994,0.139368289,N
Tot_39.0m,2004-09-18 21:00:00,103.191794,0.113581161,N
Tot_39.0m,2004-09-18 22:00:00,103.247994,0.090099722,N
Tot_39.0m,2004-09-18 23:00:00,103.230794,0.097744565,N
Tot_39.0m,2004-09-19 00:00:00,103.229594,0.110809747,N
Tot_39.0m,2004-09-19 01:00:00,103.203994,0.111046837,N
Tot_39.0m,2004-09-19 02:00:00,103.175794,0.103905534,N
Tot_39.0m,2004-09-19 03:00:00,103.117394,0.119081317,N
Tot_39.0m,2004-09-19 04:00:00,103.034394,0.133377659,N
Tot_39.0m,2004-09-19 05:00:00,102.986594,0.130338175,N
Tot_39.0m,2004-09-19 06:00:00,102.940394,0.139193391,N
Tot_39.0m,2004-09-19 07:00:00,102.912194,0.171867042,N
Tot_39.0m,2004-09-19 08:00:00,102.921994,0.169350052,N
Tot_39.0m,2004-09-19 09:00:00,102.849994,0.187294421,N
Tot_39.0m,2004-09-19 10:00:00,102.876594,0.159884959,N
Tot_39.0m,2004-09-19 11:00:00,102.885394,0.154986451,N
Tot_39.0m,2004-09-19 12:00:00,102.872994,0.205192787,N
Tot_39.0m,2004-09-19 13:00:00,102.880594,0.207511445,N
Tot_39.0m,2004-09-19 14:00:00,102.881994,0.195440221,N
Tot_39.0m,2004-09-19 15:00:00,102.875594,0.237175716,N
Tot_39.0m,2004-09-19 16:00:00,102.891594,0.276141485,N
Tot_39.0m,2004-09-19 17:00:00,102.883994,0.304897884,N
Tot_39.0m,2004-09-19 18:00:00,103.005994,0.329073852,N
Tot_39.0m,2004-09-19 19:00:00,103.122394,0.34008246,N
Tot_39.0m,2004-09-19 20:00:00,103.151594,0.279332418,N
Tot_39.0m,2004-09-19 21:00:00,103.257594,0.253924161,N
Tot_39.0m,2004-09-19 22:00:00,103.303994,0.292242776,N
Tot_39.0m,2004-09-19 23:00:00,103.300394,0.127897772,N
Tot_39.0m,2004-09-20 00:00:00,103.258794,0.030408551,N
Tot_39.0m,2004-09-20 01:00:00,103.276194,0.198145199,N
Tot_39.0m,2004-09-20 02:00:00,103.199194,0.211106039,N
Tot_39.0m,2004-09-20 03:00:00,103.150194,0.2136704,N
Tot_39.0m,2004-09-20 04:00:00,103.097994,0.215928229,N
Tot_39.0m,2004-09-20 05:00:00,103.012394,0.219484578,N
Tot_39.0m,2004-09-20 06:00:00,103.087994,0.231233648,N
Tot_39.0m,2004-09-20 07:00:00,102.960994,0.219674396,N
Tot_39.0m,2004-09-20 08:00:00,102.811994,0.225127964,N
Tot_39.0m,2004-09-20 09:00:00,102.775194,0.29226269,N
Tot_39.0m,2004-09-20 10:00:00,102.787394,0.339382322,N
Tot_39.0m,2004-09-20 11:00:00,102.808394,0.315503534,N
Tot_39.0m,2004-09-20 12:00:00,102.891394,0.408471591,N
Tot_39.0m,2004-09-20 13:00:00,102.794794,0.360331625,N
Tot_39.0m,2004-09-20 14:00:00,102.845994,0.266342411,N
Tot_39.0m,2004-09-20 15:00:00,102.908594,0.252133694,N
Tot_39.0m,2004-09-20 16:00:00,102.913394,0.359015766,N
Tot_39.0m,2004-09-20 17:00:00,102.915994,0.348096136,N
Tot_39.0m,2004-09-20 18:00:00,102.986394,0.357874838,N
Tot_39.0m,2004-09-20 19:00:00,102.998994,0.334635324,N
Tot_39.0m,2004-09-20 20:00:00,103.030794,0.378737376,N
Tot_39.0m,2004-09-20 21:00:00,103.230794,0.404979604,N
Tot_39.0m,2004-09-20 22:00:00,103.325994,0.415942015,N
Tot_39.0m,2004-09-20 23:00:00,103.300394,0.416681941,N
Tot_39.0m,2004-09-21 00:00:00,103.272194,0.36984202,N
Tot_39.0m,2004-09-21 01:00:00,103.409194,0.371456808,N
Tot_39.0m,2004-09-21 02:00:00,103.362594,0.316002278,N
Tot_39.0m,2004-09-21 03:00:00,103.244194,0.30376886,N
Tot_39.0m,2004-09-21 04:00:00,103.154994,0.172513767,N
Tot_39.0m,2004-09-21 05:00:00,103.133394,0.234670237,N
Tot_39.0m,2004-09-21 06:00:00,103.023194,0.199081591,N
Tot_39.0m,2004-09-21 07:00:00,103.095194,0.19645264,N
Tot_39.0m,2004-09-21 08:00:00,103.053794,0.169420305,N
Tot_39.0m,2004-09-21 09:00:00,103.023194,0.12689933,N
Tot_39.0m,2004-09-21 10:00:00,102.911994,0.092746537,N
Tot_39.0m,2004-09-21 11:00:00,102.867194,0.082000976,N
Tot_39.0m,2004-09-21 12:00:00,102.769394,0.115600173,N
Tot_39.0m,2004-09-21 13:00:00,102.692194,0.137974635,N
Tot_39.0m,2004-09-21 14:00:00,102.718994,0.136566614,N
Tot_39.0m,2004-09-21 15:00:00,102.714394,0.108175043,N
Tot_39.0m,2004-09-21 16:00:00,102.770794,0.104739295,N
Tot_39.0m,2004-09-21 17:00:00,102.775394,0.084532834,N
Tot_39.0m,2004-09-21 18:00:00,102.931594,0.111647481,N
Tot_39.0m,2004-09-21 19:00:00,102.990394,0.116602744,N
Tot_39.0m,2004-09-21 20:00:00,103.006194,0.086445358,N
Tot_39.0m,2004-09-21 21:00:00,103.084394,0.095185083,N
Tot_39.0m,2004-09-21 22:00:00,103.202794,0.093194421,N
Tot_39.0m,2004-09-21 23:00:00,103.277394,0.072622036,N
Tot_39.0m,2004-09-22 00:00:00,103.140394,0.087397254,N
Tot_39.0m,2004-09-22 01:00:00,103.185594,0.081918008,N
Tot_39.0m,2004-09-22 02:00:00,103.211394,0.093236259,N
Tot_39.0m,2004-09-22 03:00:00,103.229794,0.055280014,N
Tot_39.0m,2004-09-22 04:00:00,103.216194,0.035005143,N
Tot_39.0m,2004-09-22 05:00:00,103.251594,0.043655469,N
Tot_39.0m,2004-09-22 06:00:00,103.296794,0.03116023,N
Tot_39.0m,2004-09-22 07:00:00,103.162394,0.022389283,N
Tot_39.0m,2004-09-22 08:00:00,102.980794,0.02243212,N
Tot_39.0m,2004-09-22 09:00:00,102.938994,0.043928124,N
Tot_39.0m,2004-09-22 10:00:00,102.760794,0.014239382,N
Tot_39.0m,2004-09-22 11:00:00,102.872994,0.04662746,N
Tot_39.0m,2004-09-22 12:00:00,102.655794,0.045730077,N
Tot_39.0m,2004-09-22 13:00:00,102.680194,0.066055129,N
Tot_39.0m,2004-09-22 14:00:00,102.662994,0.029268413,N
Tot_39.0m,2004-09-22 15:00:00,102.599394,0.04163316,N
Tot_39.0m,2004-09-22 16:00:00,102.686194,0.042953463,N
Tot_39.0m,2004-09-22 17:00:00,102.780194,0.050229871,N
Tot_39.0m,2004-09-22 18:00:00,102.829194,0.068978837,N
Tot_39.0m,2004-09-22 19:00:00,102.886594,0.063890531,N
Tot_39.0m,2004-09-22 20:00:00,102.861994,0.063763626,N
Tot_39.0m,2004-09-22 21:00:00,103.040394,0.075705747,N
Tot_39.0m,2004-09-22 22:00:00,103.076994,0.06751859,N
Tot_39.0m,2004-09-22 23:00:00,103.196794,0.070590934,N
Tot_39.0m,2004-09-23 00:00:00,103.183394,0.090801983,N
Tot_39.0m,2004-09-23 01:00:00,103.288394,0.071760713,N
Tot_39.0m,2004-09-23 02:00:00,103.239394,0.052441586,N
Tot_39.0m,2004-09-23 03:00:00,103.236994,0.060027327,N
Tot_39.0m,2004-09-23 04:00:00,103.225994,0.036526155,N
Tot_39.0m,2004-09-23 05:00:00,103.125794,0.040957539,N
Tot_39.0m,2004-09-23 06:00:00,103.170994,0.03896306,N
Tot_39.0m,2004-09-23 07:00:00,103.131794,0.052892344,N
Tot_39.0m,2004-09-23 08:00:00,103.009794,0.07271781,N
Tot_39.0m,2004-09-23 09:00:00,102.953594,0.061311337,N
Tot_39.0m,2004-09-23 10:00:00,102.904594,0.062541506,N
Tot_39.0m,2004-09-23 11:00:00,102.802194,0.055791756,N
Tot_39.0m,2004-09-23 12:00:00,102.679794,0.052203065,N
Tot_39.0m,2004-09-23 13:00:00,102.571394,0.052801515,N
Tot_39.0m,2004-09-23 14:00:00,102.507994,0.051869452,N
Tot_39.0m,2004-09-23 15:00:00,102.528594,0.057512781,N
Tot_39.0m,2004-09-23 16:00:00,102.589794,0.03800842,N
Tot_39.0m,2004-09-23 17:00:00,102.623994,0.038136597,N
Tot_39.0m,2004-09-23 18:00:00,102.722794,0.066100832,N
Tot_39.0m,2004-09-23 19:00:00,102.809594,0.041979519,N
Tot_39.0m,2004-09-23 20:00:00,102.837594,0.054241312,N
Tot_39.0m,2004-09-23 21:00:00,102.905794,0.033347864,N
Tot_39.0m,2004-09-23 22:00:00,102.954994,0.034720023,N
Tot_39.0m,2004-09-23 23:00:00,103.079394,0.084608274,N
Tot_39.0m,2004-09-24 00:00:00,103.087994,0.005939697,N
Tot_39.0m,2004-09-24 01:00:00,103.159994,0.00863713,N
Tot_39.0m,2004-09-24 02:00:00,103.086594,0.038086743,N
Tot_39.0m,2004-09-24 03:00:00,103.161194,0.06655554,N
Tot_39.0m,2004-09-24 04:00:00,103.120794,0.096308878,N
Tot_39.0m,2004-09-24 05:00:00,103.192794,0.039864772,N
Tot_39.0m,2004-09-24 06:00:00,103.194194,0.025229347,N
Tot_39.0m,2004-09-24 07:00:00,103.053794,0.046675904,N
Tot_39.0m,2004-09-24 08:00:00,103.017194,0.041345858,N
Tot_39.0m,2004-09-24 09:00:00,102.992794,0.038665747,N
Tot_39.0m,2004-09-24 10:00:00,102.864394,0.038792268,N
Tot_39.0m,2004-09-24 11:00:00,102.765594,0.051429563,N
Tot_39.0m,2004-09-24 12:00:00,102.677794,0.087575796,N
Tot_39.0m,2004-09-24 13:00:00,102.764394,0.107787197,N
Tot_39.0m,2004-09-24 14:00:00,102.518994,0.121328809,N
Tot_39.0m,2004-09-24 15:00:00,102.443194,0.088120146,N
Tot_39.0m,2004-09-24 16:00:00,102.564194,0.08923497,N
Tot_39.0m,2004-09-24 17:00:00,102.761994,0.167650232,N
Tot_39.0m,2004-09-24 18:00:00,102.658194,0.205464741,N
Tot_39.0m,2004-09-24 19:00:00,102.894994,0.179878737,N
Tot_39.0m,2004-09-24 20:00:00,102.875394,0.165908529,N
Tot_39.0m,2004-09-24 21:00:00,102.786594,0.170817563,N
Tot_39.0m,2004-09-24 22:00:00,103.067394,0.154324334,N
Tot_39.0m,2004-09-24 23:00:00,102.804594,0.14433572,N
Tot_39.0m,2004-09-25 00:00:00,102.990194,0.109878479,N
Tot_39.0m,2004-09-25 01:00:00,103.108594,0.104338871,N
Tot_39.0m,2004-09-25 02:00:00,102.937794,0.083840086,N
Tot_39.0m,2004-09-25 03:00:00,102.908594,0.092304929,N
Tot_39.0m,2004-09-25 04:00:00,103.019594,0.065821881,N
Tot_39.0m,2004-09-25 05:00:00,103.146394,0.062633538,N
Tot_39.0m,2004-09-25 06:00:00,102.984194,0.030066593,N
Tot_39.0m,2004-09-25 07:00:00,103.102594,0.009848857,N
Tot_39.0m,2004-09-25 08:00:00,103.134394,0.084939979,N
Tot_39.0m,2004-09-25 09:00:00,103.103794,0.059390235,N
Tot_39.0m,2004-09-25 10:00:00,103.043994,0.032486305,N
Tot_39.0m,2004-09-25 11:00:00,102.869394,0.016046184,N
Tot_39.0m,2004-09-25 12:00:00,102.811994,0.036190606,N
Tot_39.0m,2004-09-25 13:00:00,102.726594,0.06552984,N
Tot_39.0m,2004-09-25 14:00:00,102.671394,0.08872091,N
Tot_39.0m,2004-09-25 15:00:00,102.520194,0.039875808,N
Tot_39.0m,2004-09-25 16:00:00,102.645994,0.056451395,N
Tot_39.0m,2004-09-25 17:00:00,102.689794,0.033661848,N
Tot_39.0m,2004-09-25 18:00:00,102.724194,0.0,N
Tot_39.0m,2004-09-25 19:00:00,102.735194,0.0,N
Tot_39.0m,2004-09-25 20:00:00,102.703394,0.0,N
Tot_39.0m,2004-09-25 21:00:00,102.840994,0.0,N
Tot_39.0m,2004-09-25 22:00:00,102.825194,0.0,N
Tot_39.0m,2004-09-25 23:00:00,102.809594,0.0,N
Tot_39.0m,2004-09-26 00:00:00,102.841194,0.0,N
Tot_39.0m,2004-09-26 01:00:00,102.868194,0.0,N
Tot_39.0m,2004-09-26 02:00:00,102.859594,0.0,N
Tot_39.0m,2004-09-26 03:00:00,102.786394,0.0,N
Tot_39.0m,2004-09-26 04:00:00,102.895194,0.0,N
Tot_39.0m,2004-09-26 05:00:00,103.086794,0.0,N
Tot_39.0m,2004-09-26 06:00:00,103.127194,0.0,N
Tot_39.0m,2004-09-26 07:00:00,103.097594,0.0,N
Tot_39.0m,2004-09-26 08:00:00,103.207594,0.0,N
Tot_39.0m,2004-09-26 09:00:00,103.119794,0.0,N
Tot_39.0m,2004-09-26 10:00:00,103.131994,0.0,N
Tot_39.0m,2004-09-26 11:00:00,102.941394,0.0,N
Tot_39.0m,2004-09-26 12:00:00,102.885194,0.0,N
Tot_39.0m,2004-09-26 13:00:00,102.871794,0.0,N
Tot_39.0m,2004-09-26 14:00:00,102.815594,0.0,N
Tot_39.0m,2004-09-26 15:00:00,102.644794,0.0,N
Tot_39.0m,2004-09-26 16:00:00,102.627794,0.0,N
Tot_39.0m,2004-09-26 17:00:00,102.714394,0.032910181,N
Tot_39.0m,2004-09-26 18:00:00,102.725394,0.007615773,N
Tot_39.0m,2004-09-26 19:00:00,102.721794,0.0329278,N
Tot_39.0m,2004-09-26 20:00:00,102.854794,0.045075049,N
Tot_39.0m,2004-09-26 21:00:00,102.950194,0.030440105,N
Tot_39.0m,2004-09-26 22:00:00,102.875594,0.042303664,N
Tot_39.0m,2004-09-26 23:00:00,102.865794,0.026297528,N
Tot_39.0m,2004-09-27 00:00:00,102.986794,0.019150979,N
Tot_39.0m,2004-09-27 01:00:00,102.938994,0.008820431,N
Tot_39.0m,2004-09-27 02:00:00,102.883794,0.015939887,N
Tot_39.0m,2004-09-27 03:00:00,102.920794,0.027,N
Tot_39.0m,2004-09-27 04:00:00,102.883994,0.03125188,N
Tot_39.0m,2004-09-27 05:00:00,102.954794,0.020834587,N
Tot_39.0m,2004-09-27 06:00:00,103.006394,0.014649232,N
Tot_39.0m,2004-09-27 07:00:00,102.995194,0.025875085,N
Tot_39.0m,2004-09-27 08:00:00,103.131794,0.021700692,N
Tot_39.0m,2004-09-27 09:00:00,103.091394,0.029643212,N
Tot_39.0m,2004-09-27 10:00:00,103.074594,0.042994418,N
Tot_39.0m,2004-09-27 11:00:00,103.066994,0.044992888,N
Tot_39.0m,2004-09-27 12:00:00,102.932794,0.044985775,N
Tot_39.0m,2004-09-27 13:00:00,102.862194,0.055589927,N
Tot_39.0m,2004-09-27 14:00:00,102.776394,0.045134909,N
Tot_39.0m,2004-09-27 15:00:00,102.731194,0.043326666,N
Tot_39.0m,2004-09-27 16:00:00,102.665394,0.026196183,N
Tot_39.0m,2004-09-27 17:00:00,102.721594,0.013613229,N
Tot_39.0m,2004-09-27 18:00:00,102.773994,0.039554014,N
Tot_39.0m,2004-09-27 19:00:00,102.786394,0.027006665,N
Tot_39.0m,2004-09-27 20:00:00,102.827794,0.031787419,N
Tot_39.0m,2004-09-27 21:00:00,102.898794,0.048995102,N
Tot_39.0m,2004-09-27 22:00:00,102.938994,0.05232896,N
Tot_39.0m,2004-09-27 23:00:00,102.969594,0.052497619,N
Tot_39.0m,2004-09-28 00:00:00,102.913594,0.068000001,N
Tot_39.0m,2004-09-28 01:00:00,102.808394,0.069042016,N
Tot_39.0m,2004-09-28 02:00:00,102.775394,0.07844004,N
Tot_39.0m,2004-09-28 03:00:00,102.773194,0.089822269,N
Tot_39.0m,2004-09-28 04:00:00,102.821794,0.085139885,N
Tot_39.0m,2004-09-28 05:00:00,102.831794,0.082751193,N
Tot_39.0m,2004-09-28 06:00:00,102.892594,0.072134319,N
Tot_39.0m,2004-09-28 07:00:00,102.952394,0.065335136,N
Tot_39.0m,2004-09-28 08:00:00,102.949794,0.038117713,N
Tot_39.0m,2004-09-28 09:00:00,103.008594,0.038101443,N
Tot_39.0m,2004-09-28 10:00:00,103.034194,0.04853782,N
Tot_39.0m,2004-09-28 11:00:00,103.042794,0.044868252,N
Tot_39.0m,2004-09-28 12:00:00,102.996394,0.033,N
Tot_39.0m,2004-09-28 13:00:00,102.906194,0.036739625,N
Tot_39.0m,2004-09-28 14:00:00,102.822994,0.036575949,N
Tot_39.0m,2004-09-28 15:00:00,102.821794,0.036639869,N
Tot_39.0m,2004-09-28 16:00:00,102.749594,0.037536649,N
Tot_39.0m,2004-09-28 17:00:00,102.745794,0.015411684,N
Tot_39.0m,2004-09-28 18:00:00,102.870594,0.050219518,N
Tot_39.0m,2004-09-28 19:00:00,102.921994,0.040707738,N
Tot_39.0m,2004-09-28 20:00:00,102.949994,0.055931744,N
Tot_39.0m,2004-09-28 21:00:00,103.000194,0.235488004,N
Tot_39.0m,2004-09-28 22:00:00,102.981994,0.025242029,N
Tot_39.0m,2004-09-28 23:00:00,102.985394,0.038036824,N
Tot_39.0m,2004-09-29 00:00:00,102.938994,0.200722695,N
Tot_39.0m,2004-09-29 01:00:00,102.846194,0.129197678,N
Tot_39.0m,2004-09-29 02:00:00,102.761994,0.0,N
Tot_39.0m,2004-09-29 03:00:00,102.785194,0.0,N
Tot_39.0m,2004-09-29 04:00:00,102.742394,0.190454824,N
Tot_39.0m,2004-09-29 05:00:00,102.744994,0.0,N
Tot_39.0m,2004-09-29 06:00:00,102.754594,0.046035203,N
Tot_39.0m,2004-09-29 07:00:00,102.837594,0.0,N
Tot_39.0m,2004-09-29 08:00:00,102.846394,0.0,N
Tot_39.0m,2004-09-29 09:00:00,102.946194,0.0,N
Tot_39.0m,2004-09-29 10:00:00,102.961194,0.0,N
Tot_39.0m,2004-09-29 11:00:00,102.924194,0.148266787,N
Tot_39.0m,2004-09-29 12:00:00,102.910994,0.032602454,N
Tot_39.0m,2004-09-29 13:00:00,102.849794,0.008440379,N
Tot_39.0m,2004-09-29 14:00:00,102.821594,0.012727922,N
Tot_39.0m,2004-09-29 15:00:00,102.843794,0.010770329,N
Tot_39.0m,2004-09-29 16:00:00,102.814594,0.032967863,N
Tot_39.0m,2004-09-29 17:00:00,102.834194,0.0,N
Tot_39.0m,2004-09-29 18:00:00,102.894194,0.019465868,N
Tot_39.0m,2004-09-29 19:00:00,102.952594,0.0,N
Tot_39.0m,2004-09-29 20:00:00,103.019594,0.0,N
Tot_39.0m,2004-09-29 21:00:00,103.059994,0.035582018,N
Tot_39.0m,2004-09-29 22:00:00,103.078194,0.004440721,N
Tot_39.0m,2004-09-29 23:00:00,103.073394,0.008357033,N
Tot_39.0m,2004-09-30 00:00:00,103.014594,0.072046929,N
Tot_39.0m,2004-09-30 01:00:00,102.965794,0.019832297,N
Tot_39.0m,2004-09-30 02:00:00,102.884194,0.046614161,N
Tot_39.0m,2004-09-30 03:00:00,102.802194,0.020428411,N
Tot_39.0m,2004-09-30 04:00:00,102.770594,0.150971388,N
Tot_39.0m,2004-09-30 05:00:00,102.775594,0.114316228,N
Tot_39.0m,2004-09-30 06:00:00,102.788994,0.122677627,N
Tot_39.0m,2004-09-30 07:00:00,102.815794,0.106521923,N
Tot_39.0m,2004-09-30 08:00:00,102.844994,0.076497582,N
Tot_39.0m,2004-09-30 09:00:00,102.869594,0.092970748,N
Tot_39.0m,2004-09-30 10:00:00,102.867194,0.098270036,N
Tot_39.0m,2004-09-30 11:00:00,102.877994,0.136168278,N
Tot_39.0m,2004-09-30 12:00:00,102.873194,0.142169758,N
Tot_39.0m,2004-09-30 13:00:00,102.863394,0.110143543,N
Tot_39.0m,2004-09-30 14:00:00,102.846394,0.133831237,N
Tot_39.0m,2004-09-30 15:00:00,102.816794,0.116573925,N
Tot_39.0m,2004-09-30 16:00:00,102.819194,0.132517923,N
Tot_39.0m,2004-09-30 17:00:00,102.859594,0.145556587,N
Tot_39.0m,2004-09-30 18:00:00,102.934194,0.096972162,N
Tot_39.0m,2004-09-30 19:00:00,102.972194,0.053160136,N
Tot_39.0m,2004-09-30 20:00:00,103.047794,0.05429733,N
Tot_39.0m,2004-09-30 21:00:00,103.117394,0.083002891,N
Tot_39.0m,2004-09-30 22:00:00,103.118594,0.115604325,N
Tot_39.0m,2004-09-30 23:00:00,103.112194,0.120050989,N
Tot_39.0m,2004-10-01 00:00:00,103.067194,0.112405872,N
Tot_39.0m,2004-10-01 01:00:00,103.002394,0.091519178,N
Tot_39.0m,2004-10-01 02:00:00,102.900994,0.146400547,N
Tot_39.0m,2004-10-01 03:00:00,102.815794,0.154241499,N
Tot_39.0m,2004-10-01 04:00:00,102.762194,0.104789694,N
Tot_39.0m,2004-10-01 05:00:00,102.736394,0.116443978,N
Tot_39.0m,2004-10-01 06:00:00,102.761994,0.123160546,N
Tot_39.0m,2004-10-01 07:00:00,102.781394,0.083347945,N
Tot_39.0m,2004-10-01 08:00:00,102.778994,0.08570881,N
Tot_39.0m,2004-10-01 09:00:00,102.798794,0.117946767,N
Tot_39.0m,2004-10-01 10:00:00,102.810794,0.078077397,N
Tot_39.0m,2004-10-01 11:00:00,102.832794,0.0930473,N
Tot_39.0m,2004-10-01 12:00:00,102.810794,0.088641525,N
Tot_39.0m,2004-10-01 13:00:00,102.803394,0.108744287,N
Tot_39.0m,2004-10-01 14:00:00,102.786394,0.160702458,N
Tot_39.0m,2004-10-01 15:00:00,102.790194,0.171481194,N
Tot_39.0m,2004-10-01 16:00:00,102.799594,0.133816142,N
Tot_39.0m,2004-10-01 17:00:00,102.826394,0.171904741,N
Tot_39.0m,2004-10-01 18:00:00,102.830394,0.142570264,N
Tot_39.0m,2004-10-01 19:00:00,102.925594,0.105415369,N
Tot_39.0m,2004-10-01 20:00:00,103.230794,0.115745928,N
Tot_39.0m,2004-10-01 21:00:00,103.368594,0.083943791,N
Tot_39.0m,2004-10-01 22:00:00,103.156194,0.084363262,N
Tot_39.0m,2004-10-01 23:00:00,103.249194,0.066458107,N
Tot_39.0m,2004-10-02 00:00:00,103.213994,0.071112587,N
Tot_39.0m,2004-10-02 01:00:00,103.182194,0.100461734,N
Tot_39.0m,2004-10-02 02:00:00,103.064794,0.07630806,N
Tot_39.0m,2004-10-02 03:00:00,102.902394,0.075177923,N
Tot_39.0m,2004-10-02 04:00:00,102.853794,0.084369899,N
Tot_39.0m,2004-10-02 05:00:00,102.768194,0.09096197,N
Tot_39.0m,2004-10-02 06:00:00,102.843994,0.087474796,N
Tot_39.0m,2004-10-02 07:00:00,102.758194,0.050984312,N
Tot_39.0m,2004-10-02 08:00:00,102.712994,0.077501226,N
Tot_39.0m,2004-10-02 09:00:00,102.741194,0.048332184,N
Tot_39.0m,2004-10-02 10:00:00,102.794994,0.059464275,N
Tot_39.0m,2004-10-02 11:00:00,102.785194,0.048705236,N
Tot_39.0m,2004-10-02 12:00:00,102.693394,0.019895728,N
Tot_39.0m,2004-10-02 13:00:00,102.809794,0.016651727,N
Tot_39.0m,2004-10-02 14:00:00,102.832794,0.007843469,N
Tot_39.0m,2004-10-02 15:00:00,102.792394,0.045840157,N
Tot_39.0m,2004-10-02 16:00:00,102.717794,0.036464229,N
Tot_39.0m,2004-10-02 17:00:00,102.825394,0.016943436,N
Tot_39.0m,2004-10-02 18:00:00,102.929394,0.022472206,N
Tot_39.0m,2004-10-02 19:00:00,103.019794,0.026675082,N
Tot_39.0m,2004-10-02 20:00:00,103.146594,0.018531055,N
Tot_39.0m,2004-10-02 21:00:00,103.205194,0.027889066,N
Tot_39.0m,2004-10-02 22:00:00,103.178394,0.021645323,N
Tot_39.0m,2004-10-02 23:00:00,103.188194,0.01404564,N
Tot_39.0m,2004-10-03 00:00:00,103.223594,0.00980816,N
Tot_39.0m,2004-10-03 01:00:00,103.136794,0.011428036,N
Tot_39.0m,2004-10-03 02:00:00,103.059794,0.012435433,N
Tot_39.0m,2004-10-03 03:00:00,102.976794,0.017483706,N
Tot_39.0m,2004-10-03 04:00:00,102.876794,0.01744133,N
Tot_39.0m,2004-10-03 05:00:00,102.832794,0.024331872,N
Tot_39.0m,2004-10-03 06:00:00,102.820594,0.020545559,N
Tot_39.0m,2004-10-03 07:00:00,102.724194,0.019984994,N
Tot_39.0m,2004-10-03 08:00:00,102.769194,0.031160231,N
Tot_39.0m,2004-10-03 09:00:00,102.708194,0.056262954,N
Tot_39.0m,2004-10-03 10:00:00,102.786394,0.046016519,N
Tot_39.0m,2004-10-03 11:00:00,102.720394,0.0562466,N
Tot_39.0m,2004-10-03 12:00:00,102.748594,0.055297378,N
Tot_39.0m,2004-10-03 13:00:00,102.684994,0.050357522,N
Tot_39.0m,2004-10-03 14:00:00,102.688594,0.057729369,N
Tot_39.0m,2004-10-03 15:00:00,102.643394,0.037440086,N
Tot_39.0m,2004-10-03 16:00:00,102.732394,0.041696522,N
Tot_39.0m,2004-10-03 17:00:00,102.772794,0.048946093,N
Tot_39.0m,2004-10-03 18:00:00,102.915794,0.048818439,N
Tot_39.0m,2004-10-03 19:00:00,102.977794,0.024930304,N
Tot_39.0m,2004-10-03 20:00:00,103.081794,0.042324934,N
Tot_39.0m,2004-10-03 21:00:00,103.180594,0.061439401,N
Tot_39.0m,2004-10-03 22:00:00,103.219794,0.063248715,N
Tot_39.0m,2004-10-03 23:00:00,103.128194,0.069234961,N
Tot_39.0m,2004-10-04 00:00:00,103.124594,0.075191755,N
Tot_39.0m,2004-10-04 01:00:00,103.123394,0.083762761,N
Tot_39.0m,2004-10-04 02:00:00,103.077194,0.080124154,N
Tot_39.0m,2004-10-04 03:00:00,102.998794,0.119585952,N
Tot_39.0m,2004-10-04 04:00:00,102.962194,0.114601571,N
Tot_39.0m,2004-10-04 05:00:00,102.880594,0.123287144,N
Tot_39.0m,2004-10-04 06:00:00,102.805994,0.145960269,N
Tot_39.0m,2004-10-04 07:00:00,102.792394,0.127430765,N
Tot_39.0m,2004-10-04 08:00:00,102.795994,0.121716391,N
Tot_39.0m,2004-10-04 09:00:00,102.769394,0.104307239,N
Tot_39.0m,2004-10-04 10:00:00,102.769394,0.069527836,N
Tot_39.0m,2004-10-04 11:00:00,102.709594,0.045056409,N
Tot_39.0m,2004-10-04 12:00:00,102.680194,0.060639921,N
Tot_39.0m,2004-10-04 13:00:00,102.674994,0.082355813,N
Tot_39.0m,2004-10-04 14:00:00,102.683794,0.087945437,N
Tot_39.0m,2004-10-04 15:00:00,102.693594,0.09696618,N
Tot_39.0m,2004-10-04 16:00:00,102.747194,0.109230033,N
Tot_39.0m,2004-10-04 17:00:00,102.830194,0.092311212,N
Tot_39.0m,2004-10-04 18:00:00,102.862194,0.108885628,N
Tot_39.0m,2004-10-04 19:00:00,102.929194,0.163027606,N
Tot_39.0m,2004-10-04 20:00:00,103.056194,0.179664577,N
Tot_39.0m,2004-10-04 21:00:00,103.126994,0.223989017,N
Tot_39.0m,2004-10-04 22:00:00,103.132994,0.285177068,N
Tot_39.0m,2004-10-04 23:00:00,103.179394,0.06637379,N
Tot_39.0m,2004-10-05 00:00:00,103.184394,0.031410189,N
Tot_39.0m,2004-10-05 01:00:00,103.163794,0.0,N
Tot_39.0m,2004-10-05 02:00:00,103.139394,0.0,N
Tot_39.0m,2004-10-05 03:00:00,103.056194,0.0,N
Tot_39.0m,2004-10-05 04:00:00,102.972994,0.0,N
Tot_39.0m,2004-10-05 05:00:00,102.913194,0.0,N
Tot_39.0m,2004-10-05 06:00:00,102.894994,0.0,N
Tot_39.0m,2004-10-05 07:00:00,102.863194,0.0,N
Tot_39.0m,2004-10-05 08:00:00,102.846194,0.0,N
Tot_39.0m,2004-10-05 09:00:00,102.782594,0.0,N
Tot_39.0m,2004-10-05 10:00:00,102.765394,0.0,N
Tot_39.0m,2004-10-05 11:00:00,100.0,0.0,N
Tot_39.0m,2004-10-05 12:00:00,100.0,0.0,N
Tot_39.0m,2004-10-05 13:00:00,100.0,0.0,N
Tot_39.0m,2004-10-05 14:00:00,100.0,0.0,N
Tot_39.0m,2004-10-05 15:00:00,100.0,0.0,N
Tot_39.0m,2004-10-05 16:00:00,100.0,0.0,N
Tot_39.0m,2004-10-05 17:00:00,100.0,0.0,N
Tot_39.0m,2004-10-05 18:00:00,100.0,0.0,N
Tot_39.0m,2004-10-05 19:00:00,100.0,0.0,N
Tot_39.0m,2004-10-05 20:00:00,100.0,0.0,N
Tot_39.0m,2004-10-05 21:00:00,100.0,0.0,N
Tot_39.0m,2004-10-05 22:00:00,100.0,0.0,N
Tot_39.0m,2004-10-05 23:00:00,100.0,0.0,N
