time,CHL
2016-04-25,
2016-04-26,2.2947896
2016-04-27,
2016-04-28,
2016-04-29,1.3208358
2016-04-30,3.29036
2016-05-01,
2016-05-02,
2016-05-03,
2016-05-04,
2016-05-05,
2016-05-06,
2016-05-07,1.1657618
2016-05-08,0.40617496
2016-05-09,
2016-05-10,
2016-05-11,0.77190304
2016-05-12,0.7840477
2016-05-13,
2016-05-14,
2016-05-15,1.4869822
2016-05-16,2.0611918
2016-05-17,
2016-05-18,0.26358113
2016-05-19,
2016-05-20,0.8001119
2016-05-21,
2016-05-22,2.287868
2016-05-23,3.2816956
2016-05-24,
2016-05-25,
2016-05-26,2.389664
2016-05-27,1.529394
2016-05-28,
2016-05-29,
2016-05-30,2.0585954
2016-05-31,1.2444454
2016-06-01,
2016-06-02,
2016-06-03,0.60776824
2016-06-04,
2016-06-05,
2016-06-06,
2016-06-07,4.8660436
2016-06-08,2.7416823
2016-06-09,
2016-06-10,
2016-06-11,1.6647594
2016-06-12,2.4423985
2016-06-13,
2016-06-14,1.6585592
2016-06-15,
2016-06-16,
2016-06-17,
2016-06-18,0.9313908
2016-06-19,
2016-06-20,
2016-06-21,
2016-06-22,0.3179576
2016-06-23,
2016-06-24,
2016-06-25,
2016-06-26,0.71409667
2016-06-27,1.4859504
2016-06-28,
2016-06-29,
2016-06-30,0.8298678
2016-07-01,0.7443094
2016-07-02,
2016-07-03,
2016-07-04,
2016-07-05,
2016-07-06,
2016-07-07,
2016-07-08,
2016-07-09,
2016-07-10,
2016-07-11,1.635287
2016-07-12,
2016-07-13,1.8500129
2016-07-14,
2016-07-15,
2016-07-16,
2016-07-17,
2016-07-18,
2016-07-19,2.3874176
2016-07-20,1.9174116
2016-07-21,
2016-07-22,
2016-07-23,1.1892855
2016-07-24,1.5659642
2016-07-25,
2016-07-26,
2016-07-27,
2016-07-28,
2016-07-29,
2016-07-30,
2016-07-31,1.6110969
2016-08-01,2.3873847
2016-08-02,
2016-08-03,
2016-08-04,
2016-08-05,
2016-08-06,
2016-08-07,0.4976883
2016-08-08,2.0910075
2016-08-09,0.9416221
2016-08-10,
2016-08-11,
2016-08-12,1.1802254
2016-08-13,
2016-08-14,
2016-08-15,0.21876
2016-08-16,0.87642145
2016-08-17,
2016-08-18,
2016-08-19,
2016-08-20,1.3953837
2016-08-21,
2016-08-22,
2016-08-23,1.3508384
2016-08-24,1.6844983
2016-08-25,
2016-08-26,
2016-08-27,0.3334219
2016-08-28,
2016-08-29,
2016-08-30,
2016-08-31,0.4434104
2016-09-01,1.2181966
2016-09-02,
2016-09-03,1.028319
2016-09-04,1.5770969
2016-09-05,1.5107759
2016-09-06,
2016-09-07,1.3233839
2016-09-08,0.6743666
2016-09-09,
2016-09-10,
2016-09-11,
2016-09-12,1.2632129
2016-09-13,
2016-09-14,
2016-09-15,
2016-09-16,0.9154698
2016-09-17,
2016-09-18,
2016-09-19,0.80103034
2016-09-20,
2016-09-21,
2016-09-22,
2016-09-23,1.510938
2016-09-24,2.0529532
2016-09-25,
2016-09-26,
2016-09-27,0.6899033
2016-09-28,
2016-09-29,
2016-09-30,
2016-10-01,0.8390555
2016-10-02,1.5890497
2016-10-03,
2016-10-04,0.6437519
2016-10-05,0.33023182
2016-10-06,
2016-10-07,
2016-10-08,
2016-10-09,1.765375
2016-10-10,
2016-10-11,
2016-10-12,0.8247768
2016-10-13,0.53206474
2016-10-14,
2016-10-15,
2016-10-16,
2016-10-17,0.8831892
2016-10-18,
2016-10-19,
2016-10-20,0.56418556
2016-10-21,0.99467146
2016-10-22,
2016-10-23,
2016-10-24,0.47075206
2016-10-25,
2016-10-26,
2016-10-27,1.3613662
2016-10-28,1.36114
2016-10-29,
2016-10-30,
2016-10-31,0.98361003
2016-11-01,1.183574
2016-11-02,
2016-11-03,
2016-11-04,
2016-11-05,0.91207486
2016-11-06,
2016-11-07,
2016-11-08,1.2008661
2016-11-09,
2016-11-10,
2016-11-11,
2016-11-12,1.2349137
2016-11-13,0.99881554
2016-11-14,
2016-11-15,
2016-11-16,0.110611014
2016-11-17,0.89327973
2016-11-18,
2016-11-19,
2016-11-20,
2016-11-21,0.7524742
2016-11-22,
2016-11-23,
2016-11-24,0.7984411
2016-11-25,0.7659732
2016-11-26,
2016-11-27,
2016-11-28,0.7188902
2016-11-29,
2016-11-30,
2016-12-01,0.6606222
2016-12-02,0.7227506
2016-12-03,
2016-12-04,
2016-12-05,0.6524581
2016-12-06,0.5622217
2016-12-07,
2016-12-08,
2016-12-09,0.84787256
2016-12-10,0.7242016
2016-12-11,
2016-12-12,
2016-12-13,0.8784412
2016-12-14,0.7683837
2016-12-15,
2016-12-16,
2016-12-17,0.7670891
2016-12-18,0.6188197
2016-12-19,
2016-12-20,
2016-12-21,0.76130337
2016-12-22,0.74579537
2016-12-23,
2016-12-24,
2016-12-25,1.2627312
2016-12-26,
2016-12-27,
2016-12-28,
2016-12-29,1.0543655
2016-12-30,
2016-12-31,
2017-01-01,1.0154629
2017-01-02,0.80762064
2017-01-03,
2017-01-04,
2017-01-05,
2017-01-06,0.962811
2017-01-07,
2017-01-08,
2017-01-09,0.9426517
2017-01-10,1.0956414
2017-01-11,
2017-01-12,
2017-01-13,1.2568849
2017-01-14,1.1266837
2017-01-15,
2017-01-16,
2017-01-17,1.2003012
2017-01-18,1.0360378
2017-01-19,
2017-01-20,0.6673134
2017-01-21,1.006132
2017-01-22,
2017-01-23,
2017-01-24,0.924311
2017-01-25,0.815967
2017-01-26,
2017-01-27,
2017-01-28,0.831897
2017-01-29,
2017-01-30,
2017-01-31,
2017-02-01,0.81124884
2017-02-02,0.6964962
2017-02-03,
2017-02-04,
2017-02-05,0.7409762
2017-02-06,0.82511556
2017-02-07,
2017-02-08,
2017-02-09,
2017-02-10,
2017-02-11,
2017-02-12,
2017-02-13,0.19256769
2017-02-14,0.60510767
2017-02-15,
2017-02-16,1.1361703
2017-02-17,1.5203142
2017-02-18,
2017-02-19,
2017-02-20,1.2915199
2017-02-21,1.60581
2017-02-22,
2017-02-23,
2017-02-24,1.213854
2017-02-25,0.9990706
2017-02-26,
2017-02-27,
2017-02-28,0.8775568
2017-03-01,0.99661285
2017-03-02,
2017-03-03,
2017-03-04,0.83043313
2017-03-05,1.0534449
2017-03-06,
2017-03-07,
2017-03-08,0.8250053
2017-03-09,0.7350762
2017-03-10,
2017-03-11,0.8371454
2017-03-12,
2017-03-13,
2017-03-14,
2017-03-15,3.166094
2017-03-16,1.9169044
2017-03-17,
2017-03-18,
2017-03-19,1.9926382
2017-03-20,1.934432
2017-03-21,
2017-03-22,
2017-03-23,1.0335156
2017-03-24,0.85166293
2017-03-25,
2017-03-26,
2017-03-27,2.2922573
2017-03-28,0.88555276
2017-03-29,
2017-03-30,
2017-03-31,1.4390972
2017-04-01,1.7311952
2017-04-02,
2017-04-03,
2017-04-04,0.83257955
2017-04-05,0.69767135
2017-04-06,
2017-04-07,0.9858077
2017-04-08,1.2226624
2017-04-09,1.6786865
2017-04-10,
2017-04-11,0.62131524
2017-04-12,
2017-04-13,
2017-04-14,
2017-04-15,1.1170456
2017-04-16,1.3832716
2017-04-17,
2017-04-18,
2017-04-19,1.2594497
2017-04-20,0.9448992
2017-04-21,
2017-04-22,
2017-04-23,0.9920745
2017-04-24,0.7336197
2017-04-25,
2017-04-26,
2017-04-27,0.6871023
2017-04-28,0.6641131
2017-04-29,
2017-04-30,
2017-05-01,0.72793883
2017-05-02,
2017-05-03,
2017-05-04,0.5852506
2017-05-05,0.5362811
2017-05-06,0.84263825
2017-05-07,
2017-05-08,
2017-05-09,0.8328769
2017-05-10,
2017-05-11,
2017-05-12,1.0845913
2017-05-13,1.0380762
2017-05-14,
2017-05-15,
2017-05-16,1.52699
2017-05-17,1.1721891
2017-05-18,
2017-05-19,
2017-05-20,0.4728261
2017-05-21,2.3063393
2017-05-22,
2017-05-23,
2017-05-24,0.7528668
2017-05-25,1.9012
2017-05-26,
2017-05-27,
2017-05-28,1.1791238
2017-05-29,1.5577853
2017-05-30,
2017-05-31,0.43463954
2017-06-01,0.70410883
2017-06-02,
2017-06-03,
2017-06-04,0.8702837
2017-06-05,1.3035259
2017-06-06,
2017-06-07,
2017-06-08,1.7675128
2017-06-09,2.109081
2017-06-10,
2017-06-11,
2017-06-12,1.2233882
2017-06-13,
2017-06-14,
2017-06-15,
2017-06-16,2.149391
2017-06-17,0.964575
2017-06-18,
2017-06-19,
2017-06-20,0.6442448
2017-06-21,1.079543
2017-06-22,
2017-06-23,
2017-06-24,0.94712263
2017-06-25,1.4905663
2017-06-26,
2017-06-27,0.82951623
2017-06-28,0.9135851
2017-06-29,1.3517891
2017-06-30,
2017-07-01,
2017-07-02,2.7831085
2017-07-03,
2017-07-04,
2017-07-05,
2017-07-06,2.2394397
2017-07-07,
2017-07-08,
2017-07-09,1.0280424
2017-07-10,
2017-07-11,
2017-07-12,
2017-07-13,1.6512489
2017-07-14,1.4254004
2017-07-15,
2017-07-16,
2017-07-17,1.6292617
2017-07-18,
2017-07-19,
2017-07-20,
2017-07-21,1.4030211
2017-07-22,1.7189407
2017-07-23,
2017-07-24,0.46841666
2017-07-25,1.5011122
2017-07-26,
2017-07-27,
2017-07-28,1.4133539
2017-07-29,1.8567978
2017-07-30,
2017-07-31,
2017-08-01,2.7099013
2017-08-02,
2017-08-03,
2017-08-04,
2017-08-05,1.9408002
2017-08-06,
2017-08-07,
2017-08-08,
2017-08-09,4.915408
2017-08-10,1.3893355
2017-08-11,
2017-08-12,
2017-08-13,5.3263397
2017-08-14,
2017-08-15,
2017-08-16,
2017-08-17,2.6334364
2017-08-18,46.697258
2017-08-19,
2017-08-20,
2017-08-21,
2017-08-22,18.781925
2017-08-23,
2017-08-24,3.1127167
2017-08-25,3.391247
2017-08-26,
2017-08-27,
2017-08-28,1.9299961
2017-08-29,2.9238322
2017-08-30,
2017-08-31,
2017-09-01,0.59298366
2017-09-02,2.0185308
2017-09-03,
2017-09-04,
2017-09-05,1.7911386
2017-09-06,1.6064727
2017-09-07,
2017-09-08,
2017-09-09,1.481863
2017-09-10,
2017-09-11,
2017-09-12,
2017-09-13,1.6594324
2017-09-14,0.9574208
2017-09-15,
2017-09-16,1.484915
2017-09-17,1.3761303
2017-09-18,0.58046967
2017-09-19,
2017-09-20,0.34490648
2017-09-21,
2017-09-22,
2017-09-23,
2017-09-24,
2017-09-25,2.283225
2017-09-26,
2017-09-27,
2017-09-28,
2017-09-29,2.992849
2017-09-30,
2017-10-01,
2017-10-02,1.7244103
2017-10-03,0.43154964
2017-10-04,
2017-10-05,
2017-10-06,0.9720183
2017-10-07,0.2703789
2017-10-08,
2017-10-09,
2017-10-10,1.2148273
2017-10-11,
2017-10-12,
2017-10-13,1.2024664
2017-10-14,1.0752475
2017-10-15,0.169179
2017-10-16,
2017-10-17,0.5020967
2017-10-18,1.9574845
2017-10-19,
2017-10-20,
2017-10-21,0.6950061
2017-10-22,1.2866659
2017-10-23,
2017-10-24,
2017-10-25,
2017-10-26,
2017-10-27,
2017-10-28,
2017-10-29,1.1294686
2017-10-30,1.4795648
2017-10-31,
2017-11-01,
2017-11-02,1.4238846
2017-11-03,1.4579849
2017-11-04,
2017-11-05,
2017-11-06,1.1391015
2017-11-07,1.1458114
2017-11-08,
2017-11-09,0.7117156
2017-11-10,0.8735071
2017-11-11,0.89241135
2017-11-12,
2017-11-13,0.9844585
2017-11-14,1.1550031
2017-11-15,
2017-11-16,
2017-11-17,
2017-11-18,0.4149489
2017-11-19,
2017-11-20,
2017-11-21,1.0284535
2017-11-22,1.0146519
2017-11-23,
2017-11-24,
2017-11-25,0.8567014
2017-11-26,0.8133631
2017-11-27,
2017-11-28,
2017-11-29,
2017-11-30,0.57988065
2017-12-01,
2017-12-02,
2017-12-03,0.42701226
2017-12-04,
2017-12-05,
2017-12-06,
2017-12-07,0.8625687
2017-12-08,0.8968117
2017-12-09,
2017-12-10,1.2155552
2017-12-11,0.7524809
2017-12-12,
2017-12-13,
2017-12-14,0.77773225
2017-12-15,0.6138566
2017-12-16,
2017-12-17,
2017-12-18,0.6466469
2017-12-19,
2017-12-20,
2017-12-21,
2017-12-22,1.063384
2017-12-23,1.0236226
2017-12-24,
2017-12-25,
2017-12-26,1.9247546
2017-12-27,0.8201611
2017-12-28,
2017-12-29,
2017-12-30,1.0880437
2017-12-31,1.1423295
2018-01-01,
2018-01-02,
2018-01-03,0.96117586
2018-01-04,0.95500875
2018-01-05,
2018-01-06,3.8638124
2018-01-07,1.0917541
2018-01-08,
2018-01-09,
2018-01-10,0.91877276
2018-01-11,0.7751385
2018-01-12,
2018-01-13,
2018-01-14,0.83566886
2018-01-15,
2018-01-16,
2018-01-17,
2018-01-18,
2018-01-19,1.0008708
2018-01-20,
2018-01-21,
2018-01-22,0.76857764
2018-01-23,0.8926816
2018-01-24,
2018-01-25,
2018-01-26,0.8146038
2018-01-27,0.9408242
2018-01-28,
2018-01-29,8.191922
2018-01-30,1.0024363
2018-01-31,0.9296996
2018-02-01,
2018-02-02,
2018-02-03,0.48072702
2018-02-04,
2018-02-05,
2018-02-06,1.045438
2018-02-07,
2018-02-08,
2018-02-09,
2018-02-10,0.9529844
2018-02-11,1.0453558
2018-02-12,
2018-02-13,
2018-02-14,1.0134841
2018-02-15,1.1061096
2018-02-16,
2018-02-17,
2018-02-18,0.758902
2018-02-19,0.6718742
2018-02-20,
2018-02-21,
2018-02-22,0.8375822
2018-02-23,0.20560943
2018-02-24,
2018-02-25,
2018-02-26,2.4354103
2018-02-27,1.2782717
2018-02-28,
2018-03-01,0.981638
2018-03-02,1.0746768
2018-03-03,
2018-03-04,
2018-03-05,1.1020821
2018-03-06,0.79581386
2018-03-07,
2018-03-08,
2018-03-09,0.7828511
2018-03-10,1.1012721
2018-03-11,
2018-03-12,
2018-03-13,1.1415226
2018-03-14,
2018-03-15,
2018-03-16,
2018-03-17,0.4074384
2018-03-18,1.4982923
2018-03-19,
2018-03-20,
2018-03-21,0.9644908
2018-03-22,
2018-03-23,
2018-03-24,
2018-03-25,
2018-03-26,
2018-03-27,
2018-03-28,
2018-03-29,1.2485032
2018-03-30,
2018-03-31,
2018-04-01,1.0380927
2018-04-02,1.4005865
2018-04-03,
2018-04-04,
2018-04-05,0.9569948
2018-04-06,0.8505346
2018-04-07,
2018-04-08,
2018-04-09,0.8673522
2018-04-10,
2018-04-11,
2018-04-12,
2018-04-13,1.1679734
2018-04-14,
2018-04-15,
2018-04-16,
2018-04-17,0.57083136
2018-04-18,
2018-04-19,
2018-04-20,0.3178983
2018-04-21,
2018-04-22,
2018-04-23,
2018-04-24,
2018-04-25,1.8012998
2018-04-26,
2018-04-27,
2018-04-28,2.4535809
2018-04-29,1.9874943
2018-04-30,
2018-05-01,
2018-05-02,0.85870045
2018-05-03,2.1551886
2018-05-04,
2018-05-05,
2018-05-06,0.5507803
2018-05-07,2.5720465
2018-05-08,
2018-05-09,
2018-05-10,1.7027026
2018-05-11,1.8981607
2018-05-12,
2018-05-13,
2018-05-14,0.92922497
2018-05-15,1.2308236
2018-05-16,0.96582806
2018-05-17,1.0192716
2018-05-18,0.9208786
2018-05-19,1.5286353
2018-05-20,0.8463854
2018-05-21,0.9834631
2018-05-22,1.2415373
2018-05-23,
2018-05-24,
2018-05-25,2.302527
2018-05-26,
2018-05-27,
2018-05-28,
2018-05-29,1.9607018
2018-05-30,2.4747682
2018-05-31,
2018-06-01,
2018-06-02,1.7031811
2018-06-03,
2018-06-04,
2018-06-05,
2018-06-06,2.0210383
2018-06-07,
2018-06-08,
2018-06-09,
2018-06-10,
2018-06-11,0.36015627
2018-06-12,
2018-06-13,
2018-06-14,2.0812135
2018-06-15,2.0271199
2018-06-16,
2018-06-17,1.04152
2018-06-18,0.57164913
2018-06-19,
2018-06-20,
2018-06-21,1.462639
2018-06-22,
2018-06-23,
2018-06-24,
2018-06-25,0.6331035
2018-06-26,
2018-06-27,
2018-06-28,
2018-06-29,1.126935
2018-06-30,
2018-07-01,
2018-07-02,
2018-07-03,1.8434926
2018-07-04,0.41624165
2018-07-05,
2018-07-06,
2018-07-07,1.6954886
2018-07-08,3.500634
2018-07-09,
2018-07-10,1.5077951
2018-07-11,2.4681761
2018-07-12,4.884536
2018-07-13,
2018-07-14,0.6794537
2018-07-15,0.4319446
2018-07-16,
2018-07-17,
2018-07-18,1.4791293
2018-07-19,3.0783925
2018-07-20,
2018-07-21,
2018-07-22,1.3675481
2018-07-23,
2018-07-24,
2018-07-25,
2018-07-26,3.2694466
2018-07-27,
2018-07-28,
2018-07-29,
2018-07-30,0.75361645
2018-07-31,1.3742397
2018-08-01,
2018-08-02,
2018-08-03,
2018-08-04,3.5346165
2018-08-05,
2018-08-06,2.47968
2018-08-07,2.1406188
2018-08-08,3.7694063
2018-08-09,
2018-08-10,5.012054
2018-08-11,12.7179365
2018-08-12,
2018-08-13,
2018-08-14,
2018-08-15,8.144796
2018-08-16,
2018-08-17,
2018-08-18,5.2352095
2018-08-19,13.955374
2018-08-20,
2018-08-21,
2018-08-22,4.7200556
2018-08-23,3.4223723
2018-08-24,
2018-08-25,
2018-08-26,4.307687
2018-08-27,1.800494
2018-08-28,
2018-08-29,
2018-08-30,6.1861043
2018-08-31,
2018-09-01,
2018-09-02,3.5584064
2018-09-03,1.5511475
2018-09-04,
2018-09-05,
2018-09-06,0.47481138
2018-09-07,4.59711
2018-09-08,
2018-09-09,
2018-09-10,0.71116436
2018-09-11,
2018-09-12,
2018-09-13,
2018-09-14,3.2017515
2018-09-15,3.0794547
2018-09-16,
2018-09-17,
2018-09-18,2.078215
2018-09-19,2.322541
2018-09-20,
2018-09-21,
2018-09-22,2.1858447
2018-09-23,1.9053315
2018-09-24,
2018-09-25,
2018-09-26,1.9556079
2018-09-27,3.0224566
2018-09-28,
2018-09-29,
2018-09-30,2.310768
2018-10-01,
2018-10-02,
2018-10-03,1.8629185
2018-10-04,
2018-10-05,
2018-10-06,
2018-10-07,1.4506849
2018-10-08,0.8420174
2018-10-09,
2018-10-10,
2018-10-11,0.4287879
2018-10-12,
2018-10-13,
2018-10-14,
2018-10-15,2.187468
2018-10-16,1.6410617
2018-10-17,
2018-10-18,
2018-10-19,0.6094622
2018-10-20,
2018-10-21,
2018-10-22,0.68668205
2018-10-23,1.9083853
2018-10-24,
2018-10-25,
2018-10-26,1.595863
2018-10-27,1.1833652
2018-10-28,1.1053699
2018-10-29,
2018-10-30,0.46646723
2018-10-31,
2018-11-01,
2018-11-02,
2018-11-03,1.4969182
2018-11-04,1.3509439
2018-11-05,
2018-11-06,1.4461638
2018-11-07,1.2096101
2018-11-08,1.0394721
2018-11-09,
2018-11-10,1.1152093
2018-11-11,
2018-11-12,1.0254903
2018-11-13,
2018-11-14,0.9193783
2018-11-15,0.8580637
2018-11-16,0.82546073
2018-11-17,1.1814632
2018-11-18,
2018-11-19,
2018-11-20,1.187166
2018-11-21,0.8034075
2018-11-22,
2018-11-23,0.6593866
2018-11-24,0.6270606
2018-11-25,
2018-11-26,0.53815806
2018-11-27,0.69549537
2018-11-28,
2018-11-29,0.5273801
2018-11-30,0.8491592
2018-12-01,0.62381124
2018-12-02,
2018-12-03,0.76109415
2018-12-04,
2018-12-05,0.29584268
2018-12-06,
2018-12-07,0.72864586
2018-12-08,0.7820198
2018-12-09,0.83858985
2018-12-10,0.52062285
2018-12-11,0.4128327
2018-12-12,
2018-12-13,0.7743338
2018-12-14,0.8261239
2018-12-15,
2018-12-16,
2018-12-17,0.9050688
2018-12-18,0.72505844
2018-12-19,0.737707
2018-12-20,0.7634402
2018-12-21,0.79213405
2018-12-22,0.8030097
2018-12-23,0.9209345
2018-12-24,0.85050195
2018-12-25,
2018-12-26,
2018-12-27,0.81745976
2018-12-28,0.84271926
2018-12-29,
2018-12-30,0.79033136
2018-12-31,0.8119308
2019-01-01,0.7101895
2019-01-02,
2019-01-03,0.12665421
2019-01-04,1.0744189
2019-01-05,0.92988837
2019-01-06,1.0042999
2019-01-07,0.9014809
2019-01-08,0.5167164
2019-01-09,0.95958567
2019-01-10,
2019-01-11,0.9152058
2019-01-12,0.8068923
2019-01-13,0.8600789
2019-01-14,1.13489
2019-01-15,1.1577698
2019-01-16,1.0445997
2019-01-17,0.5213658
2019-01-18,0.9194369
2019-01-19,0.9984122
2019-01-20,0.9731218
2019-01-21,
2019-01-22,
2019-01-23,1.1686535
2019-01-24,
2019-01-25,
2019-01-26,1.1472143
2019-01-27,1.0993543
2019-01-28,0.98481953
2019-01-29,0.17246702
2019-01-30,1.1490413
2019-01-31,1.1443534
2019-02-01,1.1226933
2019-02-02,
2019-02-03,1.233866
2019-02-04,1.0022998
2019-02-05,1.1125599
2019-02-06,1.1242641
2019-02-07,0.9996871
2019-02-08,1.0022476
2019-02-09,1.1052184
2019-02-10,0.849448
2019-02-11,1.0851645
2019-02-12,0.93620306
2019-02-13,
2019-02-14,0.9874809
2019-02-15,0.95577854
2019-02-16,0.87017083
2019-02-17,
2019-02-18,0.97269183
2019-02-19,1.0121967
2019-02-20,1.0019377
2019-02-21,
2019-02-22,2.2649822
2019-02-23,0.75674707
2019-02-24,0.53918815
2019-02-25,1.1475621
2019-02-26,1.8149589
2019-02-27,0.88624966
2019-02-28,0.9155616
2019-03-01,0.41897908
2019-03-02,1.4166304
2019-03-03,1.2957782
2019-03-04,1.0184238
2019-03-05,1.4490292
2019-03-06,
2019-03-07,
2019-03-08,
2019-03-09,
2019-03-10,0.36559442
2019-03-11,0.9470825
2019-03-12,1.9037927
2019-03-13,1.6481684
2019-03-14,1.3217367
2019-03-15,1.3254436
2019-03-16,
2019-03-17,1.238291
2019-03-18,1.3193862
2019-03-19,1.0415334
2019-03-20,0.42142543
2019-03-21,0.8812652
2019-03-22,
2019-03-23,1.4102689
2019-03-24,1.2953535
2019-03-25,1.4368203
2019-03-26,1.2447805
2019-03-27,1.1997963
2019-03-28,0.2690293
2019-03-29,1.2945172
2019-03-30,1.1821717
2019-03-31,
2019-04-01,
2019-04-02,0.77583116
2019-04-03,0.9171057
2019-04-04,
2019-04-05,1.5111082
2019-04-06,1.4739361
2019-04-07,1.3407055
2019-04-08,1.9907576
2019-04-09,1.2670559
2019-04-10,1.0876194
2019-04-11,
2019-04-12,
2019-04-13,0.84039634
2019-04-14,0.6753323
2019-04-15,
2019-04-16,
2019-04-17,1.2377604
2019-04-18,1.6329606
2019-04-19,1.6548263
2019-04-20,2.4489074
2019-04-21,1.9577726
2019-04-22,1.4041836
2019-04-23,0.99836093
2019-04-24,0.9792011
2019-04-25,0.6616291
2019-04-26,0.6677635
2019-04-27,0.7609241
2019-04-28,0.6533339
2019-04-29,
2019-04-30,1.5409925
2019-05-01,1.8026068
2019-05-02,1.6607829
2019-05-03,1.0504949
2019-05-04,0.5905212
2019-05-05,0.42399693
2019-05-06,1.701306
2019-05-07,1.2345291
2019-05-08,1.1955612
2019-05-09,
2019-05-10,1.413325
2019-05-11,1.2198092
2019-05-12,0.87967145
2019-05-13,0.5612818
2019-05-14,0.7547257
2019-05-15,1.105158
2019-05-16,
2019-05-17,1.2275654
2019-05-18,1.121609
2019-05-19,0.99466157
2019-05-20,0.9538276
2019-05-21,0.66147715
2019-05-22,
2019-05-23,0.8213151
2019-05-24,0.9527883
2019-05-25,0.84418714
2019-05-26,1.1354477
2019-05-27,0.88773185
2019-05-28,0.97238225
2019-05-29,0.7410492
2019-05-30,0.495848
2019-05-31,0.84988606
2019-06-01,0.61615694
2019-06-02,0.63977367
2019-06-03,0.7073204
2019-06-04,0.7324
2019-06-05,
2019-06-06,
2019-06-07,1.1787946
2019-06-08,1.5078981
2019-06-09,2.221274
2019-06-10,0.663729
2019-06-11,3.560042
2019-06-12,2.3153865
2019-06-13,1.4697856
2019-06-14,1.7071118
2019-06-15,1.3095661
2019-06-16,1.3284659
2019-06-17,0.9746964
2019-06-18,0.9062004
2019-06-19,0.5815974
2019-06-20,
2019-06-21,0.51978934
2019-06-22,
2019-06-23,0.8104545
2019-06-24,0.9136853
2019-06-25,
2019-06-26,1.0726601
2019-06-27,1.825036
2019-06-28,3.8893795
2019-06-29,1.0954062
2019-06-30,1.1670995
2019-07-01,1.2056508
2019-07-02,
2019-07-03,1.4899197
2019-07-04,
2019-07-05,0.59059674
2019-07-06,0.6458633
2019-07-07,0.609395
2019-07-08,1.8109463
2019-07-09,
2019-07-10,
2019-07-11,0.53005236
2019-07-12,1.6737303
2019-07-13,1.448078
2019-07-14,1.4424701
2019-07-15,1.7536288
2019-07-16,1.2321773
2019-07-17,1.4366105
2019-07-18,1.0438356
2019-07-19,1.1323181
2019-07-20,2.0795453
2019-07-21,
2019-07-22,
2019-07-23,1.0838585
2019-07-24,2.5885658
2019-07-25,
2019-07-26,
2019-07-27,1.5375482
2019-07-28,1.7851256
2019-07-29,
2019-07-30,1.3656837
2019-07-31,1.4904013
2019-08-01,1.7279269
2019-08-02,1.0666157
2019-08-03,1.971301
2019-08-04,0.49308062
2019-08-05,0.41116604
2019-08-06,1.4433954
2019-08-07,1.8316712
2019-08-08,0.99181175
2019-08-09,1.498188
2019-08-10,1.2419851
2019-08-11,1.3056189
2019-08-12,1.0622712
2019-08-13,0.7122572
2019-08-14,
2019-08-15,1.5024986
2019-08-16,1.6927085
2019-08-17,2.6700406
2019-08-18,1.6450838
2019-08-19,1.6958107
2019-08-20,1.3423357
2019-08-21,1.5863104
2019-08-22,1.780865
2019-08-23,1.8169562
2019-08-24,1.7254881
2019-08-25,
2019-08-26,1.4756105
2019-08-27,1.481872
2019-08-28,1.1530485
2019-08-29,
2019-08-30,2.5645616
2019-08-31,2.1300752
2019-09-01,
2019-09-02,
2019-09-03,2.5093217
2019-09-04,1.3917371
2019-09-05,1.3812002
2019-09-06,0.8874767
2019-09-07,0.75275904
2019-09-08,0.76815003
2019-09-09,1.0025568
2019-09-10,0.85502434
2019-09-11,1.068999
2019-09-12,0.7832329
2019-09-13,0.7529712
2019-09-14,0.90638894
2019-09-15,0.7590484
2019-09-16,1.491325
2019-09-17,1.206203
2019-09-18,
2019-09-19,1.5399566
2019-09-20,1.2870413
2019-09-21,
2019-09-22,1.0938748
2019-09-23,0.7558898
2019-09-24,0.8881374
2019-09-25,
2019-09-26,
2019-09-27,1.0354
2019-09-28,1.1577737
2019-09-29,0.8384376
2019-09-30,0.7164874
2019-10-01,
2019-10-02,0.44234437
2019-10-03,0.7530672
2019-10-04,0.30887878
2019-10-05,2.4206176
2019-10-06,
2019-10-07,1.0091927
2019-10-08,1.0626776
2019-10-09,
2019-10-10,0.701496
2019-10-11,
2019-10-12,0.7941212
2019-10-13,0.74650383
2019-10-14,
2019-10-15,1.0365878
2019-10-16,0.82015675
2019-10-17,0.72315305
2019-10-18,
2019-10-19,0.9795906
2019-10-20,1.3810987
2019-10-21,
2019-10-22,0.3785338
2019-10-23,
2019-10-24,0.8631522
2019-10-25,0.3785552
2019-10-26,1.0853684
2019-10-27,1.1101305
2019-10-28,0.7267684
2019-10-29,1.8267217
2019-10-30,0.4339651
2019-10-31,1.5246698
2019-11-01,1.8396568
2019-11-02,1.9239801
2019-11-03,
2019-11-04,1.1272118
2019-11-05,0.8914547
2019-11-06,1.4104002
2019-11-07,1.3429221
2019-11-08,1.2982931
2019-11-09,1.2315353
2019-11-10,0.62006456
2019-11-11,1.0737046
2019-11-12,1.1025851
2019-11-13,0.9900888
2019-11-14,
2019-11-15,0.9647525
2019-11-16,0.8834486
2019-11-17,4.0393157
2019-11-18,
2019-11-19,0.29491818
2019-11-20,1.1578689
2019-11-21,1.0205177
2019-11-22,
2019-11-23,0.9772087
2019-11-24,1.0557098
2019-11-25,0.9736749
2019-11-26,2.0635319
2019-11-27,0.9335064
2019-11-28,0.90906334
2019-11-29,0.63828593
2019-11-30,1.0522832
2019-12-01,0.8435881
2019-12-02,0.73205215
2019-12-03,0.80156475
2019-12-04,0.869951
2019-12-05,0.8240141
2019-12-06,
2019-12-07,0.46624246
2019-12-08,0.7709788
2019-12-09,0.88893116
2019-12-10,0.8619638
2019-12-11,
2019-12-12,0.8610616
2019-12-13,0.8562454
2019-12-14,0.7923725
2019-12-15,
2019-12-16,0.9513494
2019-12-17,0.669728
2019-12-18,0.79489195
2019-12-19,
2019-12-20,0.40138832
2019-12-21,1.0657028
2019-12-22,1.9771082
2019-12-23,
2019-12-24,0.9952218
2019-12-25,0.30984244
2019-12-26,
2019-12-27,1.196634
2019-12-28,1.0636001
2019-12-29,
2019-12-30,1.3366461
2019-12-31,1.132526
2020-01-01,1.192539
2020-01-02,0.21457788
2020-01-03,1.0273143
2020-01-04,1.2125598
2020-01-05,1.1144191
2020-01-06,1.028327
2020-01-07,
2020-01-08,1.0482444
2020-01-09,1.1391104
2020-01-10,1.2638735
2020-01-11,
2020-01-12,1.0478297
2020-01-13,1.0432649
2020-01-14,1.0575399
2020-01-15,
2020-01-16,0.9835679
2020-01-17,0.30867946
2020-01-18,0.8690911
2020-01-19,0.84087276
2020-01-20,0.8958779
2020-01-21,0.48072594
2020-01-22,
2020-01-23,1.1565533
2020-01-24,0.888441
2020-01-25,0.9084233
2020-01-26,0.34463152
2020-01-27,0.9000816
2020-01-28,0.7599793
2020-01-29,0.8806915
2020-01-30,1.0163076
2020-01-31,1.1132046
2020-02-01,1.0467455
2020-02-02,
2020-02-03,
2020-02-04,1.5128752
2020-02-05,0.9486914
2020-02-06,2.324277
2020-02-07,
2020-02-08,0.5602152
2020-02-09,1.2162136
2020-02-10,1.4488708
2020-02-11,0.84842396
2020-02-12,0.48628342
2020-02-13,1.0393242
2020-02-14,1.0395391
2020-02-15,
2020-02-16,0.8255503
2020-02-17,
2020-02-18,1.1287291
2020-02-19,1.2712535
2020-02-20,0.8915443
2020-02-21,
2020-02-22,
2020-02-23,1.2798094
2020-02-24,1.0338238
2020-02-25,1.6684597
2020-02-26,1.0225153
2020-02-27,
2020-02-28,
2020-02-29,0.6344396
2020-03-01,
2020-03-02,1.058788
2020-03-03,1.0694792
2020-03-04,0.9885049
2020-03-05,
2020-03-06,
2020-03-07,0.26412135
2020-03-08,1.1266565
2020-03-09,1.122654
2020-03-10,
2020-03-11,1.0007501
2020-03-12,3.273103
2020-03-13,1.3616776
2020-03-14,
2020-03-15,0.27047974
2020-03-16,
2020-03-17,0.44387987
2020-03-18,1.3623427
2020-03-19,
2020-03-20,
2020-03-21,1.0319306
2020-03-22,1.1945263
2020-03-23,1.0562043
2020-03-24,1.3028989
2020-03-25,0.86106986
2020-03-26,0.65225935
2020-03-27,0.14014497
2020-03-28,
2020-03-29,
2020-03-30,
2020-03-31,1.674891
2020-04-01,1.0054882
2020-04-02,0.7165307
2020-04-03,1.4667966
2020-04-04,
2020-04-05,
2020-04-06,1.3250325
2020-04-07,1.2721345
2020-04-08,0.8595233
2020-04-09,0.575646
2020-04-10,0.69547576
2020-04-11,0.6800063
2020-04-12,
2020-04-13,
2020-04-14,0.62710845
2020-04-15,0.69805926
2020-04-16,0.2492995
2020-04-17,
2020-04-18,0.25246784
2020-04-19,1.7007914
2020-04-20,0.3061446
2020-04-21,1.062271
2020-04-22,
2020-04-23,1.912819
2020-04-24,
2020-04-25,0.9932335
2020-04-26,1.8853136
2020-04-27,
2020-04-28,1.7236521
2020-04-29,2.055914
2020-04-30,1.8390294
2020-05-01,1.3341498
2020-05-02,1.4185767
2020-05-03,1.4913566
2020-05-04,
2020-05-05,0.31731647
2020-05-06,1.4760019
2020-05-07,0.88950986
2020-05-08,1.7108719
2020-05-09,
2020-05-10,1.6742585
2020-05-11,1.8646687
2020-05-12,1.3729779
2020-05-13,
2020-05-14,0.87588906
2020-05-15,0.68754333
2020-05-16,0.9038593
2020-05-17,
2020-05-18,1.760988
2020-05-19,2.0336459
2020-05-20,1.9546806
2020-05-21,
2020-05-22,1.3241423
2020-05-23,1.2385179
2020-05-24,
2020-05-25,1.5727283
2020-05-26,2.3475387
2020-05-27,1.7944105
2020-05-28,2.0480144
2020-05-29,2.8330004
2020-05-30,2.2754939
2020-05-31,2.6473868
2020-06-01,0.9478526
2020-06-02,1.9582745
2020-06-03,1.6574221
2020-06-04,
2020-06-05,0.8812576
2020-06-06,
2020-06-07,
2020-06-08,0.7021151
2020-06-09,
2020-06-10,0.9981529
2020-06-11,1.2073715
2020-06-12,0.5879414
2020-06-13,1.1627651
2020-06-14,1.3198503
2020-06-15,
2020-06-16,1.6010859
2020-06-17,
2020-06-18,2.2172582
2020-06-19,2.1670048
2020-06-20,2.6193306
2020-06-21,1.6212668
2020-06-22,
2020-06-23,2.332695
2020-06-24,
2020-06-25,3.062603
2020-06-26,1.7263211
2020-06-27,1.1194923
2020-06-28,2.1360683
2020-06-29,2.1438742
2020-06-30,1.4247713
2020-07-01,
2020-07-02,2.803695
2020-07-03,1.9568666
2020-07-04,3.7436652
2020-07-05,
2020-07-06,
2020-07-07,0.94428265
2020-07-08,1.1937674
2020-07-09,1.9198793
2020-07-10,2.5385048
2020-07-11,1.365837
2020-07-12,1.5796664
2020-07-13,
2020-07-14,
2020-07-15,
2020-07-16,0.8162941
2020-07-17,1.5632191
2020-07-18,0.73072064
2020-07-19,
2020-07-20,1.8011036
2020-07-21,1.5527648
2020-07-22,1.023624
2020-07-23,1.5643535
2020-07-24,1.3278778
2020-07-25,
2020-07-26,1.1936845
2020-07-27,
2020-07-28,1.0795293
2020-07-29,1.3797408
2020-07-30,0.957446
2020-07-31,1.2255985
2020-08-01,1.366051
2020-08-02,1.0074759
2020-08-03,2.1579173
2020-08-04,1.4125855
2020-08-05,3.2854052
2020-08-06,2.0919783
2020-08-07,1.5009377
2020-08-08,2.2959664
2020-08-09,
2020-08-10,
2020-08-11,2.3023486
2020-08-12,1.3292639
2020-08-13,
2020-08-14,0.82564706
2020-08-15,1.5175955
2020-08-16,1.621165
2020-08-17,1.7088182
2020-08-18,2.2601962
2020-08-19,0.8336286
2020-08-20,1.1935585
2020-08-21,
2020-08-22,0.4961294
2020-08-23,
2020-08-24,1.1740113
2020-08-25,0.9009022
2020-08-26,1.0285796
2020-08-27,1.0508238
2020-08-28,0.90279
2020-08-29,1.6060266
2020-08-30,1.3695387
2020-08-31,1.0333273
2020-09-01,2.043143
2020-09-02,
2020-09-03,
2020-09-04,
2020-09-05,0.6542344
2020-09-06,
2020-09-07,1.4810859
2020-09-08,0.91969484
2020-09-09,
2020-09-10,1.3153906
2020-09-11,1.5136425
2020-09-12,1.3193904
2020-09-13,1.1210803
2020-09-14,0.9376139
2020-09-15,1.2572422
2020-09-16,1.3782784
2020-09-17,1.040439
2020-09-18,0.9117504
2020-09-19,1.2210848
2020-09-20,1.4221761
2020-09-21,0.8226073
2020-09-22,0.70537615
2020-09-23,0.77772576
2020-09-24,0.52220315
2020-09-25,0.8125029
2020-09-26,0.779463
2020-09-27,0.59872246
2020-09-28,0.5466715
2020-09-29,
2020-09-30,
2020-10-01,
2020-10-02,
2020-10-03,
2020-10-04,0.83653253
2020-10-05,0.7892484
2020-10-06,0.65096414
2020-10-07,0.23805557
2020-10-08,1.0213245
2020-10-09,0.83890426
2020-10-10,0.38695446
2020-10-11,0.7703519
2020-10-12,0.74482834
2020-10-13,0.66174257
2020-10-14,0.30796117
2020-10-15,
2020-10-16,0.54214746
2020-10-17,0.6472217
2020-10-18,0.6951501
2020-10-19,0.6074318
2020-10-20,0.5012235
2020-10-21,0.802308
2020-10-22,1.0153003
2020-10-23,0.87892425
2020-10-24,0.84137195
2020-10-25,0.7848444
2020-10-26,0.7464224
2020-10-27,0.12970825
2020-10-28,1.0041202
2020-10-29,1.2629838
2020-10-30,
2020-10-31,
2020-11-01,
2020-11-02,0.28107285
2020-11-03,
2020-11-04,
2020-11-05,1.1540017
2020-11-06,0.93143505
2020-11-07,0.9847589
2020-11-08,0.80415636
2020-11-09,
2020-11-10,0.39714
2020-11-11,
2020-11-12,0.79555565
2020-11-13,0.917797
2020-11-14,0.81745785
2020-11-15,3.5388236
2020-11-16,1.3591926
2020-11-17,
2020-11-18,
2020-11-19,1.0594785
2020-11-20,1.1029639
2020-11-21,0.7876421
2020-11-22,0.8235327
2020-11-23,0.80580175
2020-11-24,0.77014244
2020-11-25,
2020-11-26,
2020-11-27,0.5615675
2020-11-28,0.74601233
2020-11-29,
2020-11-30,
2020-12-01,1.4308089
2020-12-02,1.0354133
2020-12-03,0.8601927
2020-12-04,
2020-12-05,0.92269456
2020-12-06,0.93922573
2020-12-07,0.90751845
2020-12-08,0.5333322
2020-12-09,0.796735
2020-12-10,0.83512497
2020-12-11,0.7868642
2020-12-12,0.89429927
2020-12-13,0.097502194
2020-12-14,0.81643367
2020-12-15,0.848109
2020-12-16,0.71974504
2020-12-17,0.728045
2020-12-18,0.72926384
2020-12-19,0.6614137
2020-12-20,0.69725853
2020-12-21,0.7455966
2020-12-22,0.74888206
2020-12-23,
2020-12-24,0.7314846
2020-12-25,0.70816827
2020-12-26,0.77055955
2020-12-27,
2020-12-28,0.7998514
2020-12-29,0.85289645
2020-12-30,0.7842021
2020-12-31,
2021-01-01,0.81270134
2021-01-02,0.8720944
2021-01-03,0.49466872
2021-01-04,0.93422866
2021-01-05,0.80858076
2021-01-06,0.8415221
2021-01-07,0.41728136
2021-01-08,0.8374309
2021-01-09,0.6889521
2021-01-10,0.77187246
2021-01-11,0.92634875
2021-01-12,0.94205946
2021-01-13,0.9512724
2021-01-14,1.0039529
2021-01-15,0.99992895
2021-01-16,1.0370104
2021-01-17,0.9309885
2021-01-18,0.84129626
2021-01-19,
2021-01-20,0.6107679
2021-01-21,0.8718892
2021-01-22,0.89954513
2021-01-23,
2021-01-24,
2021-01-25,1.0898015
2021-01-26,1.0395204
2021-01-27,0.9164491
2021-01-28,1.0847123
2021-01-29,1.3934733
2021-01-30,1.3598758
2021-01-31,1.1976482
2021-02-01,1.2282412
2021-02-02,1.0688899
2021-02-03,0.6229724
2021-02-04,1.3040912
2021-02-05,1.1144102
2021-02-06,
2021-02-07,
2021-02-08,0.7312267
2021-02-09,0.2898672
2021-02-10,1.0160363
2021-02-11,0.2629705
2021-02-12,1.1867652
2021-02-13,1.1706436
2021-02-14,1.0292206
2021-02-15,
2021-02-16,0.9382411
2021-02-17,1.0759776
2021-02-18,1.7182398
2021-02-19,1.115092
2021-02-20,1.2936497
2021-02-21,1.4749732
2021-02-22,1.4644109
2021-02-23,1.014784
2021-02-24,1.0265458
2021-02-25,0.97994405
2021-02-26,0.9864437
2021-02-27,1.465672
2021-02-28,1.6197596
2021-03-01,
2021-03-02,
2021-03-03,
2021-03-04,
2021-03-05,
2021-03-06,0.30019325
2021-03-07,0.9530374
2021-03-08,
2021-03-09,1.1587719
2021-03-10,0.7956894
2021-03-11,
2021-03-12,0.32253787
2021-03-13,1.0042057
2021-03-14,
2021-03-15,0.9880843
2021-03-16,0.75068
2021-03-17,0.9230608
2021-03-18,0.50947696
2021-03-19,1.9895823
2021-03-20,0.99339175
2021-03-21,1.2932005
2021-03-22,
2021-03-23,1.39054
2021-03-24,1.3981763
2021-03-25,1.3334308
2021-03-26,1.0583416
2021-03-27,1.2213072
2021-03-28,1.0026045
2021-03-29,1.1992997
2021-03-30,0.6581287
2021-03-31,
2021-04-01,
2021-04-02,1.150311
2021-04-03,1.9009659
2021-04-04,
2021-04-05,0.953155
2021-04-06,0.80275923
2021-04-07,
2021-04-08,1.4257249
2021-04-09,1.6013049
2021-04-10,
2021-04-11,
2021-04-12,
2021-04-13,1.4094074
2021-04-14,1.5124491
2021-04-15,1.8381232
2021-04-16,2.4913003
2021-04-17,1.5510284
2021-04-18,1.198563
2021-04-19,
2021-04-20,0.7153625
2021-04-21,1.2883124
2021-04-22,1.682522
2021-04-23,
2021-04-24,1.2866703
2021-04-25,0.74413365
2021-04-26,0.8640708
2021-04-27,0.8339991
2021-04-28,0.6994087
2021-04-29,
2021-04-30,1.6647987
2021-05-01,1.3424674
2021-05-02,1.214364
2021-05-03,3.4523072
2021-05-04,1.6954027
2021-05-05,
2021-05-06,1.2847354
2021-05-07,
2021-05-08,1.2320492
2021-05-09,0.3140816
2021-05-10,
2021-05-11,
2021-05-12,
2021-05-13,
2021-05-14,
2021-05-15,
2021-05-16,
2021-05-17,1.2963471
2021-05-18,1.3033969
2021-05-19,0.85031337
2021-05-20,1.1116558
2021-05-21,0.82992005
2021-05-22,
2021-05-23,0.2728133
2021-05-24,
2021-05-25,1.5410378
2021-05-26,
2021-05-27,2.5080993
2021-05-28,1.8688357
2021-05-29,0.01
2021-05-30,
2021-05-31,2.5226376
2021-06-01,0.76123106
2021-06-02,1.4947605
2021-06-03,
2021-06-04,1.0966595
2021-06-05,0.9243582
2021-06-06,0.30191243
2021-06-07,0.57658654
2021-06-08,
2021-06-09,
2021-06-10,3.2481031
2021-06-11,
2021-06-12,1.2955945
2021-06-13,0.92562354
2021-06-14,0.28273106
2021-06-15,
2021-06-16,0.9166584
2021-06-17,1.7270536
2021-06-18,1.5734979
2021-06-19,
2021-06-20,2.4623616
2021-06-21,2.9668443
2021-06-22,2.2482874
2021-06-23,1.4075245
2021-06-24,1.3448709
2021-06-25,1.4612498
2021-06-26,1.871661
2021-06-27,
2021-06-28,1.9569807
2021-06-29,2.5045993
2021-06-30,
2021-07-01,0.45371914
2021-07-02,
2021-07-03,
2021-07-04,
2021-07-05,1.1690574
2021-07-06,1.9534004
2021-07-07,1.2549286
2021-07-08,1.388389
2021-07-09,
2021-07-10,1.1146796
2021-07-11,1.6211381
2021-07-12,0.33174774
2021-07-13,1.8594856
2021-07-14,1.5481855
2021-07-15,1.6672194
2021-07-16,
2021-07-17,1.8120375
2021-07-18,0.44765848
2021-07-19,
2021-07-20,
2021-07-21,1.3536512
2021-07-22,0.933083
2021-07-23,
2021-07-24,1.3267236
2021-07-25,1.4461908
2021-07-26,2.817565
2021-07-27,
2021-07-28,2.451698
2021-07-29,4.5352182
2021-07-30,
2021-07-31,2.1794798
2021-08-01,3.31198
2021-08-02,3.942351
2021-08-03,9.529158
2021-08-04,4.9085083
2021-08-05,8.616803
2021-08-06,8.038085
2021-08-07,28.132889
2021-08-08,1.7442312
2021-08-09,5.327182
2021-08-10,
2021-08-11,
2021-08-12,2.2670267
2021-08-13,18.175982
2021-08-14,13.580127
2021-08-15,12.405868
2021-08-16,8.29296
2021-08-17,10.408145
2021-08-18,10.571937
2021-08-19,8.513273
2021-08-20,1.6965855
2021-08-21,0.7519728
2021-08-22,12.552681
2021-08-23,
2021-08-24,7.844921
2021-08-25,6.3221545
2021-08-26,2.031449
2021-08-27,2.545057
2021-08-28,
2021-08-29,3.0166008
2021-08-30,
2021-08-31,4.2040396
2021-09-01,
2021-09-02,5.9563203
2021-09-03,3.879981
2021-09-04,3.422795
2021-09-05,4.108528
2021-09-06,3.5859067
2021-09-07,3.4491975
2021-09-08,4.1654515
2021-09-09,
2021-09-10,3.7162294
2021-09-11,3.8188477
2021-09-12,2.7711978
2021-09-13,2.5869434
2021-09-14,2.6406806
2021-09-15,1.5037045
2021-09-16,3.2157056
2021-09-17,3.9697123
2021-09-18,
2021-09-19,
2021-09-20,2.7205224
2021-09-21,2.6103327
2021-09-22,2.7277098
2021-09-23,2.1251938
2021-09-24,2.2764857
2021-09-25,2.2278397
2021-09-26,2.0297563
2021-09-27,0.6420887
2021-09-28,1.572506
2021-09-29,1.8976786
2021-09-30,1.6914963
2021-10-01,
2021-10-02,0.9123497
2021-10-03,2.2318244
2021-10-04,
2021-10-05,
2021-10-06,3.042279
2021-10-07,0.33981064
2021-10-08,
2021-10-09,1.9451132
2021-10-10,1.9329205
2021-10-11,
2021-10-12,
2021-10-13,1.4999862
2021-10-14,2.104792
2021-10-15,1.7614521
2021-10-16,
2021-10-17,
2021-10-18,1.1666254
2021-10-19,
2021-10-20,0.42396492
2021-10-21,
2021-10-22,2.8068285
2021-10-23,2.0498068
2021-10-24,1.5856514
2021-10-25,
2021-10-26,
2021-10-27,1.3491335
2021-10-28,1.1312952
2021-10-29,1.1243315
2021-10-30,1.0816051
2021-10-31,1.1689922
2021-11-01,
2021-11-02,1.3530021
2021-11-03,1.1609533
2021-11-04,1.4979805
2021-11-05,1.1552169
2021-11-06,
2021-11-07,2.0085506
2021-11-08,2.166554
2021-11-09,
2021-11-10,1.5257694
2021-11-11,1.4101998
2021-11-12,
2021-11-13,1.2772642
2021-11-14,0.84875166
2021-11-15,1.0877397
2021-11-16,
2021-11-17,0.58046967
2021-11-18,
2021-11-19,
2021-11-20,
2021-11-21,0.8205788
2021-11-22,0.25712383
2021-11-23,0.72315687
2021-11-24,0.7834188
2021-11-25,1.1044683
2021-11-26,1.0135622
2021-11-27,0.93973356
2021-11-28,0.64102536
2021-11-29,1.045271
2021-11-30,0.83211297
2021-12-01,0.7102438
2021-12-02,0.72664446
2021-12-03,1.1679609
2021-12-04,0.95299053
2021-12-05,0.8778163
2021-12-06,0.81932837
2021-12-07,0.82275236
2021-12-08,0.79774594
2021-12-09,
2021-12-10,0.8127576
2021-12-11,
2021-12-12,0.93388456
2021-12-13,
2021-12-14,0.74223447
2021-12-15,0.8195135
2021-12-16,0.559313
2021-12-17,0.19544683
2021-12-18,0.83989555
2021-12-19,0.9116302
2021-12-20,0.7672751
2021-12-21,0.29541588
2021-12-22,0.8221198
2021-12-23,0.78795147
2021-12-24,0.7785603
2021-12-25,0.83357495
2021-12-26,0.70010996
2021-12-27,0.40223828
2021-12-28,0.7921681
2021-12-29,0.8727298
2021-12-30,0.74492705
2021-12-31,0.767721
2022-01-01,0.82861423
2022-01-02,0.7782757
2022-01-03,0.80579144
2022-01-04,0.7716814
2022-01-05,
2022-01-06,0.76417345
2022-01-07,0.84164894
2022-01-08,0.742977
2022-01-09,
2022-01-10,0.6663875
2022-01-11,
2022-01-12,0.8330688
2022-01-13,
2022-01-14,0.81801844
2022-01-15,0.89906216
2022-01-16,0.63568676
2022-01-17,1.0627581
2022-01-18,0.88532966
2022-01-19,0.8828566
2022-01-20,0.7957005
2022-01-21,0.7634124
2022-01-22,0.7358435
2022-01-23,0.74183106
2022-01-24,1.0261372
2022-01-25,
2022-01-26,1.0756054
2022-01-27,0.982196
2022-01-28,1.1899222
2022-01-29,0.94735473
2022-01-30,1.1243808
2022-01-31,1.0052187
2022-02-01,
2022-02-02,1.1216345
2022-02-03,1.0965583
2022-02-04,0.83659047
2022-02-05,0.20240667
2022-02-06,
2022-02-07,2.2863967
2022-02-08,
2022-02-09,1.3545953
2022-02-10,1.1275523
2022-02-11,1.0177989
2022-02-12,1.0310607
2022-02-13,1.1633747
2022-02-14,1.1559776
2022-02-15,0.9597891
2022-02-16,0.88977075
2022-02-17,1.0181962
2022-02-18,1.1213938
2022-02-19,0.8163726
2022-02-20,0.8975924
2022-02-21,1.0047599
2022-02-22,1.1316997
2022-02-23,
2022-02-24,1.2801214
2022-02-25,0.8767127
2022-02-26,0.94152284
2022-02-27,0.9592825
2022-02-28,
2022-03-01,
2022-03-02,
2022-03-03,1.2942901
2022-03-04,0.73529744
2022-03-05,1.1222247
2022-03-06,1.1569285
2022-03-07,1.0469235
2022-03-08,1.0093453
2022-03-09,0.58148813
2022-03-10,
2022-03-11,0.73976964
2022-03-12,0.4587677
2022-03-13,0.72155213
2022-03-14,0.5255213
2022-03-15,
2022-03-16,0.6844749
2022-03-17,
2022-03-18,
2022-03-19,
2022-03-20,
2022-03-21,0.93063974
2022-03-22,0.77608126
2022-03-23,1.3080323
2022-03-24,1.0091677
2022-03-25,0.965885
2022-03-26,1.1536437
2022-03-27,
2022-03-28,
2022-03-29,0.9520585
2022-03-30,1.6453007
2022-03-31,0.5783704
2022-04-01,0.7588207
2022-04-02,0.5110562
2022-04-03,0.4845093
2022-04-04,
2022-04-05,1.2115521
2022-04-06,1.0624253
2022-04-07,0.88842964
2022-04-08,0.69490653
2022-04-09,1.399127
2022-04-10,1.7695379
2022-04-11,1.2731663
2022-04-12,0.8044179
2022-04-13,0.96985304
2022-04-14,0.8209523
2022-04-15,0.91253763
2022-04-16,0.72725624
2022-04-17,0.99698615
2022-04-18,1.0735472
2022-04-19,1.0835763
2022-04-20,0.8217743
2022-04-21,1.2394452
2022-04-22,1.1068805
2022-04-23,
2022-04-24,0.8726675
2022-04-25,0.5226076
2022-04-26,0.8998739
2022-04-27,0.87501997
2022-04-28,2.065193
2022-04-29,1.8491199
2022-04-30,1.5421351
2022-05-01,1.0636536
2022-05-02,0.8842885
2022-05-03,
2022-05-04,0.9523265
2022-05-05,1.4905258
2022-05-06,1.1193135
2022-05-07,0.6670636
2022-05-08,0.37121496
2022-05-09,0.5032775
2022-05-10,0.7811861
2022-05-11,
2022-05-12,
2022-05-13,1.1634367
2022-05-14,1.0967776
2022-05-15,
2022-05-16,0.19231506
2022-05-17,1.3890256
2022-05-18,0.55626184
2022-05-19,0.66454256
2022-05-20,
2022-05-21,0.53551584
2022-05-22,0.4985986
2022-05-23,
2022-05-24,1.8757055
2022-05-25,1.7777947
2022-05-26,1.9006616
2022-05-27,1.6754313
2022-05-28,1.1193149
2022-05-29,2.9860983
2022-05-30,1.6658753
2022-05-31,1.1256422
2022-06-01,0.9642615
2022-06-02,0.9553663
2022-06-03,1.2750098
2022-06-04,
2022-06-05,0.69224375
2022-06-06,1.7845439
2022-06-07,1.074999
2022-06-08,
2022-06-09,
2022-06-10,
2022-06-11,0.48411173
2022-06-12,
2022-06-13,0.8562145
2022-06-14,1.7677487
2022-06-15,
2022-06-16,
2022-06-17,1.0398961
2022-06-18,1.5285375
2022-06-19,1.6498178
2022-06-20,0.6859549
2022-06-21,
2022-06-22,0.369331
2022-06-23,
2022-06-24,1.3002374
2022-06-25,1.171583
2022-06-26,1.3130033
2022-06-27,0.85379183
2022-06-28,1.0153896
2022-06-29,1.2589875
2022-06-30,1.0310771
2022-07-01,1.5048077
2022-07-02,1.3184721
2022-07-03,1.3126426
2022-07-04,1.1166878
2022-07-05,
2022-07-06,0.9817193
2022-07-07,
2022-07-08,0.87957174
2022-07-09,
2022-07-10,0.5310517
2022-07-11,2.7602274
2022-07-12,
2022-07-13,
2022-07-14,
2022-07-15,1.1744883
2022-07-16,1.2039962
2022-07-17,
2022-07-18,0.52136904
2022-07-19,0.5932686
2022-07-20,5.910501
2022-07-21,
2022-07-22,0.78116727
2022-07-23,
2022-07-24,1.6142356
2022-07-25,0.8212009
2022-07-26,1.3859012
2022-07-27,1.6014241
2022-07-28,2.110124
2022-07-29,0.6663801
2022-07-30,1.1415015
2022-07-31,2.002419
2022-08-01,0.6106183
2022-08-02,2.4028041
2022-08-03,
2022-08-04,2.1150618
2022-08-05,2.0771987
2022-08-06,1.8798707
2022-08-07,3.7979844
2022-08-08,
2022-08-09,
2022-08-10,2.8013206
2022-08-11,3.1743875
2022-08-12,2.9155705
2022-08-13,0.6550768
2022-08-14,4.6366243
2022-08-15,3.424118
2022-08-16,
2022-08-17,0.47650725
2022-08-18,2.4096503
2022-08-19,
2022-08-20,
2022-08-21,
2022-08-22,2.6794088
2022-08-23,3.1249707
2022-08-24,1.2010977
2022-08-25,3.4435143
2022-08-26,0.683561
2022-08-27,2.587829
2022-08-28,
2022-08-29,2.990267
2022-08-30,3.1478093
2022-08-31,2.6375506
2022-09-01,1.6047003
2022-09-02,
2022-09-03,
2022-09-04,0.3055981
2022-09-05,
2022-09-06,0.7199372
2022-09-07,
2022-09-08,
2022-09-09,1.8065765
2022-09-10,2.5437448
2022-09-11,2.0801883
2022-09-12,0.6131127
2022-09-13,2.2103264
2022-09-14,5.8234706
2022-09-15,2.262424
2022-09-16,2.4403439
2022-09-17,
2022-09-18,3.5931003
2022-09-19,2.0856056
2022-09-20,
2022-09-21,2.406498
2022-09-22,
2022-09-23,1.9633688
2022-09-24,
2022-09-25,0.624757
2022-09-26,1.5366856
2022-09-27,1.5351024
2022-09-28,0.9514684
2022-09-29,1.3400121
2022-09-30,1.2774149
2022-10-01,1.2782465
2022-10-02,
2022-10-03,1.2983527
2022-10-04,1.2363458
2022-10-05,2.8990855
2022-10-06,0.7431959
2022-10-07,1.487814
2022-10-08,1.3855085
2022-10-09,
2022-10-10,1.2971786
2022-10-11,2.4457355
2022-10-12,1.5882902
2022-10-13,
2022-10-14,0.96550786
2022-10-15,1.0319834
2022-10-16,1.2974668
2022-10-17,1.3593019
2022-10-18,1.3503183
2022-10-19,1.1575837
2022-10-20,
2022-10-21,
2022-10-22,0.5210243
2022-10-23,
2022-10-24,1.0945786
2022-10-25,1.2298138
2022-10-26,
2022-10-27,1.7076133
2022-10-28,1.4511349
2022-10-29,
2022-10-30,2.4853153
2022-10-31,1.3038012
2022-11-01,0.5398629
2022-11-02,0.49595672
2022-11-03,1.1446873
2022-11-04,0.9272526
2022-11-05,1.1659014
2022-11-06,
2022-11-07,0.8193116
2022-11-08,1.0918884
2022-11-09,0.45797852
2022-11-10,
2022-11-11,
2022-11-12,0.6632616
2022-11-13,0.21087822
2022-11-14,0.7457041
2022-11-15,0.59875333
2022-11-16,0.5979841
2022-11-17,0.7202718
2022-11-18,0.33265346
2022-11-19,1.5113888
2022-11-20,0.593751
2022-11-21,0.76718736
2022-11-22,0.7526684
2022-11-23,0.56159526
2022-11-24,0.28589323
2022-11-25,
2022-11-26,0.33072737
2022-11-27,0.6485516
2022-11-28,0.7333551
2022-11-29,
2022-11-30,0.7488585
2022-12-01,
2022-12-02,0.33205447
2022-12-03,
2022-12-04,0.15745398
2022-12-05,0.19644922
2022-12-06,0.6959546
2022-12-07,
2022-12-08,0.71397525
2022-12-09,0.6713494
2022-12-10,0.7289946
2022-12-11,0.86082804
2022-12-12,0.71975917
2022-12-13,
2022-12-14,0.76794726
2022-12-15,0.78264296
2022-12-16,0.71695805
2022-12-17,0.75469553
2022-12-18,0.46824828
2022-12-19,0.7335466
2022-12-20,0.7491345
2022-12-21,0.7548473
2022-12-22,
2022-12-23,0.77858675
2022-12-24,0.81160915
2022-12-25,0.7881316
2022-12-26,
2022-12-27,1.2395209
2022-12-28,1.1653656
2022-12-29,0.9783359
2022-12-30,
2022-12-31,0.63233846
2023-01-01,1.0278014
2023-01-02,1.0228598
2023-01-03,1.3440849
2023-01-04,0.8710425
2023-01-05,0.8776076
2023-01-06,
2023-01-07,1.0313671
2023-01-08,1.0370301
2023-01-09,0.8889075
2023-01-10,0.9286589
2023-01-11,0.820353
2023-01-12,0.92906857
2023-01-13,0.95711756
2023-01-14,0.6830068
2023-01-15,0.8929062
2023-01-16,1.0677551
2023-01-17,1.0312499
2023-01-18,
2023-01-19,0.9057491
2023-01-20,0.9598198
2023-01-21,0.7656283
2023-01-22,
2023-01-23,0.6993684
2023-01-24,0.87192446
2023-01-25,0.9296033
2023-01-26,
2023-01-27,0.7796875
2023-01-28,0.8377169
2023-01-29,0.7742953
2023-01-30,0.8994654
2023-01-31,1.2384917
2023-02-01,0.97738653
2023-02-02,0.9241872
2023-02-03,0.95098776
2023-02-04,0.93435436
2023-02-05,0.7414158
2023-02-06,
2023-02-07,0.6642001
2023-02-08,0.915557
2023-02-09,0.84913564
2023-02-10,0.8566327
2023-02-11,0.85414416
2023-02-12,1.1675647
2023-02-13,1.016025
2023-02-14,
2023-02-15,
2023-02-16,1.0832502
2023-02-17,0.79602385
2023-02-18,1.2226634
2023-02-19,1.1372349
2023-02-20,1.1125506
2023-02-21,0.98584646
2023-02-22,1.2732619
2023-02-23,0.97478837
2023-02-24,1.2002594
2023-02-25,1.1568518
2023-02-26,0.9415134
2023-02-27,0.8653653
2023-02-28,0.94238293
2023-03-01,1.0575873
2023-03-02,0.9264042
2023-03-03,1.0048379
2023-03-04,0.5101757
2023-03-05,0.9857471
2023-03-06,0.9267956
2023-03-07,1.0423867
2023-03-08,1.0842677
2023-03-09,0.8102674
2023-03-10,0.90018433
2023-03-11,0.9632963
2023-03-12,0.9294562
2023-03-13,
2023-03-14,1.2701398
2023-03-15,1.2333002
2023-03-16,0.6128517
2023-03-17,0.47520626
2023-03-18,1.1855185
2023-03-19,1.232561
2023-03-20,1.1715511
2023-03-21,0.99608165
2023-03-22,1.119585
2023-03-23,0.9841581
2023-03-24,0.9276455
2023-03-25,0.16856104
2023-03-26,0.79052466
2023-03-27,1.0411605
2023-03-28,1.1974475
2023-03-29,1.0735738
2023-03-30,0.30826047
2023-03-31,
2023-04-01,0.90390426
2023-04-02,0.49990776
2023-04-03,0.6381795
2023-04-04,0.8974211
2023-04-05,1.2554374
2023-04-06,0.9593069
2023-04-07,
2023-04-08,
2023-04-09,
2023-04-10,
2023-04-11,1.6695789
2023-04-12,0.81395257
2023-04-13,0.33894002
2023-04-14,2.9453707
2023-04-15,2.085191
2023-04-16,2.3388956
2023-04-17,1.1468289
2023-04-18,1.1569316
2023-04-19,1.0928726
2023-04-20,0.86008847
2023-04-21,0.76391476
2023-04-22,0.9515712
2023-04-23,0.85764015
2023-04-24,0.15554881
2023-04-25,
2023-04-26,
2023-04-27,4.9839478
2023-04-28,2.0157876
2023-04-29,1.2863029
2023-04-30,1.0195166
2023-05-01,1.250169
2023-05-02,1.2015094
2023-05-03,0.90284914
2023-05-04,0.7897995
2023-05-05,0.7446227
2023-05-06,
2023-05-07,
2023-05-08,
2023-05-09,0.8225375
2023-05-10,0.1389931
2023-05-11,1.6297798
2023-05-12,1.5632932
2023-05-13,1.2947122
2023-05-14,1.2783976
2023-05-15,1.1926332
2023-05-16,1.4623343
2023-05-17,1.1031381
2023-05-18,0.7126013
2023-05-19,0.6916259
2023-05-20,0.67128885
2023-05-21,
2023-05-22,0.38726455
2023-05-23,0.3993338
2023-05-24,
2023-05-25,1.3783252
2023-05-26,0.98979366
2023-05-27,0.87612236
2023-05-28,0.99794024
2023-05-29,
2023-05-30,
2023-05-31,0.1898129
2023-06-01,0.9089244
2023-06-02,
2023-06-03,0.77201325
2023-06-04,1.7045839
2023-06-05,
2023-06-06,
2023-06-07,
2023-06-08,0.3541603
2023-06-09,0.440523
2023-06-10,0.9167602
2023-06-11,1.8735719
2023-06-12,2.8851204
2023-06-13,0.6591561
2023-06-14,0.6772769
2023-06-15,0.8673959
2023-06-16,2.286211
2023-06-17,1.1480974
2023-06-18,0.8693414
2023-06-19,
2023-06-20,0.94629014
2023-06-21,2.7340276
2023-06-22,0.24527946
2023-06-23,0.7629859
2023-06-24,0.68536633
2023-06-25,1.8114121
2023-06-26,1.3866696
2023-06-27,1.3696351
2023-06-28,1.1721804
2023-06-29,
2023-06-30,0.9928062
2023-07-01,1.0245306
2023-07-02,0.76051676
2023-07-03,0.31406423
2023-07-04,1.7347066
2023-07-05,1.7642951
2023-07-06,
2023-07-07,1.5482699
2023-07-08,1.6809247
2023-07-09,1.2281994
2023-07-10,
2023-07-11,0.6207401
2023-07-12,1.2679263
2023-07-13,2.289976
2023-07-14,4.28595
2023-07-15,1.9968959
2023-07-16,2.443327
2023-07-17,2.0331547
2023-07-18,
2023-07-19,2.7165582
2023-07-20,1.5594383
2023-07-21,1.6776057
2023-07-22,2.6886256
2023-07-23,1.5535774
2023-07-24,2.5762694
2023-07-25,
2023-07-26,
2023-07-27,0.8676331
2023-07-28,0.54392433
2023-07-29,
2023-07-30,1.0446802
2023-07-31,1.0975693
2023-08-01,1.7599798
2023-08-02,
2023-08-03,2.2856445
2023-08-04,2.2892592
2023-08-05,2.2911868
2023-08-06,2.715751
2023-08-07,1.5263219
2023-08-08,
2023-08-09,2.2502894
2023-08-10,
2023-08-11,2.0554063
2023-08-12,1.9484004
2023-08-13,1.7116088
2023-08-14,1.4870889
2023-08-15,1.465627
2023-08-16,3.6352613
2023-08-17,2.1351466
2023-08-18,
2023-08-19,1.4368708
2023-08-20,
2023-08-21,2.0818763
2023-08-22,
2023-08-23,1.4974473
2023-08-24,
2023-08-25,2.119408
2023-08-26,1.2373862
2023-08-27,
2023-08-28,1.1760713
2023-08-29,1.2178986
2023-08-30,1.2622856
2023-08-31,1.4572866
2023-09-01,0.64846784
2023-09-02,0.8597208
2023-09-03,0.85167307
2023-09-04,1.7218907
2023-09-05,1.5256094
2023-09-06,1.1654742
2023-09-07,1.4191405
2023-09-08,1.1576637
2023-09-09,
2023-09-10,0.5237547
2023-09-11,
2023-09-12,1.2905025
2023-09-13,
2023-09-14,
2023-09-15,
2023-09-16,2.112606
2023-09-17,3.9749472
2023-09-18,
2023-09-19,1.023931
2023-09-20,0.5173564
2023-09-21,1.3300331
2023-09-22,0.688165
2023-09-23,
2023-09-24,1.1218938
2023-09-25,0.605086
2023-09-26,0.912554
2023-09-27,0.8865881
2023-09-28,0.7264977
2023-09-29,0.34840477
2023-09-30,0.39455125
2023-10-01,
2023-10-02,1.369793
2023-10-03,
2023-10-04,1.0207554
2023-10-05,0.9530709
2023-10-06,0.904698
2023-10-07,0.86557955
2023-10-08,
2023-10-09,0.77453667
2023-10-10,4.930754
2023-10-11,0.87861794
2023-10-12,1.0093969
2023-10-13,1.0318278
2023-10-14,0.9424788
2023-10-15,
2023-10-16,0.8688345
2023-10-17,0.6657044
2023-10-18,0.47626847
2023-10-19,0.33752495
2023-10-20,1.0538735
2023-10-21,
2023-10-22,
2023-10-23,0.6446268
2023-10-24,0.65182537
2023-10-25,0.9444033
2023-10-26,0.14443079
2023-10-27,1.082008
2023-10-28,0.9833063
2023-10-29,0.7894231
2023-10-30,1.0072325
2023-10-31,1.4274226
2023-11-01,0.91375506
2023-11-02,0.73322487
2023-11-03,
2023-11-04,0.6619843
2023-11-05,0.76896495
2023-11-06,0.7086504
2023-11-07,0.7737812
2023-11-08,0.7705484
2023-11-09,0.3095477
2023-11-10,0.6951765
2023-11-11,
2023-11-12,
2023-11-13,
2023-11-14,0.89157814
2023-11-15,
2023-11-16,0.855877
2023-11-17,0.8859634
2023-11-18,0.7401325
2023-11-19,
2023-11-20,0.4550742
2023-11-21,0.8972339
2023-11-22,0.74651045
2023-11-23,
2023-11-24,0.64704454
2023-11-25,0.787982
2023-11-26,0.32772732
2023-11-27,0.98604614
2023-11-28,0.0848483
2023-11-29,0.21845233
2023-11-30,0.8514291
2023-12-01,0.91399336
2023-12-02,0.8457816
2023-12-03,1.0151039
2023-12-04,
2023-12-05,0.31181931
2023-12-06,1.1754802
2023-12-07,0.92825896
2023-12-08,
2023-12-09,1.1327246
2023-12-10,1.150087
2023-12-11,0.9058768
2023-12-12,
2023-12-13,0.85538197
2023-12-14,0.45989716
2023-12-15,0.9714455
2023-12-16,
2023-12-17,0.9948536
2023-12-18,1.1205807
2023-12-19,0.8261337
2023-12-20,0.8346822
2023-12-21,0.51424986
2023-12-22,0.5346507
2023-12-23,0.5394843
2023-12-24,0.99506336
2023-12-25,0.90055966
2023-12-26,0.584333
2023-12-27,0.4800184
2023-12-28,0.45738706
2023-12-29,
2023-12-30,0.93217844
2023-12-31,0.5554106
2024-01-01,0.8932949
2024-01-02,1.2182683
2024-01-03,0.9474329
2024-01-04,
2024-01-05,1.0185505
2024-01-06,1.1244152
2024-01-07,1.0050623
2024-01-08,0.9579455
2024-01-09,1.1891776
2024-01-10,1.2074
2024-01-11,1.0180975
2024-01-12,
2024-01-13,1.3860211
2024-01-14,1.0477362
2024-01-15,0.8451492
2024-01-16,0.64919627
2024-01-17,0.8312285
2024-01-18,
2024-01-19,
2024-01-20,1.23891
2024-01-21,0.6294027
2024-01-22,0.96617925
2024-01-23,0.834083
2024-01-24,1.177184
2024-01-25,1.878626
2024-01-26,1.6885036
2024-01-27,1.4951051
2024-01-28,0.97703147
2024-01-29,1.5177588
2024-01-30,1.3557777
2024-01-31,
2024-02-01,1.1444812
2024-02-02,1.2149352
2024-02-03,1.2744462
2024-02-04,1.1128079
2024-02-05,1.1739229
2024-02-06,1.2792335
2024-02-07,0.95170987
2024-02-08,0.5082861
2024-02-09,1.0529478
2024-02-10,0.88451606
2024-02-11,0.8412131
2024-02-12,0.90195024
2024-02-13,1.0452751
2024-02-14,0.9334712
2024-02-15,0.8287744
2024-02-16,1.0276078
2024-02-17,0.9118916
2024-02-18,
2024-02-19,0.8715202
2024-02-20,0.69832635
2024-02-21,
2024-02-22,1.4333603
2024-02-23,0.9135689
2024-02-24,
2024-02-25,
2024-02-26,
2024-02-27,
2024-02-28,1.1944158
2024-02-29,1.421006
2024-03-01,1.6697854
2024-03-02,0.9978436
2024-03-03,1.1508458
2024-03-04,
2024-03-05,1.0351821
2024-03-06,1.1790158
2024-03-07,1.128288
2024-03-08,0.60686994
2024-03-09,1.5419463
2024-03-10,1.3242142
2024-03-11,1.2659837
2024-03-12,1.222389
2024-03-13,0.49058673
2024-03-14,1.0968485
2024-03-15,0.6048427
2024-03-16,0.9074042
2024-03-17,0.9609066
2024-03-18,1.1298375
2024-03-19,1.5532849
2024-03-20,1.3145664
2024-03-21,1.4531622
2024-03-22,1.1178174
2024-03-23,1.0842696
2024-03-24,0.926847
2024-03-25,
2024-03-26,0.8753522
2024-03-27,0.91688484
2024-03-28,0.7654014
2024-03-29,0.4284485
2024-03-30,1.0573694
2024-03-31,1.4135032
2024-04-01,1.3830267
2024-04-02,1.1083752
2024-04-03,1.1463395
2024-04-04,0.7647348
2024-04-05,0.95121026
2024-04-06,0.64897484
2024-04-07,0.7349669
2024-04-08,0.8884069
2024-04-09,1.043307
2024-04-10,0.8487001
2024-04-11,0.9727201
2024-04-12,0.6870837
2024-04-13,0.6998177
2024-04-14,0.5645089
2024-04-15,0.7006908
2024-04-16,0.9270575
2024-04-17,1.2443318
2024-04-18,0.8310369
2024-04-19,0.8748448
2024-04-20,0.78753114
2024-04-21,
2024-04-22,0.7061277
2024-04-23,1.7162628
2024-04-24,1.5006826
2024-04-25,
2024-04-26,0.8274286
2024-04-27,0.5761302
2024-04-28,2.1665277
2024-04-29,0.5870184
2024-04-30,
2024-05-01,0.69585025
2024-05-02,
2024-05-03,0.6653113
2024-05-04,1.3544728
2024-05-05,1.5650365
2024-05-06,1.4535329
2024-05-07,0.7661101
2024-05-08,0.7318217
2024-05-09,
2024-05-10,0.2812742
2024-05-11,0.39146265
2024-05-12,
2024-05-13,1.6541818
2024-05-14,0.6762035
2024-05-15,0.55162203
2024-05-16,0.77272695
2024-05-17,1.0387393
2024-05-18,
2024-05-19,0.6789009
2024-05-20,
2024-05-21,
2024-05-22,
2024-05-23,0.6759041
2024-05-24,
2024-05-25,0.63504016
2024-05-26,
2024-05-27,0.40427452
2024-05-28,
2024-05-29,0.2230053
2024-05-30,2.1276762
2024-05-31,2.7792468
2024-06-01,3.2254179
2024-06-02,3.2957332
2024-06-03,1.285526
2024-06-04,
2024-06-05,2.3344579
2024-06-06,0.62493724
2024-06-07,1.8257504
2024-06-08,
2024-06-09,
2024-06-10,
2024-06-11,
2024-06-12,
2024-06-13,1.6209056
2024-06-14,
2024-06-15,1.1895086
2024-06-16,0.2981908
2024-06-17,1.5150497
2024-06-18,0.15999095
2024-06-19,1.5864816
2024-06-20,1.7705952
2024-06-21,
2024-06-22,1.5442133
2024-06-23,1.2054129
2024-06-24,1.5359882
2024-06-25,1.9567089
2024-06-26,
2024-06-27,
2024-06-28,1.231509
2024-06-29,1.5627738
2024-06-30,1.3258032
2024-07-01,1.2787766
2024-07-02,1.8622687
2024-07-03,2.5788083
2024-07-04,1.6552618
2024-07-05,1.7316363
2024-07-06,
2024-07-07,0.11353195
2024-07-08,1.9642886
2024-07-09,1.1823223
2024-07-10,1.7493552
2024-07-11,
2024-07-12,
2024-07-13,1.3515098
2024-07-14,
2024-07-15,0.6750962
2024-07-16,0.923746
2024-07-17,1.7183704
2024-07-18,4.97917
2024-07-19,1.3486813
2024-07-20,
2024-07-21,0.6015277
2024-07-22,1.0572518
2024-07-23,1.039401
2024-07-24,2.0754995
2024-07-25,1.7818642
2024-07-26,0.55886215
2024-07-27,1.3269429
2024-07-28,0.05230903
2024-07-29,1.1145095
2024-07-30,1.0901567
2024-07-31,1.9158667
2024-08-01,1.1624231
2024-08-02,
2024-08-03,3.5540276
2024-08-04,4.042275
2024-08-05,4.3344264
2024-08-06,
2024-08-07,
2024-08-08,
2024-08-09,0.5939249
2024-08-10,2.6396585
2024-08-11,0.59301347
2024-08-12,1.2081813
2024-08-13,3.5115023
2024-08-14,
2024-08-15,3.0717127
2024-08-16,0.27396873
2024-08-17,
2024-08-18,0.8972765
2024-08-19,
2024-08-20,
2024-08-21,1.4729844
2024-08-22,0.23650472
2024-08-23,
2024-08-24,3.7496672
2024-08-25,0.42290717
2024-08-26,
2024-08-27,3.726973
2024-08-28,4.0712037
2024-08-29,10.008914
2024-08-30,14.854792
2024-08-31,1.2647985
2024-09-01,1.4968226
2024-09-02,2.834977
2024-09-03,
2024-09-04,2.8780956
2024-09-05,3.1226616
2024-09-06,0.964541
2024-09-07,0.893354
2024-09-08,
2024-09-09,1.8255396
2024-09-10,2.1521516
2024-09-11,1.9822813
2024-09-12,1.9297557
2024-09-13,1.6322262
2024-09-14,1.6365649
2024-09-15,1.8207211
2024-09-16,1.8792845
2024-09-17,1.5322512
2024-09-18,1.7964143
2024-09-19,1.2187105
2024-09-20,1.2536132
2024-09-21,2.3712485
2024-09-22,1.7469425
2024-09-23,1.640147
2024-09-24,0.86626714
2024-09-25,2.2395585
2024-09-26,0.8711403
2024-09-27,
