# data_column_name,cf_standard_name,imos_vocabulary_name,unit_name,unit_short_name,uv.definition
# AIRT,air_temperature,Temperature of the atmosphere,Degrees Celsius,degC                                                                                                          ,
# ATMP,air_pressure,Pressure (measured variable) exerted by the atmosphere,Millibars,mbar                                                                                                          ,
# CNDC_2,sea_water_electrical_conductivity,Electrical conductivity of the water body,Siemens per metre,S m-1                                                                                                         ,
# CNDC_3,sea_water_electrical_conductivity,Electrical conductivity of the water body,Siemens per metre,S m-1                                                                                                         ,
# CNDC,sea_water_electrical_conductivity,Electrical conductivity of the water body,Siemens per metre,S m-1                                                                                                         ,
# DEWT,dew_point_temperature,Dew point temperature of the atmosphere,Degrees Celsius,degC                                                                                                          ,
# GPS_HEIGHT,,,Metres,m                                                                                                             ,
# LATITUDE,latitude,Latitude north,Degrees,deg                                                                                                           ,
# LONGITUDE,longitude,Longitude east,Degrees,deg                                                                                                           ,
# PL_CRS,platform_course,Direction of motion (over ground) of measurement platform,Degrees True,deg T                                                                                                         ,
# PL_SPD,platform_speed_wrt_ground,Speed (over ground) of measurement platform,Metres per second,m s-1                                                                                                         ,
# PL_WDIR,,Wind direction (relative to moving platform) in the atmosphere,Degrees True,deg T                                                                                                         ,
# PL_WSPD,,Wind speed (relative to moving platform) in the atmosphere,Metres per second,m s-1                                                                                                         ,
# PSAL_2,sea_water_salinity,Practical salinity of the water body,Practical Salinity Unit,PSU                                                                                                           ,
# PSAL_3,sea_water_salinity,Practical salinity of the water body,Practical Salinity Unit,PSU                                                                                                           ,
# PSAL,sea_water_salinity,Practical salinity of the water body,Practical Salinity Unit,PSU                                                                                                           ,
# RAD_PAR,surface_downwelling_photosynthetic_radiative_flux_in_air,Downwelling vector irradiance as photons (PAR wavelengths) in the atmosphere,Micromoles per second per square metre,umol s-1 m-2                                                                                                  ,
# RELH,relative_humidity,Relative humidity of the atmosphere,Percent,%                                                                                                             ,
# TEMP_2,sea_water_temperature,Temperature of the water body,Degrees Celsius,degC                                                                                                          ,
# TEMP_3,sea_water_temperature,Temperature of the water body,Degrees Celsius,degC                                                                                                          ,
# TEMP_4,sea_water_temperature,Temperature of the water body,Degrees Celsius,degC                                                                                                          ,
# TEMP,sea_water_temperature,Temperature of the water body,Degrees Celsius,degC                                                                                                          ,
# WDIR,wind_from_direction,Wind from direction in the atmosphere,Degrees True,deg T                                                                                                         ,
# WETT,wet_bulb_temperature,Wet bulb temperature of the atmosphere,Degrees Celsius,degC                                                                                                          ,
# WSPD,wind_speed,Wind speed in the atmosphere,Metres per second,m s-1                                                                                                         ,
#
# qc_scheme_short_name,flag_value,flag_meaning,flag_description
# BOM,B,Value out of bounds ,
# BOM,C,Time not sequential ,
# BOM,D,Failed T > Tw > Td test (see Verein 2008) ,This test is not realised yet
# BOM,E,Failed resultant wind recomputation test ,This test gets applied to SST data product
# BOM,F,Platform velocity unrealistic ,
# BOM,G,Value exceeds (climatological) threshold ,
# BOM,H,Discontinuity in data ,
# BOM,J,Erroneous value ,
# BOM,K,Suspect value (visual) ,
# BOM,L,Value located over land ,
# BOM,M,Instrument malfunction ,
# BOM,Q,Pre-flagged as suspect ,
# BOM,S,Spike in data (visual) ,
# BOM,T,Time duplicate ,
# BOM,U,Suspect data (statistical) ,
# BOM,V,Spike in data (statistical) ,
# BOM,X,Step in data (statistical) ,
# BOM,Z,Value passes all test ,

FID,trajectory_id,measurement_id,platform_code,vessel_name,voyage_number,TIME,TIME_quality_control,LATITUDE,LATITUDE_quality_control,LONGITUDE,LONGITUDE_quality_control,AIRT,AIRT_quality_control,ATMP,ATMP_quality_control,CNDC,CNDC_quality_control,CNDC_2,CNDC_2_quality_control,CNDC_3,CNDC_3_quality_control,DEWT,DEWT_quality_control,GPS_HEIGHT,GPS_HEIGHT_quality_control,PL_CRS,PL_CRS_quality_control,PL_SPD,PL_SPD_quality_control,PL_WDIR,PL_WDIR_quality_control,PL_WSPD,PL_WSPD_quality_control,PSAL,PSAL_quality_control,PSAL_2,PSAL_2_quality_control,PSAL_3,PSAL_3_quality_control,RELH,RELH_quality_control,TEMP,TEMP_quality_control,TEMP_2,TEMP_2_quality_control,TEMP_3,TEMP_3_quality_control,TEMP_4,TEMP_4_quality_control,WDIR,WDIR_quality_control,WETT,WETT_quality_control,WSPD,WSPD_quality_control,AIRT_b,ATMP_b,CNDC_b,DEWT_b,PL_CRS_b,PL_SPD_b,PL_WDIR_b,PL_WSPD_b,PSAL_b,RELH_b,TEMP_b,WDIR_b,WETT_b,WSPD_b,geom
soop_sst_nrt_trajectory_data.fid--687f1563_1926beee71d_40ef,216,4828,9HA2479,Pacific Sun,undefined,2011-09-14T03:00:00Z,Z,-32,Z,115.8,Z,16.9,Z,1021.8,Z,,,,,,,7.8,Z,,,0,Z,0,Z,,,,,,,,,,,,,18,Z,,,,,,,20,Z,11.9,Z,2.5722,Z,true,true,false,true,true,true,false,false,false,false,true,true,true,true,POINT (115.80000305175781 -32)
soop_sst_nrt_trajectory_data.fid--687f1563_1926beee71d_40f0,216,4829,9HA2479,Pacific Sun,undefined,2011-09-14T04:00:00Z,Z,-32,Z,115.8,Z,17,Z,1021.1,Z,,,,,,,7.7,Z,,,0,Z,0,Z,,,,,,,,,,,,,18.1,Z,,,,,,,300,Z,11.9,Z,3.6011,Z,true,true,false,true,true,true,false,false,false,false,true,true,true,true,POINT (115.80000305175781 -32)
soop_sst_nrt_trajectory_data.fid--687f1563_1926beee71d_40f1,216,4830,9HA2479,Pacific Sun,undefined,2011-09-14T05:00:00Z,Z,-32,Z,115.8,Z,18.9,Z,1020.3,Z,,,,,,,8.1,Z,,,0,Z,0,Z,,,,,,,,,,,,,18.3,Z,,,,,,,270,Z,12.9,Z,3.6011,Z,true,true,false,true,true,true,false,false,false,false,true,true,true,true,POINT (115.80000305175781 -32)
soop_sst_nrt_trajectory_data.fid--687f1563_1926beee71d_40f2,216,4831,9HA2479,Pacific Sun,undefined,2011-09-14T06:00:00Z,Z,-32,Z,115.8,Z,19.3,Z,1019.7,Z,,,,,,,8.3,Z,,,0,Z,0,Z,,,,,,,,,,,,,18.5,Z,,,,,,,270,Z,13.1,Z,3.0867,Z,true,true,false,true,true,true,false,false,false,false,true,true,true,true,POINT (115.80000305175781 -32)
soop_sst_nrt_trajectory_data.fid--687f1563_1926beee71d_40f3,216,4832,9HA2479,Pacific Sun,undefined,2011-09-14T07:00:00Z,Z,-32,Z,115.8,Z,19.2,Z,1019.2,Z,,,,,,,7.4,Z,,,0,Z,0,Z,,,,,,,,,,,,,18.6,Z,,,,,,,250,Z,12.7,Z,3.6011,Z,true,true,false,true,true,true,false,false,false,false,true,true,true,true,POINT (115.80000305175781 -32)
soop_sst_nrt_trajectory_data.fid--687f1563_1926beee71d_40f4,216,4833,9HA2479,Pacific Sun,undefined,2011-09-14T08:00:00Z,Z,-32,Z,115.8,Z,20.2,Z,1018.1,Z,,,,,,,7.2,Z,,,0,Z,0,Z,,,,,,,,,,,,,19,Z,,,,,,,260,Z,13,Z,2.0578,Z,true,true,false,true,true,true,false,false,false,false,true,true,true,true,POINT (115.80000305175781 -32)
soop_sst_nrt_trajectory_data.fid--687f1563_1926beee71d_40f5,216,4834,9HA2479,Pacific Sun,undefined,2011-09-14T09:00:00Z,Z,-32,Z,115.8,Z,19.3,Z,1018.3,Z,,,,,,,6.8,Z,,,0,Z,0,Z,,,,,,,,,,,,,18.2,Z,,,,,,,260,Z,12.5,Z,2.0578,Z,true,true,false,true,true,true,false,false,false,false,true,true,true,true,POINT (115.80000305175781 -32)
soop_sst_nrt_trajectory_data.fid--687f1563_1926beee71d_40f6,216,4835,9HA2479,Pacific Sun,undefined,2011-09-14T10:00:00Z,Z,-32,Z,115.7,Z,18,Z,1018,Z,,,,,,,7.9,Z,,,315,Z,6.6878,Z,,,,,,,,,,,,,18.8,Z,,,,,,,230,Z,12.4,Z,3.6011,Z,true,true,false,true,true,true,false,false,false,false,true,true,true,true,POINT (115.69999694824219 -32)
soop_sst_nrt_trajectory_data.fid--687f1563_1926beee71d_40f7,216,4836,9HA2479,Pacific Sun,undefined,2011-09-14T12:00:00Z,H,-31.6,Z,115.2,Z,18.8,Z,1018.6,Z,,,,,,,9,Z,,,315,Z,9.26,Z,,,,,,,,,,,,,19.7,Z,,,,,,,300,Z,13.2,Z,6.6878,Z,true,true,false,true,true,true,false,false,false,false,true,true,true,true,POINT (115.19999694824219 -31.600000381469727)
soop_sst_nrt_trajectory_data.fid--687f1563_1926beee71d_40f8,216,4837,9HA2479,Pacific Sun,undefined,2011-09-14T13:00:00Z,Z,-31.4,Z,115,Z,19.1,Z,1019.2,Z,,,,,,,12.4,Z,,,315,Z,9.26,Z,,,,,,,,,,,,,20,Z,,,,,,,280,Z,15,Z,10.8033,Z,true,true,false,true,true,true,false,false,false,false,true,true,true,true,POINT (115 -31.399999618530273)
soop_sst_nrt_trajectory_data.fid--687f1563_1926beee71d_40f9,231,5179,9HA2479,Pacific Sun,undefined,2011-09-29T17:00:00Z,Z,-31.3,Z,114.9,Z,18.1,Z,1014.1,Z,,,,,,,8.5,Z,,,180,Z,9.26,Z,,,,,,,,,,,,,20.3,Z,,,,,,,90,Z,12.7,Z,15.9478,Z,true,true,false,true,true,true,false,false,false,false,true,true,true,true,POINT (114.9000015258789 -31.299999237060547)
soop_sst_nrt_trajectory_data.fid--687f1563_1926beee71d_40fa,231,5180,9HA2479,Pacific Sun,undefined,2011-09-29T18:00:00Z,Z,-31.5,Z,115,Z,17.3,Z,1014.5,Z,,,,,,,7.6,Z,,,135,Z,9.26,Z,,,,,,,,,,,,,20.1,Z,,,,,,,90,Z,11.9,Z,16.9767,Z,true,true,false,true,true,true,false,false,false,false,true,true,true,true,POINT (115 -31.5)
soop_sst_nrt_trajectory_data.fid--687f1563_1926beee71d_40fb,231,5181,9HA2479,Pacific Sun,undefined,2011-09-29T19:00:00Z,Z,-31.7,Z,115.3,Z,16.3,Z,1015,Z,,,,,,,6.6,Z,,,135,Z,9.26,Z,,,,,,,,,,,,,19.5,Z,,,,,,,90,Z,11.1,Z,13.3756,Z,true,true,false,true,true,true,false,false,false,false,true,true,true,true,POINT (115.30000305175781 -31.700000762939453)
soop_sst_nrt_trajectory_data.fid--687f1563_1926beee71d_40fc,231,5182,9HA2479,Pacific Sun,undefined,2011-09-29T20:00:00Z,Z,-31.9,Z,115.5,Z,14.8,Z,1015.4,Z,,,,,,,5.6,Z,,,135,Z,6.6878,Z,,,,,,,,,,,,,19,Z,,,,,,,80,Z,10,Z,15.9478,Z,true,true,false,true,true,true,false,false,false,false,true,true,true,true,POINT (115.5 -31.899999618530273)
soop_sst_nrt_trajectory_data.fid--687f1563_1926beee71d_40fd,231,5183,9HA2479,Pacific Sun,undefined,2011-09-29T21:00:00Z,Z,-32,Z,115.7,Z,14,Z,1016.4,Z,,,,,,,7.3,Z,,,225,Z,4.1156,Z,,,,,,,,,,,,,18,Z,,,,,,,60,Z,10.4,Z,14.4044,Z,true,true,false,true,true,true,false,false,false,false,true,true,true,true,POINT (115.69999694824219 -32)
soop_sst_nrt_trajectory_data.fid--687f1563_1926beee71d_40fe,231,5184,9HA2479,Pacific Sun,undefined,2011-09-29T22:00:00Z,Z,-32,Z,115.8,Z,12.5,Z,1016.9,Z,,,,,,,5.8,Z,,,0,Z,0,Z,,,,,,,,,,,,,17.3,Z,,,,,,,90,Z,9.1,Z,8.2311,Z,true,true,false,true,true,true,false,false,false,false,true,true,true,true,POINT (115.80000305175781 -32)
soop_sst_nrt_trajectory_data.fid--687f1563_1926beee71d_40ff,231,5185,9HA2479,Pacific Sun,undefined,2011-09-29T23:00:00Z,Z,-32,Z,115.8,Z,13.3,Z,1017.4,Z,,,,,,,5.7,Z,,,0,Z,0,Z,,,,,,,,,,,,,17.3,Z,,,,,,,100,Z,9.4,Z,9.26,Z,true,true,false,true,true,true,false,false,false,false,true,true,true,true,POINT (115.80000305175781 -32)
soop_sst_nrt_trajectory_data.fid--687f1563_1926beee71d_4100,232,5186,9HA2479,Pacific Sun,undefined,2011-09-30T00:00:00Z,Z,-32,Z,115.8,Z,14.8,Z,1017.3,Z,,,,,,,6.3,Z,,,0,Z,0,Z,,,,,,,,,,,,,17.2,Z,,,,,,,90,Z,10.3,Z,8.7456,Z,true,true,false,true,true,true,false,false,false,false,true,true,true,true,POINT (115.80000305175781 -32)
soop_sst_nrt_trajectory_data.fid--687f1563_1926beee71d_4101,232,5187,9HA2479,Pacific Sun,undefined,2011-09-30T01:00:00Z,Z,-32,Z,115.8,Z,16.1,Z,1017.3,Z,,,,,,,6.5,Z,,,0,Z,0,Z,,,,,,,,,,,,,17.3,Z,,,,,,,90,Z,11,Z,8.2311,Z,true,true,false,true,true,true,false,false,false,false,true,true,true,true,POINT (115.80000305175781 -32)
soop_sst_nrt_trajectory_data.fid--687f1563_1926beee71d_4102,232,5188,9HA2479,Pacific Sun,undefined,2011-09-30T02:00:00Z,Z,-32,Z,115.8,Z,17.3,Z,1017.3,Z,,,,,,,7.7,Z,,,0,Z,0,Z,,,,,,,,,,,,,17.3,Z,,,,,,,110,Z,12,Z,7.2022,Z,true,true,false,true,true,true,false,false,false,false,true,true,true,true,POINT (115.80000305175781 -32)
soop_sst_nrt_trajectory_data.fid--687f1563_1926beee71d_4103,232,5189,9HA2479,Pacific Sun,undefined,2011-09-30T03:00:00Z,Z,-32,Z,115.8,Z,18,Z,1016.7,Z,,,,,,,7.2,Z,,,0,Z,0,Z,,,,,,,,,,,,,17.4,Z,,,,,,,100,Z,12.1,Z,6.1733,Z,true,true,false,true,true,true,false,false,false,false,true,true,true,true,POINT (115.80000305175781 -32)
soop_sst_nrt_trajectory_data.fid--687f1563_1926beee71d_4104,232,5190,9HA2479,Pacific Sun,undefined,2011-09-30T04:00:00Z,Z,-32,Z,115.8,Z,19.1,Z,1016.1,Z,,,,,,,7.2,Z,,,0,Z,0,Z,,,,,,,,,,,,,17.6,Z,,,,,,,120,Z,12.5,Z,7.2022,Z,true,true,false,true,true,true,false,false,false,false,true,true,true,true,POINT (115.80000305175781 -32)
soop_sst_nrt_trajectory_data.fid--687f1563_1926beee71d_4105,232,5191,9HA2479,Pacific Sun,undefined,2011-09-30T05:00:00Z,Z,-32,Z,115.8,Z,19.8,Z,1015.2,Z,,,,,,,6.9,Z,,,0,Z,0,Z,,,,,,,,,,,,,17.5,Z,,,,,,,130,Z,12.7,Z,7.7167,Z,true,true,false,true,true,true,false,false,false,false,true,true,true,true,POINT (115.80000305175781 -32)
soop_sst_nrt_trajectory_data.fid--687f1563_1926beee71d_4106,232,5192,9HA2479,Pacific Sun,undefined,2011-09-30T06:00:00Z,Z,-32,Z,115.8,Z,20.6,Z,1014.2,Z,,,,,,,6,Z,,,0,Z,0,Z,,,,,,,,,,,,,17.9,Z,,,,,,,120,Z,12.7,Z,7.2022,Z,true,true,false,true,true,true,false,false,false,false,true,true,true,true,POINT (115.80000305175781 -32)
soop_sst_nrt_trajectory_data.fid--687f1563_1926beee71d_4107,232,5193,9HA2479,Pacific Sun,undefined,2011-09-30T07:00:00Z,Z,-32,Z,115.8,Z,22.2,Z,1013.8,Z,,,,,,,6.6,Z,,,0,Z,0,Z,,,,,,,,,,,,,18.2,Z,,,,,,,140,Z,13.6,Z,6.1733,Z,true,true,false,true,true,true,false,false,false,false,true,true,true,true,POINT (115.80000305175781 -32)
soop_sst_nrt_trajectory_data.fid--687f1563_1926beee71d_4108,232,5194,9HA2479,Pacific Sun,undefined,2011-09-30T08:00:00Z,Z,-32,Z,115.8,Z,21.6,Z,1013.6,Z,,,,,,,6,Z,,,0,Z,0,Z,,,,,,,,,,,,,18.1,Z,,,,,,,130,Z,13.1,Z,6.1733,Z,true,true,false,true,true,true,false,false,false,false,true,true,true,true,POINT (115.80000305175781 -32)
soop_sst_nrt_trajectory_data.fid--687f1563_1926beee71d_4109,232,5195,9HA2479,Pacific Sun,undefined,2011-09-30T09:00:00Z,Z,-32,Z,115.7,Z,21.5,Z,1013.4,Z,,,,,,,8.3,Z,,,315,Z,4.1156,Z,,,,,,,,,,,,,17.9,Z,,,,,,,110,Z,14,Z,5.1444,Z,true,true,false,true,true,true,false,false,false,false,true,true,true,true,POINT (115.69999694824219 -32)
soop_sst_nrt_trajectory_data.fid--687f1563_1926beee71d_410a,232,5196,9HA2479,Pacific Sun,undefined,2011-09-30T10:00:00Z,Z,-31.9,Z,115.5,Z,20.1,Z,1012.9,Z,,,,,,,11.2,Z,,,315,Z,9.26,Z,,,,,,,,,,,,,19.4,Z,,,,,,,120,Z,14.8,Z,7.2022,Z,true,true,false,true,true,true,false,false,false,false,true,true,true,true,POINT (115.5 -31.899999618530273)
soop_sst_nrt_trajectory_data.fid--687f1563_1926beee71d_410b,232,5197,9HA2479,Pacific Sun,undefined,2011-09-30T11:00:00Z,Z,-31.7,Z,115.2,Z,19.9,Z,1012.8,Z,,,,,,,11.5,Z,,,315,Z,9.26,Z,,,,,,,,,,,,,19.5,Z,,,,,,,120,Z,14.9,Z,8.2311,Z,true,true,false,true,true,true,false,false,false,false,true,true,true,true,POINT (115.19999694824219 -31.700000762939453)
soop_sst_nrt_trajectory_data.fid--687f1563_1926beee71d_410c,232,5198,9HA2479,Pacific Sun,undefined,2011-09-30T12:00:00Z,Z,-31.5,Z,115,Z,19.2,Z,1012.7,Z,,,,,,,14.9,Z,,,360,Z,9.26,Z,,,,,,,,,,,,,19.9,Z,,,,,,,150,Z,16.4,Z,9.7744,Z,true,true,false,true,true,true,false,false,false,false,true,true,true,true,POINT (115 -31.5)
soop_sst_nrt_trajectory_data.fid--687f1563_1926beee71d_410d,232,5199,9HA2479,Pacific Sun,undefined,2011-09-30T13:00:00Z,Z,-31.2,Z,114.9,Z,20.1,Z,1012.8,Z,,,,,,,12.1,Z,,,360,Z,9.26,Z,,,,,,,,,,,,,20.2,Z,,,,,,,130,Z,15.2,Z,10.2889,Z,true,true,false,true,true,true,false,false,false,false,true,true,true,true,POINT (114.9000015258789 -31.200000762939453)
soop_sst_nrt_trajectory_data.fid--687f1563_1926beee71d_410e,239,5363,9HA2479,Pacific Sun,undefined,2011-10-07T18:00:00Z,Z,-31.3,Z,114.9,Z,17.8,Z,1012.4,Z,,,,,,,13.7,Z,,,135,Z,9.26,Z,,,,,,,,,,,,,20.2,Z,,,,,,,220,Z,15.3,Z,8.7456,Z,true,true,false,true,true,true,false,false,false,false,true,true,true,true,POINT (114.9000015258789 -31.299999237060547)
soop_sst_nrt_trajectory_data.fid--687f1563_1926beee71d_410f,239,5364,9HA2479,Pacific Sun,undefined,2011-10-07T19:00:00Z,Z,-31.5,Z,115,Z,17.6,Z,1012.1,Z,,,,,,,13.8,Z,,,135,Z,9.26,Z,,,,,,,,,,,,,20.2,Z,,,,,,,200,Z,15.3,Z,8.2311,Z,true,true,false,true,true,true,false,false,false,false,true,true,true,true,POINT (115 -31.5)
soop_sst_nrt_trajectory_data.fid--687f1563_1926beee71d_4110,239,5365,9HA2479,Pacific Sun,undefined,2011-10-07T20:00:00Z,Z,-31.7,Z,115.3,Z,17.6,Z,1012.2,Z,,,,,,,14.1,Z,,,135,Z,9.26,Z,,,,,,,,,,,,,19.9,Z,,,,,,,190,Z,15.4,Z,9.7744,Z,true,true,false,true,true,true,false,false,false,false,true,true,true,true,POINT (115.30000305175781 -31.700000762939453)
soop_sst_nrt_trajectory_data.fid--687f1563_1926beee71d_4111,239,5366,9HA2479,Pacific Sun,undefined,2011-10-07T21:00:00Z,Z,-31.9,Z,115.5,Z,17,Z,1012.5,Z,,,,,,,14.2,Z,,,135,Z,6.6878,Z,,,,,,,,,,,,,19.4,Z,,,,,,,180,Z,15.2,Z,7.2022,Z,true,true,false,true,true,true,false,false,false,false,true,true,true,true,POINT (115.5 -31.899999618530273)
soop_sst_nrt_trajectory_data.fid--687f1563_1926beee71d_4112,239,5367,9HA2479,Pacific Sun,undefined,2011-10-07T22:00:00Z,Z,-32,Z,115.7,Z,15.7,Z,1013.1,Z,,,,,,,13.6,Z,,,180,Z,6.6878,Z,,,,,,,,,,,,,18.8,Z,,,,,,,50,Z,14.4,Z,5.6589,Z,true,true,false,true,true,true,false,false,false,false,true,true,true,true,POINT (115.69999694824219 -32)
soop_sst_nrt_trajectory_data.fid--687f1563_1926beee71d_4113,239,5368,9HA2479,Pacific Sun,undefined,2011-10-07T23:00:00Z,Z,-32,Z,115.8,Z,15.8,Z,1013.6,Z,,,,,,,13.3,Z,,,0,Z,0,Z,,,,,,,,,,,,,18.7,Z,,,,,,,60,Z,14.3,Z,2.5722,Z,true,true,false,true,true,true,false,false,false,false,true,true,true,true,POINT (115.80000305175781 -32)
soop_sst_nrt_trajectory_data.fid--687f1563_1926beee71d_4114,240,5369,9HA2479,Pacific Sun,undefined,2011-10-08T00:00:00Z,Z,-32,Z,115.8,Z,16.7,Z,1014.2,Z,,,,,,,13.3,Z,,,0,Z,0,Z,,,,,,,,,,,,,18.7,Z,,,,,,,40,Z,14.6,Z,2.0578,Z,true,true,false,true,true,true,false,false,false,false,true,true,true,true,POINT (115.80000305175781 -32)
soop_sst_nrt_trajectory_data.fid--687f1563_1926beee71d_4115,240,5370,9HA2479,Pacific Sun,undefined,2011-10-08T01:00:00Z,Z,-32,Z,115.8,Z,16.9,Z,1014.7,Z,,,,,,,12.5,Z,,,0,Z,0,Z,,,,,,,,,,,,,18.8,Z,,,,,,,40,Z,14.2,Z,4.1156,Z,true,true,false,true,true,true,false,false,false,false,true,true,true,true,POINT (115.80000305175781 -32)
soop_sst_nrt_trajectory_data.fid--687f1563_1926beee71d_4116,240,5371,9HA2479,Pacific Sun,undefined,2011-10-08T02:00:00Z,Z,-32,Z,115.8,Z,17.9,Z,1014.7,Z,,,,,,,12.9,Z,,,0,Z,0,Z,,,,,,,,,,,,,18.9,Z,,,,,,,30,Z,14.8,Z,2.0578,Z,true,true,false,true,true,true,false,false,false,false,true,true,true,true,POINT (115.80000305175781 -32)
soop_sst_nrt_trajectory_data.fid--687f1563_1926beee71d_4117,240,5372,9HA2479,Pacific Sun,undefined,2011-10-08T03:00:00Z,Z,-32,Z,115.8,Z,21.4,Z,1014.4,Z,,,,,,,14.3,Z,,,0,Z,0,Z,,,,,,,,,,,,,18.9,Z,,,,,,,280,Z,16.9,Z,2.0578,Z,true,true,false,true,true,true,false,false,false,false,true,true,true,true,POINT (115.80000305175781 -32)
soop_sst_nrt_trajectory_data.fid--687f1563_1926beee71d_4118,240,5373,9HA2479,Pacific Sun,undefined,2011-10-08T04:00:00Z,Z,-32,Z,115.8,Z,20.6,Z,1013.9,Z,,,,,,,13.9,Z,,,0,Z,0,Z,,,,,,,,,,,,,19.5,Z,,,,,,,270,Z,16.4,Z,3.6011,Z,true,true,false,true,true,true,false,false,false,false,true,true,true,true,POINT (115.80000305175781 -32)
soop_sst_nrt_trajectory_data.fid--687f1563_1926beee71d_4119,240,5374,9HA2479,Pacific Sun,undefined,2011-10-08T05:00:00Z,Z,-32,Z,115.8,Z,21.2,Z,1013.5,Z,,,,,,,14.5,Z,,,0,Z,0,Z,,,,,,,,,,,,,19.6,Z,,,,,,,270,Z,17,Z,4.1156,Z,true,true,false,true,true,true,false,false,false,false,true,true,true,true,POINT (115.80000305175781 -32)
soop_sst_nrt_trajectory_data.fid--687f1563_1926beee71d_411a,240,5375,9HA2479,Pacific Sun,undefined,2011-10-08T06:00:00Z,Z,-32,Z,115.8,Z,21.1,Z,1013.3,Z,,,,,,,13,Z,,,0,Z,0,Z,,,,,,,,,,,,,19.6,Z,,,,,,,270,Z,16.1,Z,5.1444,Z,true,true,false,true,true,true,false,false,false,false,true,true,true,true,POINT (115.80000305175781 -32)
soop_sst_nrt_trajectory_data.fid--687f1563_1926beee71d_411b,240,5376,9HA2479,Pacific Sun,undefined,2011-10-08T07:00:00Z,Z,-32,Z,115.8,Z,20.2,Z,1013.3,Z,,,,,,,13.7,Z,,,0,Z,0,Z,,,,,,,,,,,,,19.9,Z,,,,,,,230,Z,16.1,Z,5.1444,Z,true,true,false,true,true,true,false,false,false,false,true,true,true,true,POINT (115.80000305175781 -32)
soop_sst_nrt_trajectory_data.fid--687f1563_1926beee71d_411c,240,5377,9HA2479,Pacific Sun,undefined,2011-10-08T08:00:00Z,Z,-32,Z,115.8,Z,19.8,Z,1013.2,Z,,,,,,,13.3,Z,,,0,Z,0,Z,,,,,,,,,,,,,19.7,Z,,,,,,,240,Z,15.8,Z,5.6589,Z,true,true,false,true,true,true,false,false,false,false,true,true,true,true,POINT (115.80000305175781 -32)
soop_sst_nrt_trajectory_data.fid--687f1563_1926beee71d_411d,240,5378,9HA2479,Pacific Sun,undefined,2011-10-08T09:00:00Z,Z,-32,Z,115.7,Z,18.1,Z,1013.6,Z,,,,,,,12.9,Z,,,315,Z,4.1156,Z,,,,,,,,,,,,,19.5,Z,,,,,,,210,Z,14.9,Z,7.2022,Z,true,true,false,true,true,true,false,false,false,false,true,true,true,true,POINT (115.69999694824219 -32)
soop_sst_nrt_trajectory_data.fid--687f1563_1926beee71d_411e,240,5379,9HA2479,Pacific Sun,undefined,2011-10-08T10:00:00Z,Z,-31.9,Z,115.5,Z,18.2,Z,1014,Z,,,,,,,12.3,Z,,,315,Z,9.26,Z,,,,,,,,,,,,,19.8,Z,,,,,,,210,Z,14.7,Z,8.7456,Z,true,true,false,true,true,true,false,false,false,false,true,true,true,true,POINT (115.5 -31.899999618530273)
soop_sst_nrt_trajectory_data.fid--687f1563_1926beee71d_411f,240,5380,9HA2479,Pacific Sun,undefined,2011-10-08T11:00:00Z,Z,-31.7,Z,115.3,Z,18.2,Z,1014.6,Z,,,,,,,11.2,Z,,,315,Z,9.26,Z,,,,,,,,,,,,,20.2,Z,,,,,,,220,Z,14.1,Z,6.1733,Z,true,true,false,true,true,true,false,false,false,false,true,true,true,true,POINT (115.30000305175781 -31.700000762939453)
soop_sst_nrt_trajectory_data.fid--687f1563_1926beee71d_4120,240,5381,9HA2479,Pacific Sun,undefined,2011-10-08T12:00:00Z,Z,-31.5,Z,115,Z,18.1,Z,1015.2,Z,,,,,,,10.3,Z,,,360,Z,9.26,Z,,,,,,,,,,,,,20.3,Z,,,,,,,250,Z,13.6,Z,1.5433,Z,true,true,false,true,true,true,false,false,false,false,true,true,true,true,POINT (115 -31.5)
soop_sst_nrt_trajectory_data.fid--687f1563_1926beee71d_4121,240,5382,9HA2479,Pacific Sun,undefined,2011-10-08T13:00:00Z,Z,-31.3,Z,114.9,Z,18,Z,1015.8,Z,,,,,,,10.3,Z,,,360,Z,9.26,Z,,,,,,,,,,,,,20.3,Z,,,,,,,240,Z,13.5,Z,6.1733,Z,true,true,false,true,true,true,false,false,false,false,true,true,true,true,POINT (114.9000015258789 -31.299999237060547)
soop_sst_nrt_trajectory_data.fid--687f1563_1926beee71d_4122,245,5482,9HA2479,Pacific Sun,undefined,2011-10-15T16:00:00Z,Z,-31.2,Z,114.9,Z,21.1,Z,1016.3,Z,,,,,,,15.9,Z,,,180,Z,6.6878,Z,,,,,,,,,,,,,20.4,Z,,,,,,,130,Z,17.8,Z,10.8033,Z,true,true,false,true,true,true,false,false,false,false,true,true,true,true,POINT (114.9000015258789 -31.200000762939453)
soop_sst_nrt_trajectory_data.fid--687f1563_1926beee71d_4123,245,5483,9HA2479,Pacific Sun,undefined,2011-10-15T17:00:00Z,Z,-31.5,Z,115,Z,21,Z,1015.5,Z,,,,,,,15,Z,,,180,Z,6.6878,Z,,,,,,,,,,,,,20.3,Z,,,,,,,110,Z,17.2,Z,10.8033,Z,true,true,false,true,true,true,false,false,false,false,true,true,true,true,POINT (115 -31.5)
soop_sst_nrt_trajectory_data.fid--687f1563_1926beee71d_4124,245,5484,9HA2479,Pacific Sun,undefined,2011-10-15T18:00:00Z,Z,-31.6,Z,115.1,Z,21.4,Z,1015.3,Z,,,,,,,12,Z,,,135,Z,6.6878,Z,,,,,,,,,,,,,19.9,Z,,,,,,,100,Z,15.7,Z,10.8033,Z,true,true,false,true,true,true,false,false,false,false,true,true,true,true,POINT (115.0999984741211 -31.600000381469727)
soop_sst_nrt_trajectory_data.fid--687f1563_1926beee71d_4125,245,5485,9HA2479,Pacific Sun,undefined,2011-10-15T19:00:00Z,Z,-31.8,Z,115.3,Z,21.8,Z,1015,Z,,,,,,,9.7,Z,,,135,Z,6.6878,Z,,,,,,,,,,,,,19.5,Z,,,,,,,80,Z,14.7,Z,10.8033,Z,true,true,false,true,true,true,false,false,false,false,true,true,true,true,POINT (115.30000305175781 -31.799999237060547)
soop_sst_nrt_trajectory_data.fid--687f1563_1926beee71d_4126,245,5486,9HA2479,Pacific Sun,undefined,2011-10-15T20:00:00Z,Z,-31.9,Z,115.5,Z,21.8,Z,1013.3,Z,,,,,,,10.2,Z,,,135,Z,6.6878,Z,,,,,,,,,,,,,19.5,Z,,,,,,,50,Z,14.9,Z,12.3467,Z,true,true,false,true,true,true,false,false,false,false,true,true,true,true,POINT (115.5 -31.899999618530273)
soop_sst_nrt_trajectory_data.fid--687f1563_1926beee71d_4127,245,5487,9HA2479,Pacific Sun,undefined,2011-10-15T21:00:00Z,Z,-32,Z,115.7,Z,21.8,Z,1014.1,Z,,,,,,,8.4,Z,,,225,Z,4.1156,Z,,,,,,,,,,,,,19.2,Z,,,,,,,50,Z,14.1,Z,12.8611,Z,true,true,false,true,true,true,false,false,false,false,true,true,true,true,POINT (115.69999694824219 -32)
soop_sst_nrt_trajectory_data.fid--687f1563_1926beee71d_4128,245,5488,9HA2479,Pacific Sun,undefined,2011-10-15T22:00:00Z,Z,-32,Z,115.8,Z,21.1,Z,1014.6,Z,,,,,,,6.7,Z,,,0,Z,0,Z,,,,,,,,,,,,,19.4,Z,,,,,,,80,Z,13.1,Z,10.8033,Z,true,true,false,true,true,true,false,false,false,false,true,true,true,true,POINT (115.80000305175781 -32)
soop_sst_nrt_trajectory_data.fid--687f1563_1926beee71d_4129,245,5489,9HA2479,Pacific Sun,undefined,2011-10-15T23:00:00Z,Z,-32,Z,115.8,Z,21.5,Z,1014.5,Z,,,,,,,6.9,Z,,,0,Z,0,Z,,,,,,,,,,,,,19.5,Z,,,,,,,80,Z,13.4,Z,10.8033,Z,true,true,false,true,true,true,false,false,false,false,true,true,true,true,POINT (115.80000305175781 -32)
soop_sst_nrt_trajectory_data.fid--687f1563_1926beee71d_412a,246,5490,9HA2479,Pacific Sun,undefined,2011-10-16T00:00:00Z,Z,-32,Z,115.8,Z,23.8,Z,1014.2,Z,,,,,,,7.4,Z,,,0,Z,0,Z,,,,,,,,,,,,,19.6,Z,,,,,,,60,Z,14.5,Z,10.8033,Z,true,true,false,true,true,true,false,false,false,false,true,true,true,true,POINT (115.80000305175781 -32)
soop_sst_nrt_trajectory_data.fid--687f1563_1926beee71d_412b,246,5491,9HA2479,Pacific Sun,undefined,2011-10-16T01:00:00Z,Z,-32,Z,115.8,Z,26.1,Z,1013.6,Z,,,,,,,7.8,Z,,,0,Z,0,Z,,,,,,,,,,,,,19.7,Z,,,,,,,60,Z,15.5,Z,11.3178,Z,true,true,false,true,true,true,false,false,false,false,true,true,true,true,POINT (115.80000305175781 -32)
soop_sst_nrt_trajectory_data.fid--687f1563_1926beee71d_412c,246,5492,9HA2479,Pacific Sun,undefined,2011-10-16T02:00:00Z,Z,-32,Z,115.8,Z,27.2,Z,1013,Z,,,,,,,6.9,Z,,,0,Z,0,Z,,,,,,,,,,,,,19.7,Z,,,,,,,40,Z,15.6,Z,10.8033,Z,true,true,false,true,true,true,false,false,false,false,true,true,true,true,POINT (115.80000305175781 -32)
soop_sst_nrt_trajectory_data.fid--687f1563_1926beee71d_412d,246,5493,9HA2479,Pacific Sun,undefined,2011-10-16T03:00:00Z,Z,-32,Z,115.8,Z,29,Z,1011.9,Z,,,,,,,7.1,Z,,,0,Z,0,Z,,,,,,,,,,,,,19.9,Z,,,,,,,30,Z,16.3,Z,10.2889,Z,true,true,false,true,true,true,false,false,false,false,true,true,true,true,POINT (115.80000305175781 -32)
soop_sst_nrt_trajectory_data.fid--687f1563_1926beee71d_412e,246,5494,9HA2479,Pacific Sun,undefined,2011-10-16T04:00:00Z,Z,-32,Z,115.8,Z,31.1,Z,1011,Z,,,,,,,6,Z,,,0,Z,0,Z,,,,,,,,,,,,,20.1,Z,,,,,,,30,Z,16.7,Z,10.8033,Z,true,true,false,true,true,true,false,false,false,false,true,true,true,true,POINT (115.80000305175781 -32)
soop_sst_nrt_trajectory_data.fid--687f1563_1926beee71d_412f,246,5495,9HA2479,Pacific Sun,undefined,2011-10-16T05:00:00Z,Z,-32,Z,115.8,Z,29.5,Z,1010.3,Z,,,,,,,7.6,Z,,,0,Z,0,Z,,,,,,,,,,,,,20.1,Z,,,,,,,340,Z,16.7,Z,9.26,Z,true,true,false,true,true,true,false,false,false,false,true,true,true,true,POINT (115.80000305175781 -32)
soop_sst_nrt_trajectory_data.fid--687f1563_1926beee71d_4130,246,5496,9HA2479,Pacific Sun,undefined,2011-10-16T06:00:00Z,Z,-32,Z,115.8,Z,26.8,Z,1010,Z,,,,,,,11.5,Z,,,0,Z,0,Z,,,,,,,,,,,,,20.2,Z,,,,,,,270,Z,17.4,Z,5.1444,Z,true,true,false,true,true,true,false,false,false,false,true,true,true,true,POINT (115.80000305175781 -32)
soop_sst_nrt_trajectory_data.fid--687f1563_1926beee71d_4131,246,5497,9HA2479,Pacific Sun,undefined,2011-10-16T07:00:00Z,Z,-32,Z,115.8,Z,24.6,Z,1010,Z,,,,,,,14.3,Z,,,0,Z,0,Z,,,,,,,,,,,,,20.1,Z,,,,,,,260,Z,18,Z,4.63,Z,true,true,false,true,true,true,false,false,false,false,true,true,true,true,POINT (115.80000305175781 -32)
soop_sst_nrt_trajectory_data.fid--687f1563_1926beee71d_4132,246,5498,9HA2479,Pacific Sun,undefined,2011-10-16T08:00:00Z,Z,-32,Z,115.8,Z,25.3,Z,1009.5,Z,,,,,,,11.6,Z,,,0,Z,0,Z,,,,,,,,,,,,,20.2,Z,,,,,,,260,Z,16.9,Z,3.6011,Z,true,true,false,true,true,true,false,false,false,false,true,true,true,true,POINT (115.80000305175781 -32)
soop_sst_nrt_trajectory_data.fid--687f1563_1926beee71d_4133,246,5499,9HA2479,Pacific Sun,undefined,2011-10-16T09:00:00Z,Z,-32,Z,115.7,Z,22.9,Z,1009.7,Z,,,,,,,12,Z,,,315,Z,4.1156,Z,,,,,,,,,,,,,20,Z,,,,,,,240,Z,16.2,Z,1.5433,Z,true,true,false,true,true,true,false,false,false,false,true,true,true,true,POINT (115.69999694824219 -32)
soop_sst_nrt_trajectory_data.fid--687f1563_1926beee71d_4134,246,5500,9HA2479,Pacific Sun,undefined,2011-10-16T10:00:00Z,Z,-31.9,Z,115.5,Z,21,Z,1009.8,Z,,,,,,,16.5,Z,,,315,Z,9.26,Z,,,,,,,,,,,,,20.2,Z,,,,,,,310,Z,18,Z,3.0867,Z,true,true,false,true,true,true,false,false,false,false,true,true,true,true,POINT (115.5 -31.899999618530273)
soop_sst_nrt_trajectory_data.fid--687f1563_1926beee71d_4135,246,5501,9HA2479,Pacific Sun,undefined,2011-10-16T11:00:00Z,Z,-31.7,Z,115.2,Z,20.2,Z,1010.7,Z,,,,,,,17,Z,,,315,Z,9.26,Z,,,,,,,,,,,,,20.1,Z,,,,,,,230,Z,18.1,Z,4.63,Z,true,true,false,true,true,true,false,false,false,false,true,true,true,true,POINT (115.19999694824219 -31.700000762939453)
soop_sst_nrt_trajectory_data.fid--687f1563_1926beee71d_4136,246,5502,9HA2479,Pacific Sun,undefined,2011-10-16T12:00:00Z,Z,-31.5,Z,115,Z,19.7,Z,1011.5,Z,,,,,,,17.4,Z,,,360,Z,9.26,Z,,,,,,,,,,,,,20.4,Z,,,,,,,220,Z,18.1,Z,11.3178,Z,true,true,false,true,true,true,false,false,false,false,true,true,true,true,POINT (115 -31.5)
soop_sst_nrt_trajectory_data.fid--687f1563_1926beee71d_4137,246,5503,9HA2479,Pacific Sun,undefined,2011-10-16T13:00:00Z,Z,-31.2,Z,114.9,Z,19.1,Z,1011.7,Z,,,,,,,17,Z,,,360,Z,9.26,Z,,,,,,,,,,,,,20.5,Z,,,,,,,230,Z,17.7,Z,12.3467,Z,true,true,false,true,true,true,false,false,false,false,true,true,true,true,POINT (114.9000015258789 -31.200000762939453)
soop_sst_nrt_trajectory_data.fid--687f1563_1926beee71d_4138,257,5759,9HA2479,Pacific Sun,undefined,2011-10-27T19:00:00Z,H,-31.5,Z,115.1,Z,17.6,Z,1016.3,Z,,,,,,,12,Z,,,135,Z,9.26,Z,,,,,,,,,,,,,20.4,Z,,,,,,,140,Z,14.3,Z,14.9189,Z,true,true,false,true,true,true,false,false,false,false,true,true,true,true,POINT (115.0999984741211 -31.5)
soop_sst_nrt_trajectory_data.fid--687f1563_1926beee71d_4139,257,5760,9HA2479,Pacific Sun,undefined,2011-10-27T20:00:00Z,Z,-31.7,Z,115.3,Z,16.4,Z,1017.3,Z,,,,,,,11.4,Z,,,135,Z,9.26,Z,,,,,,,,,,,,,19.9,Z,,,,,,,140,Z,13.4,Z,12.8611,Z,true,true,false,true,true,true,false,false,false,false,true,true,true,true,POINT (115.30000305175781 -31.700000762939453)
soop_sst_nrt_trajectory_data.fid--687f1563_1926beee71d_413a,257,5761,9HA2479,Pacific Sun,undefined,2011-10-27T21:00:00Z,Z,-31.9,Z,115.5,Z,15.4,Z,1018.4,Z,,,,,,,9.6,Z,,,135,Z,9.26,Z,,,,,,,,,,,,,19.4,Z,,,,,,,140,Z,12.2,Z,11.8322,Z,true,true,false,true,true,true,false,false,false,false,true,true,true,true,POINT (115.5 -31.899999618530273)
soop_sst_nrt_trajectory_data.fid--687f1563_1926beee71d_413b,257,5762,9HA2479,Pacific Sun,undefined,2011-10-27T22:00:00Z,Z,-32,Z,115.7,Z,14.1,Z,1019.5,Z,,,,,,,9.2,Z,,,135,Z,6.6878,Z,,,,,,,,,,,,,19.5,Z,,,,,,,150,Z,11.4,Z,9.26,Z,true,true,false,true,true,true,false,false,false,false,true,true,true,true,POINT (115.69999694824219 -32)
soop_sst_nrt_trajectory_data.fid--687f1563_1926beee71d_413c,258,5763,9HA2479,Pacific Sun,undefined,2011-10-28T00:00:00Z,Z,-32,Z,115.8,Z,16.4,Z,1020.4,Z,,,,,,,9,Z,,,0,Z,0,Z,,,,,,,,,,,,,19.6,Z,,,,,,,150,Z,12.2,Z,4.63,Z,true,true,false,true,true,true,false,false,false,false,true,true,true,true,POINT (115.80000305175781 -32)
soop_sst_nrt_trajectory_data.fid--687f1563_1926beee71d_413d,258,5764,9HA2479,Pacific Sun,undefined,2011-10-28T01:00:00Z,Z,-32,Z,115.8,Z,17.6,Z,1020.8,Z,,,,,,,8.1,Z,,,0,Z,0,Z,,,,,,,,,,,,,19.7,Z,,,,,,,150,Z,12.3,Z,5.6589,Z,true,true,false,true,true,true,false,false,false,false,true,true,true,true,POINT (115.80000305175781 -32)
soop_sst_nrt_trajectory_data.fid--687f1563_1926beee71d_413e,258,5765,9HA2479,Pacific Sun,undefined,2011-10-28T02:00:00Z,Z,-32,Z,115.8,Z,18.4,Z,1020.7,Z,,,,,,,7.4,Z,,,0,Z,0,Z,,,,,,,,,,,,,19.9,Z,,,,,,,140,Z,12.4,Z,4.63,Z,true,true,false,true,true,true,false,false,false,false,true,true,true,true,POINT (115.80000305175781 -32)
soop_sst_nrt_trajectory_data.fid--687f1563_1926beee71d_413f,258,5766,9HA2479,Pacific Sun,undefined,2011-10-28T03:00:00Z,Z,-32,Z,115.8,Z,19.2,Z,1020.2,Z,,,,,,,7.7,Z,,,0,Z,0,Z,,,,,,,,,,,,,19.9,Z,,,,,,,110,Z,12.8,Z,2.5722,Z,true,true,false,true,true,true,false,false,false,false,true,true,true,true,POINT (115.80000305175781 -32)
soop_sst_nrt_trajectory_data.fid--687f1563_1926beee71d_4140,258,5767,9HA2479,Pacific Sun,undefined,2011-10-28T04:00:00Z,Z,-32,Z,115.8,Z,20,Z,1019.6,Z,,,,,,,6.7,Z,,,0,Z,0,Z,,,,,,,,,,,,,20,Z,,,,,,,140,Z,12.7,Z,3.6011,Z,true,true,false,true,true,true,false,false,false,false,true,true,true,true,POINT (115.80000305175781 -32)
soop_sst_nrt_trajectory_data.fid--687f1563_1926beee71d_4141,258,5768,9HA2479,Pacific Sun,undefined,2011-10-28T05:00:00Z,Z,-32,Z,115.8,Z,20,Z,1019.2,Z,,,,,,,9.9,Z,,,0,Z,0,Z,,,,,,,,,,,,,19.9,Z,,,,,,,220,Z,14.1,Z,4.1156,Z,true,true,false,true,true,true,false,false,false,false,true,true,true,true,POINT (115.80000305175781 -32)
soop_sst_nrt_trajectory_data.fid--687f1563_1926beee71d_4142,258,5769,9HA2479,Pacific Sun,undefined,2011-10-28T06:00:00Z,Z,-32,Z,115.8,Z,19.7,Z,1018.9,Z,,,,,,,9.7,Z,,,0,Z,0,Z,,,,,,,,,,,,,20,Z,,,,,,,190,Z,13.9,Z,5.1444,Z,true,true,false,true,true,true,false,false,false,false,true,true,true,true,POINT (115.80000305175781 -32)
soop_sst_nrt_trajectory_data.fid--687f1563_1926beee71d_4143,258,5770,9HA2479,Pacific Sun,undefined,2011-10-28T07:00:00Z,Z,-32,Z,115.8,Z,19.8,Z,1018.6,Z,,,,,,,9.7,Z,,,0,Z,0,Z,,,,,,,,,,,,,20.1,Z,,,,,,,190,Z,14,Z,5.6589,Z,true,true,false,true,true,true,false,false,false,false,true,true,true,true,POINT (115.80000305175781 -32)
soop_sst_nrt_trajectory_data.fid--687f1563_1926beee71d_4144,258,5771,9HA2479,Pacific Sun,undefined,2011-10-28T08:00:00Z,Z,-32,Z,115.8,Z,19.4,Z,1018.1,Z,,,,,,,9.9,Z,,,0,Z,0,Z,,,,,,,,,,,,,20.4,Z,,,,,,,190,Z,13.9,Z,6.1733,Z,true,true,false,true,true,true,false,false,false,false,true,true,true,true,POINT (115.80000305175781 -32)
soop_sst_nrt_trajectory_data.fid--687f1563_1926beee71d_4145,258,5772,9HA2479,Pacific Sun,undefined,2011-10-28T09:00:00Z,Z,-32,Z,115.8,Z,19.2,Z,1018.5,Z,,,,,,,10.2,Z,,,0,Z,0,Z,,,,,,,,,,,,,20.1,Z,,,,,,,180,Z,14,Z,6.6878,Z,true,true,false,true,true,true,false,false,false,false,true,true,true,true,POINT (115.80000305175781 -32)
soop_sst_nrt_trajectory_data.fid--687f1563_1926beee71d_4146,258,5773,9HA2479,Pacific Sun,undefined,2011-10-28T10:00:00Z,Z,-32,Z,115.8,Z,19,Z,1018.6,Z,,,,,,,10,Z,,,0,Z,0,Z,,,,,,,,,,,,,20,Z,,,,,,,170,Z,13.8,Z,5.6589,Z,true,true,false,true,true,true,false,false,false,false,true,true,true,true,POINT (115.80000305175781 -32)
soop_sst_nrt_trajectory_data.fid--687f1563_1926beee71d_4147,258,5774,9HA2479,Pacific Sun,undefined,2011-10-28T11:00:00Z,Z,-32,Z,115.7,Z,18.7,Z,1019,Z,,,,,,,11.8,Z,,,315,Z,6.6878,Z,,,,,,,,,,,,,19.8,Z,,,,,,,170,Z,14.5,Z,8.2311,Z,true,true,false,true,true,true,false,false,false,false,true,true,true,true,POINT (115.69999694824219 -32)
soop_sst_nrt_trajectory_data.fid--687f1563_1926beee71d_4148,258,5775,9HA2479,Pacific Sun,undefined,2011-10-28T12:00:00Z,Z,-31.9,Z,115.4,Z,18.8,Z,1019,Z,,,,,,,12.5,Z,,,270,Z,6.6878,Z,,,,,,,,,,,,,19.5,Z,,,,,,,160,Z,15,Z,13.89,Z,true,true,false,true,true,true,false,false,false,false,true,true,true,true,POINT (115.4000015258789 -31.899999618530273)
soop_sst_nrt_trajectory_data.fid--687f1563_1926beee71d_4149,258,5776,9HA2479,Pacific Sun,undefined,2011-10-28T13:00:00Z,Z,-32,Z,115.3,Z,19.4,Z,1019.4,Z,,,,,,,11.8,Z,,,225,Z,6.6878,Z,,,,,,,,,,,,,20.2,Z,,,,,,,150,Z,14.8,Z,10.8033,Z,true,true,false,true,true,true,false,false,false,false,true,true,true,true,POINT (115.30000305175781 -32)
soop_sst_nrt_trajectory_data.fid--687f1563_1926beee71d_414a,258,5777,9HA2479,Pacific Sun,undefined,2011-10-28T14:00:00Z,Z,-32.2,Z,115.2,Z,19.2,Z,1018.9,Z,,,,,,,10.2,Z,,,225,Z,6.6878,Z,,,,,,,,,,,,,20.3,Z,,,,,,,100,Z,13.9,Z,19.0344,Z,true,true,false,true,true,true,false,false,false,false,true,true,true,true,POINT (115.19999694824219 -32.20000076293945)
soop_sst_nrt_trajectory_data.fid--687f1563_1926beee71d_414b,258,5778,9HA2479,Pacific Sun,undefined,2011-10-28T15:00:00Z,Z,-32.3,Z,115.1,Z,18,Z,1019.3,Z,,,,,,,8,Z,,,225,Z,6.6878,Z,,,,,,,,,,,,,19.9,Z,,,,,,,100,Z,12.4,Z,19.5489,Z,true,true,false,true,true,true,false,false,false,false,true,true,true,true,POINT (115.0999984741211 -32.29999923706055)
soop_sst_nrt_trajectory_data.fid--687f1563_1926beee71d_414c,258,5779,9HA2479,Pacific Sun,undefined,2011-10-28T16:00:00Z,Z,-32.5,Z,114.9,Z,17.1,Z,1020.3,Z,,,,,,,8.7,Z,,,225,Z,6.6878,Z,,,,,,,,,,,,,20.1,Z,,,,,,,80,Z,12.4,Z,12.8611,Z,true,true,false,true,true,true,false,false,false,false,true,true,true,true,POINT (114.9000015258789 -32.5)
soop_sst_nrt_trajectory_data.fid--687f1563_1926beee71d_414d,258,5781,9HA2479,Pacific Sun,undefined,2011-10-28T18:00:00Z,Z,-32.8,Z,115,Z,15,Z,1020.7,Z,,,,,,,8.3,Z,,,135,Z,6.6878,Z,,,,,,,,,,,,,19.9,Z,,,,,,,90,Z,11.3,Z,14.4044,Z,true,true,false,true,true,true,false,false,false,false,true,true,true,true,POINT (115 -32.79999923706055)
