depth,time,chl,phyc
0.49402538,2021-11-01,0.18117946,1.4942513
0.49402538,2021-11-02,0.17784362,1.479113
0.49402538,2021-11-03,0.16118301,1.4221567
0.49402538,2021-11-04,0.15350462,1.402637
0.49402538,2021-11-05,0.15754938,1.4229425
0.49402538,2021-11-06,0.16682447,1.4602295
0.49402538,2021-11-07,0.17299867,1.4823433
0.49402538,2021-11-08,0.17557429,1.488194
0.49402538,2021-11-09,0.17756312,1.4880314
0.49402538,2021-11-10,0.17835422,1.5107728
0.49402538,2021-11-11,0.1754706,1.5255989
0.49402538,2021-11-12,0.1683559,1.5096678
0.49402538,2021-11-13,0.16230293,1.4888206
0.49402538,2021-11-14,0.1559729,1.4703913
0.49402538,2021-11-15,0.14144485,1.4074756
0.49402538,2021-11-16,0.12586483,1.3322227
0.49402538,2021-11-17,0.11808691,1.2857599
0.49402538,2021-11-18,0.12182539,1.2655493
0.49402538,2021-11-19,0.13363203,1.2957028
0.49402538,2021-11-20,0.13974458,1.3267766
0.49402538,2021-11-21,0.13929883,1.3239161
0.49402538,2021-11-22,0.14972903,1.3623103
0.49402538,2021-11-23,0.15500273,1.3962574
0.49402538,2021-11-24,0.15146615,1.3942693
0.49402538,2021-11-25,0.14570989,1.3728808
0.49402538,2021-11-26,0.13973625,1.3521107
0.49402538,2021-11-27,0.1339144,1.3426243
0.49402538,2021-11-28,0.12679487,1.3111814
0.49402538,2021-11-29,0.12726681,1.2884454
0.49402538,2021-11-30,0.14235152,1.3313807
0.49402538,2021-12-01,0.14953083,1.3521582
0.49402538,2021-12-02,0.15072064,1.3356508
0.49402538,2021-12-03,0.15363836,1.3196987
0.49402538,2021-12-04,0.15264301,1.3094977
0.49402538,2021-12-05,0.15146263,1.3092695
0.49402538,2021-12-06,0.15486251,1.32247
0.49402538,2021-12-07,0.15275128,1.3228261
0.49402538,2021-12-08,0.14277242,1.3091836
0.49402538,2021-12-09,0.12952505,1.2592961
0.49402538,2021-12-10,0.12121105,1.2239094
0.49402538,2021-12-11,0.11940833,1.2280294
0.49402538,2021-12-12,0.12705265,1.2656142
0.49402538,2021-12-13,0.13409086,1.3003122
0.49402538,2021-12-14,0.13597828,1.3093762
0.49402538,2021-12-15,0.13616835,1.3033458
0.49402538,2021-12-16,0.13407825,1.2924252
0.49402538,2021-12-17,0.12965511,1.2863458
0.49402538,2021-12-18,0.12499174,1.2744597
0.49402538,2021-12-19,0.12035367,1.2603191
0.49402538,2021-12-20,0.11752655,1.2590615
0.49402538,2021-12-21,0.116639644,1.264963
0.49402538,2021-12-22,0.115169585,1.2623087
0.49402538,2021-12-23,0.113815196,1.2496835
0.49402538,2021-12-24,0.11234785,1.2356228
0.49402538,2021-12-25,0.111527525,1.2332778
0.49402538,2021-12-26,0.1121927,1.2522482
0.49402538,2021-12-27,0.11320887,1.2728457
0.49402538,2021-12-28,0.11235505,1.2731537
0.49402538,2021-12-29,0.10961931,1.254615
0.49402538,2021-12-30,0.10681168,1.2380495
0.49402538,2021-12-31,0.1067855,1.2253461
0.49402538,2022-01-01,0.10956363,1.2234112
0.49402538,2022-01-02,0.11030239,1.2232791
0.49402538,2022-01-03,0.11007744,1.2291259
0.49402538,2022-01-04,0.10806024,1.2220033
0.49402538,2022-01-05,0.10566628,1.2159747
0.49402538,2022-01-06,0.10441557,1.2228277
0.49402538,2022-01-07,0.10348622,1.2237227
0.49402538,2022-01-08,0.10456979,1.2064223
0.49402538,2022-01-09,0.107250154,1.2019416
0.49402538,2022-01-10,0.10713181,1.2015425
0.49402538,2022-01-11,0.105838746,1.2067097
0.49402538,2022-01-12,0.10393541,1.2072946
0.49402538,2022-01-13,0.102926455,1.2042507
0.49402538,2022-01-14,0.103189856,1.209088
0.49402538,2022-01-15,0.10427495,1.2110972
0.49402538,2022-01-16,0.10445098,1.204094
0.49402538,2022-01-17,0.1035986,1.2056338
0.49402538,2022-01-18,0.10297852,1.2206169
0.49402538,2022-01-19,0.10287288,1.236323
0.49402538,2022-01-20,0.103972614,1.2550654
0.49402538,2022-01-21,0.104532935,1.2613269
0.49402538,2022-01-22,0.10424301,1.2570604
0.49402538,2022-01-23,0.10236999,1.2339178
0.49402538,2022-01-24,0.10174099,1.2096206
0.49402538,2022-01-25,0.103665255,1.203631
0.49402538,2022-01-26,0.104711644,1.1952891
0.49402538,2022-01-27,0.106319256,1.1921593
0.49402538,2022-01-28,0.10832691,1.1964167
0.49402538,2022-01-29,0.110177666,1.216515
0.49402538,2022-01-30,0.111266665,1.2281865
0.49402538,2022-01-31,0.1119839,1.211938
0.49402538,2022-02-01,0.113492034,1.1932219
0.49402538,2022-02-02,0.11438274,1.1829814
0.49402538,2022-02-03,0.1138378,1.1878711
0.49402538,2022-02-04,0.11343673,1.2051426
0.49402538,2022-02-05,0.112425454,1.2194926
0.49402538,2022-02-06,0.108234644,1.1855472
0.49402538,2022-02-07,0.10843688,1.189838
0.49402538,2022-02-08,0.10867413,1.2057227
0.49402538,2022-02-09,0.10852475,1.2162691
0.49402538,2022-02-10,0.10939627,1.2353003
0.49402538,2022-02-11,0.10992224,1.2535349
0.49402538,2022-02-12,0.1089049,1.2442118
0.49402538,2022-02-13,0.10859088,1.2391993
0.49402538,2022-02-14,0.109003104,1.2418419
0.49402538,2022-02-15,0.110501446,1.253225
0.49402538,2022-02-16,0.1112564,1.2579886
0.49402538,2022-02-17,0.111657076,1.2656256
0.49402538,2022-02-18,0.111722,1.276723
0.49402538,2022-02-19,0.11129722,1.2840062
0.49402538,2022-02-20,0.11024991,1.2784091
0.49402538,2022-02-21,0.10985759,1.2781216
0.49402538,2022-02-22,0.11003702,1.2760998
0.49402538,2022-02-23,0.11051905,1.2702004
0.49402538,2022-02-24,0.10937459,1.2621907
0.49402538,2022-02-25,0.10864985,1.2668673
0.49402538,2022-02-26,0.10801325,1.2639227
0.49402538,2022-02-27,0.10704022,1.2541474
0.49402538,2022-02-28,0.10593665,1.2527944
0.49402538,2022-03-01,0.10508287,1.2528225
0.49402538,2022-03-02,0.10547423,1.2466923
0.49402538,2022-03-03,0.1074679,1.2324457
0.49402538,2022-03-04,0.10962377,1.2188435
0.49402538,2022-03-05,0.11153663,1.214671
0.49402538,2022-03-06,0.113114655,1.2180783
0.49402538,2022-03-07,0.11402852,1.2172437
0.49402538,2022-03-08,0.115148865,1.216484
0.49402538,2022-03-09,0.116252266,1.2203037
0.49402538,2022-03-10,0.11532869,1.2224612
0.49402538,2022-03-11,0.11457623,1.2224195
0.49402538,2022-03-12,0.11350617,1.2173208
0.49402538,2022-03-13,0.11329218,1.2312335
0.49402538,2022-03-14,0.11320799,1.2541841
0.49402538,2022-03-15,0.11149168,1.2545022
0.49402538,2022-03-16,0.110393286,1.2544411
0.49402538,2022-03-17,0.110606186,1.2620517
0.49402538,2022-03-18,0.11041445,1.2588779
0.49402538,2022-03-19,0.10998664,1.2242069
0.49402538,2022-03-20,0.111144185,1.1966891
0.49402538,2022-03-21,0.111843556,1.1709515
0.49402538,2022-03-22,0.11358596,1.156823
0.49402538,2022-03-23,0.11504374,1.1483558
0.49402538,2022-03-24,0.116040885,1.1475548
0.49402538,2022-03-25,0.11618889,1.1524658
0.49402538,2022-03-26,0.11593476,1.156776
0.49402538,2022-03-27,0.115685605,1.1447772
0.49402538,2022-03-28,0.118671834,1.1380912
0.49402538,2022-03-29,0.121437974,1.1388596
0.49402538,2022-03-30,0.12295564,1.1399322
0.49402538,2022-03-31,0.12129281,1.1340343
0.49402538,2022-04-01,0.1174063,1.1145962
0.49402538,2022-04-02,0.11436144,1.1057469
0.49402538,2022-04-03,0.11279023,1.1060075
0.49402538,2022-04-04,0.1141405,1.099315
0.49402538,2022-04-05,0.116205476,1.1020986
0.49402538,2022-04-06,0.1171997,1.1061945
0.49402538,2022-04-07,0.11599547,1.1046985
0.49402538,2022-04-08,0.113690294,1.0935653
0.49402538,2022-04-09,0.113216795,1.090236
0.49402538,2022-04-10,0.11183233,1.0788225
0.49402538,2022-04-11,0.11058795,1.0698467
0.49402538,2022-04-12,0.11039736,1.0683186
0.49402538,2022-04-13,0.11136315,1.0764999
0.49402538,2022-04-14,0.11124464,1.0788013
0.49402538,2022-04-15,0.11037487,1.0761986
0.49402538,2022-04-16,0.11105273,1.0812985
0.49402538,2022-04-17,0.11261938,1.086342
0.49402538,2022-04-18,0.11385103,1.0881821
0.49402538,2022-04-19,0.11643612,1.0950423
0.49402538,2022-04-20,0.12023214,1.1078111
0.49402538,2022-04-21,0.12361703,1.1185194
0.49402538,2022-04-22,0.12448782,1.1132491
0.49402538,2022-04-23,0.124488674,1.093377
0.49402538,2022-04-24,0.12811135,1.0866308
0.49402538,2022-04-25,0.13418159,1.0958793
0.49402538,2022-04-26,0.14147413,1.116078
0.49402538,2022-04-27,0.15095104,1.1530334
0.49402538,2022-04-28,0.16107981,1.1997284
0.49402538,2022-04-29,0.16531779,1.2259647
0.49402538,2022-04-30,0.16257228,1.2272788
0.49402538,2022-05-01,0.15722023,1.2167318
0.49402538,2022-05-02,0.15272276,1.2049357
0.49402538,2022-05-03,0.15244356,1.2047137
0.49402538,2022-05-04,0.15401955,1.2156559
0.49402538,2022-05-05,0.1538959,1.2232722
0.49402538,2022-05-06,0.15234952,1.2275455
0.49402538,2022-05-07,0.1511908,1.2251167
0.49402538,2022-05-08,0.148994,1.222436
0.49402538,2022-05-09,0.14647345,1.2323484
0.49402538,2022-05-10,0.14364834,1.2333388
0.49402538,2022-05-11,0.13982926,1.199176
0.49402538,2022-05-12,0.13716204,1.1580876
0.49402538,2022-05-13,0.14801855,1.1989905
0.49402538,2022-05-14,0.15057616,1.2367111
0.49402538,2022-05-15,0.14564717,1.2335652
0.49402538,2022-05-16,0.13863212,1.1998721
0.49402538,2022-05-17,0.13412543,1.1561364
0.49402538,2022-05-18,0.13386081,1.1418921
0.49402538,2022-05-19,0.13731089,1.1598467
0.49402538,2022-05-20,0.1377731,1.1664765
0.49402538,2022-05-21,0.13924298,1.1694471
0.49402538,2022-05-22,0.15052827,1.187727
0.49402538,2022-05-23,0.1671688,1.2215906
0.49402538,2022-05-24,0.18171579,1.2726651
0.49402538,2022-05-25,0.19135684,1.338005
0.49402538,2022-05-26,0.19439916,1.3744884
0.49402538,2022-05-27,0.19660102,1.3977298
0.49402538,2022-05-28,0.20002598,1.4054857
0.49402538,2022-05-29,0.20790493,1.4045221
0.49402538,2022-05-30,0.21496165,1.4329668
0.49402538,2022-05-31,0.21500218,1.4500699
0.49402538,2022-06-01,0.2124803,1.450015
0.49402538,2022-06-02,0.21023025,1.4269457
0.49402538,2022-06-03,0.21129285,1.4149765
0.49402538,2022-06-04,0.21119715,1.4009866
0.49402538,2022-06-05,0.21359687,1.3948368
0.49402538,2022-06-06,0.21647717,1.3929225
0.49402538,2022-06-07,0.21752457,1.3848681
0.49402538,2022-06-08,0.21606214,1.3481485
0.49402538,2022-06-09,0.22078001,1.3311297
0.49402538,2022-06-10,0.21933262,1.2916627
0.49402538,2022-06-11,0.22005306,1.2879257
0.49402538,2022-06-12,0.21755326,1.2740645
0.49402538,2022-06-13,0.22094633,1.2830803
0.49402538,2022-06-14,0.21880484,1.2850422
0.49402538,2022-06-15,0.21729065,1.2366978
0.49402538,2022-06-16,0.22574933,1.2478387
0.49402538,2022-06-17,0.22691138,1.2357044
0.49402538,2022-06-18,0.23428702,1.2278469
0.49402538,2022-06-19,0.24958228,1.2755023
0.49402538,2022-06-20,0.25651816,1.3253915
0.49402538,2022-06-21,0.25198254,1.3557066
0.49402538,2022-06-22,0.2425948,1.3666468
0.49402538,2022-06-23,0.23033412,1.3229514
0.49402538,2022-06-24,0.2285505,1.3157927
0.49402538,2022-06-25,0.23276758,1.3206098
0.49402538,2022-06-26,0.2410196,1.3231814
0.49402538,2022-06-27,0.24432965,1.3100896
0.49402538,2022-06-28,0.24783222,1.3142409
0.49402538,2022-06-29,0.24534206,1.325313
0.49402538,2022-06-30,0.23970546,1.3234441
0.49402538,2022-07-01,0.23622972,1.3252656
0.49402538,2022-07-02,0.24198385,1.3463429
0.49402538,2022-07-03,0.2486453,1.3708836
0.49402538,2022-07-04,0.25052342,1.366909
0.49402538,2022-07-05,0.23234381,1.246368
0.49402538,2022-07-06,0.24688005,1.2724086
0.49402538,2022-07-07,0.24601883,1.3000346
0.49402538,2022-07-08,0.24733756,1.311364
0.49402538,2022-07-09,0.24476004,1.2645515
0.49402538,2022-07-10,0.2620158,1.303569
0.49402538,2022-07-11,0.26841757,1.3922434
0.49402538,2022-07-12,0.2622231,1.4241706
0.49402538,2022-07-13,0.253216,1.418073
0.49402538,2022-07-14,0.25322744,1.3793063
0.49402538,2022-07-15,0.25841662,1.3978595
0.49402538,2022-07-16,0.25201312,1.4173898
0.49402538,2022-07-17,0.24452709,1.3149892
0.49402538,2022-07-18,0.27470326,1.3767252
0.49402538,2022-07-19,0.28607425,1.483085
0.49402538,2022-07-20,0.28206593,1.4317579
0.49402538,2022-07-21,0.28568533,1.4217898
0.49402538,2022-07-22,0.28389212,1.427155
0.49402538,2022-07-23,0.28576627,1.3735853
0.49402538,2022-07-24,0.30531427,1.403268
0.49402538,2022-07-25,0.31691122,1.4285313
0.49402538,2022-07-26,0.3160722,1.4065386
0.49402538,2022-07-27,0.32354623,1.4931518
0.49402538,2022-07-28,0.30431196,1.5230079
0.49402538,2022-07-29,0.28532162,1.4760982
0.49402538,2022-07-30,0.2874361,1.4757644
0.49402538,2022-07-31,0.2871098,1.4611198
0.49402538,2022-08-01,0.27985036,1.4032617
0.49402538,2022-08-02,0.29110274,1.4168943
0.49402538,2022-08-03,0.32033274,1.5111474
0.49402538,2022-08-04,0.34757087,1.6327957
0.49402538,2022-08-05,0.35516608,1.6929277
0.49402538,2022-08-06,0.34459624,1.6801152
0.49402538,2022-08-07,0.32540342,1.6600674
0.49402538,2022-08-08,0.30385605,1.5587796
0.49402538,2022-08-09,0.3070242,1.5242435
0.49402538,2022-08-10,0.32244116,1.5904185
0.49402538,2022-08-11,0.3263526,1.6611052
0.49402538,2022-08-12,0.32841328,1.6760445
0.49402538,2022-08-13,0.3194457,1.5718269
0.49402538,2022-08-14,0.3283646,1.5752463
0.49402538,2022-08-15,0.32192662,1.6067451
0.49402538,2022-08-16,0.3126832,1.5408481
0.49402538,2022-08-17,0.31265053,1.4823931
0.49402538,2022-08-18,0.3272868,1.5368835
0.49402538,2022-08-19,0.33818874,1.6137486
0.49402538,2022-08-20,0.3364552,1.6831603
0.49402538,2022-08-21,0.33345565,1.6781602
0.49402538,2022-08-22,0.35153744,1.6829795
0.49402538,2022-08-23,0.3653642,1.7709694
0.49402538,2022-08-24,0.35180008,1.7684044
0.49402538,2022-08-25,0.33009672,1.7627592
0.49402538,2022-08-26,0.30855677,1.7298595
0.49402538,2022-08-27,0.31953332,1.6732979
0.49402538,2022-08-28,0.32922694,1.6440248
0.49402538,2022-08-29,0.33626962,1.6922272
0.49402538,2022-08-30,0.33218837,1.730951
0.49402538,2022-08-31,0.3307311,1.7442542
0.49402538,2022-09-01,0.3334742,1.7632962
0.49402538,2022-09-02,0.34009984,1.724369
0.49402538,2022-09-03,0.34114942,1.6137805
0.49402538,2022-09-04,0.3575048,1.6182348
0.49402538,2022-09-05,0.3634692,1.7145919
0.49402538,2022-09-06,0.341288,1.7219696
0.49402538,2022-09-07,0.31459376,1.6814815
0.49402538,2022-09-08,0.28292754,1.6070074
0.49402538,2022-09-09,0.2581882,1.5898408
0.49402538,2022-09-10,0.24772607,1.6187283
0.49402538,2022-09-11,0.23737751,1.6524993
0.49402538,2022-09-12,0.24523969,1.6246105
0.49402538,2022-09-13,0.30038056,1.683055
0.49402538,2022-09-14,0.32402,1.7550621
0.49402538,2022-09-15,0.33469293,1.8278881
0.49402538,2022-09-16,0.32193604,1.8596478
0.49402538,2022-09-17,0.28892618,1.811932
0.49402538,2022-09-18,0.26832485,1.73627
0.49402538,2022-09-19,0.29308984,1.7345644
0.49402538,2022-09-20,0.3032048,1.7566042
0.49402538,2022-09-21,0.29738382,1.7688007
0.49402538,2022-09-22,0.2889141,1.7657194
0.49402538,2022-09-23,0.27445868,1.7343898
0.49402538,2022-09-24,0.270336,1.7190291
0.49402538,2022-09-25,0.26267713,1.7053965
0.49402538,2022-09-26,0.24896325,1.6892632
0.49402538,2022-09-27,0.24121042,1.6921617
0.49402538,2022-09-28,0.23634027,1.6823807
0.49402538,2022-09-29,0.23014708,1.6629826
0.49402538,2022-09-30,0.22012438,1.633777
0.49402538,2022-10-01,0.22725044,1.643908
0.49402538,2022-10-02,0.25109413,1.6789933
0.49402538,2022-10-03,0.25909665,1.7088852
0.49402538,2022-10-04,0.24021153,1.6753402
0.49402538,2022-10-05,0.23849471,1.6634403
0.49402538,2022-10-06,0.24387027,1.6670157
0.49402538,2022-10-07,0.23848636,1.6856712
0.49402538,2022-10-08,0.22155143,1.6684159
0.49402538,2022-10-09,0.21926719,1.6403227
0.49402538,2022-10-10,0.26297677,1.7325865
0.49402538,2022-10-11,0.28530207,1.820345
0.49402538,2022-10-12,0.28758535,1.8506314
0.49402538,2022-10-13,0.2705483,1.8433479
0.49402538,2022-10-14,0.23654628,1.7729315
0.49402538,2022-10-15,0.2132557,1.6834861
0.49402538,2022-10-16,0.20546365,1.617122
0.49402538,2022-10-17,0.21196829,1.6205453
0.49402538,2022-10-18,0.20742194,1.6275778
0.49402538,2022-10-19,0.1903402,1.5860342
0.49402538,2022-10-20,0.17345661,1.520377
0.49402538,2022-10-21,0.16210008,1.464922
0.49402538,2022-10-22,0.15255302,1.4264146
0.49402538,2022-10-23,0.15207882,1.3856472
0.49402538,2022-10-24,0.18508647,1.4597424
0.49402538,2022-10-25,0.23183922,1.628513
0.49402538,2022-10-26,0.25473428,1.7277099
0.49402538,2022-10-27,0.25788617,1.7539979
0.49402538,2022-10-28,0.276847,1.8118569
0.49402538,2022-10-29,0.308867,1.8657918
0.49402538,2022-10-30,0.34357214,1.9747725
0.49402538,2022-10-31,0.34447923,2.0751882
0.49402538,2022-11-01,0.3106633,2.0494719
0.49402538,2022-11-02,0.26997036,1.9667492
0.49402538,2022-11-03,0.23263913,1.8666768
0.49402538,2022-11-04,0.21835335,1.814298
0.49402538,2022-11-05,0.22334242,1.8124819
0.49402538,2022-11-06,0.21837465,1.7610155
0.49402538,2022-11-07,0.20108025,1.6844851
0.49402538,2022-11-08,0.17733683,1.5958414
0.49402538,2022-11-09,0.15832056,1.5142015
0.49402538,2022-11-10,0.15813547,1.462993
0.49402538,2022-11-11,0.18956709,1.5399605
0.49402538,2022-11-12,0.20507497,1.5992786
0.49402538,2022-11-13,0.20134409,1.5937079
0.49402538,2022-11-14,0.19170576,1.5684367
0.49402538,2022-11-15,0.17804344,1.5361371
0.49402538,2022-11-16,0.16426004,1.4964103
0.49402538,2022-11-17,0.16645041,1.5072223
0.49402538,2022-11-18,0.18279828,1.5648218
0.49402538,2022-11-19,0.18221699,1.563612
0.49402538,2022-11-20,0.17009188,1.5319577
0.49402538,2022-11-21,0.15413773,1.4891691
0.49402538,2022-11-22,0.13878043,1.4419533
0.49402538,2022-11-23,0.12607662,1.3753642
0.49402538,2022-11-24,0.11999389,1.324207
0.49402538,2022-11-25,0.11540192,1.2825454
0.49402538,2022-11-26,0.12334291,1.297411
0.49402538,2022-11-27,0.13836679,1.3557063
0.49402538,2022-11-28,0.15099394,1.4059345
0.49402538,2022-11-29,0.15160032,1.4226147
0.49402538,2022-11-30,0.14100938,1.3805786
0.49402538,2022-12-01,0.13128532,1.3284622
0.49402538,2022-12-02,0.12691884,1.3023518
0.49402538,2022-12-03,0.12899281,1.3009301
0.49402538,2022-12-04,0.1409655,1.3396834
0.49402538,2022-12-05,0.15110946,1.3762177
0.49402538,2022-12-06,0.15614034,1.3801771
0.49402538,2022-12-07,0.15834907,1.3752857
0.49402538,2022-12-08,0.1542115,1.3689858
0.49402538,2022-12-09,0.14670312,1.3536354
0.49402538,2022-12-10,0.14417265,1.3500665
0.49402538,2022-12-11,0.14783303,1.3682775
0.49402538,2022-12-12,0.15055665,1.3784922
0.49402538,2022-12-13,0.15132307,1.3794221
0.49402538,2022-12-14,0.14641127,1.3650035
0.49402538,2022-12-15,0.13852511,1.3327821
0.49402538,2022-12-16,0.13256957,1.3029257
0.49402538,2022-12-17,0.12842704,1.2816404
0.49402538,2022-12-18,0.12511013,1.265342
0.49402538,2022-12-19,0.12251779,1.2526431
0.49402538,2022-12-20,0.1215838,1.252385
0.49402538,2022-12-21,0.121650726,1.2655387
0.49402538,2022-12-22,0.12030333,1.2737483
0.49402538,2022-12-23,0.11788904,1.2757543
0.49402538,2022-12-24,0.11595429,1.2646416
0.49402538,2022-12-25,0.11772441,1.2659882
0.49402538,2022-12-26,0.124670506,1.2899563
0.49402538,2022-12-27,0.13692452,1.3420473
0.49402538,2022-12-28,0.13886093,1.3494226
0.49402538,2022-12-29,0.13434276,1.3333726
0.49402538,2022-12-30,0.13006103,1.3183101
0.49402538,2022-12-31,0.13163361,1.3211478
0.49402538,2023-01-01,0.13461976,1.3329486
0.49402538,2023-01-02,0.13419299,1.3245517
0.49402538,2023-01-03,0.13196968,1.3099587
0.49402538,2023-01-04,0.12879047,1.3065487
0.49402538,2023-01-05,0.12437838,1.3046077
0.49402538,2023-01-06,0.123559,1.2804054
0.49402538,2023-01-07,0.12938505,1.2990779
0.49402538,2023-01-08,0.12940784,1.3037671
0.49402538,2023-01-09,0.1279717,1.3226106
0.49402538,2023-01-10,0.124861516,1.3429455
0.49402538,2023-01-11,0.12190624,1.3504773
0.49402538,2023-01-12,0.11964321,1.3515066
0.49402538,2023-01-13,0.12041847,1.3559986
0.49402538,2023-01-14,0.12281192,1.3623773
0.49402538,2023-01-15,0.12370392,1.3451781
0.49402538,2023-01-16,0.12889065,1.3457952
0.49402538,2023-01-17,0.13347717,1.3567775
0.49402538,2023-01-18,0.13354586,1.3556613
0.49402538,2023-01-19,0.12974556,1.3625374
0.49402538,2023-01-20,0.12666719,1.3702807
0.49402538,2023-01-21,0.12213766,1.333064
0.49402538,2023-01-22,0.11697558,1.2721366
0.49402538,2023-01-23,0.11565733,1.2552882
0.49402538,2023-01-24,0.11835021,1.2751395
0.49402538,2023-01-25,0.119598895,1.2926441
0.49402538,2023-01-26,0.11776882,1.2799946
0.49402538,2023-01-27,0.11798624,1.2670244
0.49402538,2023-01-28,0.11987209,1.2669493
0.49402538,2023-01-29,0.11945238,1.2613906
0.49402538,2023-01-30,0.11831311,1.268994
0.49402538,2023-01-31,0.11759891,1.2722408
0.49402538,2023-02-01,0.11745429,1.26811
0.49402538,2023-02-02,0.1167941,1.2576472
0.49402538,2023-02-03,0.11668268,1.2531356
0.49402538,2023-02-04,0.118586056,1.2558569
0.49402538,2023-02-05,0.12080869,1.251093
0.49402538,2023-02-06,0.1209858,1.2510709
0.49402538,2023-02-07,0.11944129,1.2546879
0.49402538,2023-02-08,0.117126994,1.2518488
0.49402538,2023-02-09,0.11473489,1.244598
0.49402538,2023-02-10,0.11556078,1.2451526
0.49402538,2023-02-11,0.118642665,1.2580769
0.49402538,2023-02-12,0.118459396,1.2636501
0.49402538,2023-02-13,0.116893984,1.2655168
0.49402538,2023-02-14,0.11570344,1.2654632
0.49402538,2023-02-15,0.11522359,1.2655627
0.49402538,2023-02-16,0.11508086,1.2638477
0.49402538,2023-02-17,0.115258336,1.2644606
0.49402538,2023-02-18,0.11604351,1.2680379
0.49402538,2023-02-19,0.11698059,1.2747723
0.49402538,2023-02-20,0.11735728,1.2859532
0.49402538,2023-02-21,0.11634097,1.2835125
0.49402538,2023-02-22,0.11552309,1.2728404
0.49402538,2023-02-23,0.11900327,1.2754331
0.49402538,2023-02-24,0.12190085,1.2732693
0.49402538,2023-02-25,0.12261429,1.2720768
0.49402538,2023-02-26,0.12259388,1.2776635
0.49402538,2023-02-27,0.12268412,1.2759506
0.49402538,2023-02-28,0.12340617,1.2662057
0.49402538,2023-03-01,0.12432701,1.2625563
0.49402538,2023-03-02,0.122962706,1.2644979
0.49402538,2023-03-03,0.119109154,1.2486476
0.49402538,2023-03-04,0.11813935,1.2443365
0.49402538,2023-03-05,0.11876408,1.2452648
0.49402538,2023-03-06,0.11797836,1.2342223
0.49402538,2023-03-07,0.117464304,1.2251437
0.49402538,2023-03-08,0.11626197,1.2211558
0.49402538,2023-03-09,0.11512721,1.2184404
0.49402538,2023-03-10,0.113576524,1.2132634
0.49402538,2023-03-11,0.111953795,1.207122
0.49402538,2023-03-12,0.110535346,1.1982108
0.49402538,2023-03-13,0.109683216,1.1920483
0.49402538,2023-03-14,0.10995487,1.1966051
0.49402538,2023-03-15,0.11051536,1.2084053
0.49402538,2023-03-16,0.11064499,1.2071902
0.49402538,2023-03-17,0.114930965,1.2279841
0.49402538,2023-03-18,0.11737799,1.2402381
0.49402538,2023-03-19,0.11868391,1.24602
0.49402538,2023-03-20,0.11909044,1.2468507
0.49402538,2023-03-21,0.1191409,1.2441484
0.49402538,2023-03-22,0.11811707,1.2296437
0.49402538,2023-03-23,0.11593267,1.2151526
0.49402538,2023-03-24,0.11377939,1.2009463
0.49402538,2023-03-25,0.11150694,1.1819193
0.49402538,2023-03-26,0.11148315,1.1682348
0.49402538,2023-03-27,0.11448771,1.1751591
0.49402538,2023-03-28,0.11753421,1.1852006
0.49402538,2023-03-29,0.1200887,1.1894377
0.49402538,2023-03-30,0.12141574,1.1925617
0.49402538,2023-03-31,0.12477473,1.19456
0.49402538,2023-04-01,0.12658545,1.1934872
0.49402538,2023-04-02,0.12435696,1.1842116
0.49402538,2023-04-03,0.12091104,1.175829
0.49402538,2023-04-04,0.11872291,1.1755053
0.49402538,2023-04-05,0.11694554,1.1753656
0.49402538,2023-04-06,0.115453936,1.1699035
0.49402538,2023-04-07,0.11385584,1.160263
0.49402538,2023-04-08,0.11345924,1.1518961
0.49402538,2023-04-09,0.11253188,1.143078
0.49402538,2023-04-10,0.1110694,1.1296802
0.49402538,2023-04-11,0.10980681,1.1132393
0.49402538,2023-04-12,0.10751792,1.0974364
0.49402538,2023-04-13,0.1075775,1.0960666
0.49402538,2023-04-14,0.11299845,1.1194428
0.49402538,2023-04-15,0.11532283,1.1240395
0.49402538,2023-04-16,0.1135515,1.1146392
0.49402538,2023-04-17,0.11048853,1.1046011
0.49402538,2023-04-18,0.10960891,1.0980228
0.49402538,2023-04-19,0.11063435,1.0961035
0.49402538,2023-04-20,0.11603001,1.1047381
0.49402538,2023-04-21,0.12321485,1.1181214
0.49402538,2023-04-22,0.12830393,1.1284419
0.49402538,2023-04-23,0.13039616,1.1323435
0.49402538,2023-04-24,0.13673756,1.1595784
0.49402538,2023-04-25,0.15174851,1.2120961
0.49402538,2023-04-26,0.15876752,1.2524935
0.49402538,2023-04-27,0.15777963,1.2589132
0.49402538,2023-04-28,0.16009818,1.274203
0.49402538,2023-04-29,0.1600366,1.2913256
0.49402538,2023-04-30,0.15935133,1.3034127
0.49402538,2023-05-01,0.15990621,1.3164871
0.49402538,2023-05-02,0.16402037,1.3348441
0.49402538,2023-05-03,0.16671973,1.3530265
0.49402538,2023-05-04,0.1608374,1.3440328
0.49402538,2023-05-05,0.15410933,1.3221637
0.49402538,2023-05-06,0.14921144,1.2781289
0.49402538,2023-05-07,0.14951439,1.2461237
0.49402538,2023-05-08,0.14860691,1.2269198
0.49402538,2023-05-09,0.14600056,1.2121699
0.49402538,2023-05-10,0.14911851,1.2266018
0.49402538,2023-05-11,0.15118848,1.2431368
0.49402538,2023-05-12,0.14658435,1.2377162
0.49402538,2023-05-13,0.1440807,1.2323631
0.49402538,2023-05-14,0.1418833,1.2221633
0.49402538,2023-05-15,0.13880773,1.2072133
0.49402538,2023-05-16,0.13725406,1.1969289
0.49402538,2023-05-17,0.13900517,1.1954899
0.49402538,2023-05-18,0.14480887,1.2048066
0.49402538,2023-05-19,0.14804724,1.2093561
0.49402538,2023-05-20,0.14975484,1.210703
0.49402538,2023-05-21,0.1527037,1.2142469
0.49402538,2023-05-22,0.16052876,1.2290051
0.49402538,2023-05-23,0.17138445,1.2512968
0.49402538,2023-05-24,0.17970061,1.2762055
0.49402538,2023-05-25,0.18353857,1.304423
0.49402538,2023-05-26,0.18124288,1.3233676
0.49402538,2023-05-27,0.17445807,1.3180987
0.49402538,2023-05-28,0.16783935,1.3050472
0.49402538,2023-05-29,0.16598134,1.2819494
0.49402538,2023-05-30,0.16882081,1.2624255
0.49402538,2023-05-31,0.16674256,1.2455473
0.49402538,2023-06-01,0.16783185,1.260223
0.49402538,2023-06-02,0.16839105,1.2816415
0.49402538,2023-06-03,0.16651608,1.279845
0.49402538,2023-06-04,0.17105456,1.25677
0.49402538,2023-06-05,0.19100189,1.2530341
0.49402538,2023-06-06,0.20959471,1.2889917
0.49402538,2023-06-07,0.21617223,1.3254036
0.49402538,2023-06-08,0.2112438,1.3314744
0.49402538,2023-06-09,0.20231824,1.317537
0.49402538,2023-06-10,0.19908512,1.3148482
0.49402538,2023-06-11,0.20481695,1.3403988
0.49402538,2023-06-12,0.20589243,1.354052
0.49402538,2023-06-13,0.20630325,1.3488084
0.49402538,2023-06-14,0.20758742,1.3549155
0.49402538,2023-06-15,0.2092667,1.3447422
0.49402538,2023-06-16,0.21017583,1.3251034
0.49402538,2023-06-17,0.20487167,1.3058269
0.49402538,2023-06-18,0.19934382,1.2793552
0.49402538,2023-06-19,0.20613104,1.2893157
0.49402538,2023-06-20,0.21793707,1.3135595
0.49402538,2023-06-21,0.23201738,1.331474
0.49402538,2023-06-22,0.24436049,1.3396698
0.49402538,2023-06-23,0.25475204,1.3340201
0.49402538,2023-06-24,0.2714871,1.3579818
0.49402538,2023-06-25,0.29108676,1.4362367
0.49402538,2023-06-26,0.30221933,1.5075942
0.49402538,2023-06-27,0.30424568,1.5730628
0.49402538,2023-06-28,0.29049382,1.5893275
0.49402538,2023-06-29,0.27872285,1.5545973
0.49402538,2023-06-30,0.2755222,1.5293155
0.49402538,2023-07-01,0.27758744,1.5256804
0.49402538,2023-07-02,0.27312538,1.4956342
0.49402538,2023-07-03,0.256837,1.4013461
0.49402538,2023-07-04,0.2593462,1.3727776
0.49402538,2023-07-05,0.27096346,1.4115058
0.49402538,2023-07-06,0.27819967,1.4219421
0.49402538,2023-07-07,0.2911364,1.455597
0.49402538,2023-07-08,0.3019903,1.5411555
0.49402538,2023-07-09,0.29466152,1.5493883
0.49402538,2023-07-10,0.28745452,1.4982014
0.49402538,2023-07-11,0.28032744,1.4505377
0.49402538,2023-07-12,0.27943796,1.4092293
0.49402538,2023-07-13,0.28692722,1.4206724
0.49402538,2023-07-14,0.30194172,1.4744169
0.49402538,2023-07-15,0.3095149,1.5447431
0.49402538,2023-07-16,0.3076727,1.5657616
0.49402538,2023-07-17,0.31282914,1.5808862
0.49402538,2023-07-18,0.3114588,1.5075256
0.49402538,2023-07-19,0.31603494,1.4785309
0.49402538,2023-07-20,0.33229753,1.5310435
0.49402538,2023-07-21,0.3554287,1.6292362
0.49402538,2023-07-22,0.37112918,1.7594184
0.49402538,2023-07-23,0.36731115,1.7951826
0.49402538,2023-07-24,0.35717377,1.7470773
0.49402538,2023-07-25,0.3127294,1.5306183
0.49402538,2023-07-26,0.30488923,1.4522606
0.49402538,2023-07-27,0.32493985,1.5574245
0.49402538,2023-07-28,0.32805386,1.6036911
0.49402538,2023-07-29,0.32533664,1.645321
0.49402538,2023-07-30,0.30868363,1.671661
0.49402538,2023-07-31,0.28748748,1.6792763
0.49402538,2023-08-01,0.27484813,1.62878
0.49402538,2023-08-02,0.2868277,1.5060865
0.49402538,2023-08-03,0.33006644,1.5738703
0.49402538,2023-08-04,0.35519972,1.7574129
0.49402538,2023-08-05,0.33632874,1.7937622
0.49402538,2023-08-06,0.31338516,1.7656822
0.49402538,2023-08-07,0.29226282,1.7029861
0.49402538,2023-08-08,0.28785622,1.617458
0.49402538,2023-08-09,0.29019374,1.6091796
0.49402538,2023-08-10,0.2866567,1.4924165
0.49402538,2023-08-11,0.31561473,1.552538
0.49402538,2023-08-12,0.3322718,1.6685061
0.49402538,2023-08-13,0.33399162,1.7561169
0.49402538,2023-08-14,0.32054532,1.7573915
0.49402538,2023-08-15,0.31131566,1.6916701
0.49402538,2023-08-16,0.3259591,1.6952534
0.49402538,2023-08-17,0.3496283,1.7866974
0.49402538,2023-08-18,0.36289713,1.9025097
0.49402538,2023-08-19,0.3577269,1.9684057
0.49402538,2023-08-20,0.35762715,1.9687229
0.49402538,2023-08-21,0.36905727,1.9773299
0.49402538,2023-08-22,0.3697071,1.99028
0.49402538,2023-08-23,0.3587898,2.0227058
0.49402538,2023-08-24,0.3489462,2.0428343
0.49402538,2023-08-25,0.3300018,1.9871794
0.49402538,2023-08-26,0.29801255,1.8772855
0.49402538,2023-08-27,0.27487138,1.7814417
0.49402538,2023-08-28,0.2690349,1.7502943
0.49402538,2023-08-29,0.27591953,1.7322534
0.49402538,2023-08-30,0.30217072,1.8115743
0.49402538,2023-08-31,0.29482728,1.8394203
0.49402538,2023-09-01,0.2826277,1.7454547
0.49402538,2023-09-02,0.31524023,1.7209964
0.49402538,2023-09-03,0.3510224,1.795433
0.49402538,2023-09-04,0.36488363,1.8818799
0.49402538,2023-09-05,0.36191586,1.922463
0.49402538,2023-09-06,0.36413646,1.9596702
0.49402538,2023-09-07,0.37407923,2.0419438
0.49402538,2023-09-08,0.35514185,2.0385964
0.49402538,2023-09-09,0.30825374,1.9068509
0.49402538,2023-09-10,0.26462492,1.7670288
0.49402538,2023-09-11,0.23094378,1.6804514
0.49402538,2023-09-12,0.2188332,1.6161166
0.49402538,2023-09-13,0.26852444,1.5925393
0.49402538,2023-09-14,0.28969142,1.5959301
0.49402538,2023-09-15,0.28869674,1.6529382
0.49402538,2023-09-16,0.26715198,1.6720396
0.49402538,2023-09-17,0.2557048,1.6663104
0.49402538,2023-09-18,0.26263773,1.6642462
0.49402538,2023-09-19,0.2752057,1.6688982
0.49402538,2023-09-20,0.27943578,1.6818141
0.49402538,2023-09-21,0.26552388,1.6816949
0.49402538,2023-09-22,0.25427458,1.6633323
0.49402538,2023-09-23,0.25619507,1.6531968
0.49402538,2023-09-24,0.25258055,1.6609688
0.49402538,2023-09-25,0.24897774,1.6773419
0.49402538,2023-09-26,0.24669959,1.70118
0.49402538,2023-09-27,0.23185664,1.706406
0.49402538,2023-09-28,0.22365244,1.7241377
0.49402538,2023-09-29,0.22119959,1.6694101
0.49402538,2023-09-30,0.21610773,1.6082729
0.49402538,2023-10-01,0.23934972,1.5906919
0.49402538,2023-10-02,0.26260093,1.6343664
0.49402538,2023-10-03,0.25974444,1.643166
0.49402538,2023-10-04,0.25355965,1.6593012
0.49402538,2023-10-05,0.24701206,1.6742903
0.49402538,2023-10-06,0.23473775,1.6667752
0.49402538,2023-10-07,0.20876254,1.6104208
0.49402538,2023-10-08,0.18317021,1.5429001
0.49402538,2023-10-09,0.17465222,1.5014452
0.49402538,2023-10-10,0.19720714,1.5122129
0.49402538,2023-10-11,0.22820526,1.5751265
0.49402538,2023-10-12,0.23414671,1.6115886
0.49402538,2023-10-13,0.22562711,1.615537
0.49402538,2023-10-14,0.21241987,1.5982003
0.49402538,2023-10-15,0.19950008,1.5781623
0.49402538,2023-10-16,0.1867726,1.5644021
0.49402538,2023-10-17,0.17628722,1.5326716
0.49402538,2023-10-18,0.17160831,1.5104419
0.49402538,2023-10-19,0.17362581,1.4980311
0.49402538,2023-10-20,0.1728986,1.4939564
0.49402538,2023-10-21,0.167899,1.4822831
0.49402538,2023-10-22,0.17575729,1.4354349
0.49402538,2023-10-23,0.2196816,1.5497055
0.49402538,2023-10-24,0.22826104,1.6074435
0.49402538,2023-10-25,0.20939486,1.5656732
0.49402538,2023-10-26,0.19330293,1.5246725
0.49402538,2023-10-27,0.21138568,1.5765902
0.49402538,2023-10-28,0.21836746,1.6110274
0.49402538,2023-10-29,0.22530192,1.6341809
0.49402538,2023-10-30,0.23730467,1.697381
0.49402538,2023-10-31,0.22915404,1.720859
0.49402538,2023-11-01,0.20939486,1.6846141
0.49402538,2023-11-02,0.19380577,1.6438311
0.49402538,2023-11-03,0.1842931,1.613369
0.49402538,2023-11-04,0.17878671,1.5958503
0.49402538,2023-11-05,0.16545193,1.5283637
0.49402538,2023-11-06,0.15217142,1.4450139
0.49402538,2023-11-07,0.14975984,1.4186481
0.49402538,2023-11-08,0.14273949,1.3914253
0.49402538,2023-11-09,0.14513752,1.3729259
0.49402538,2023-11-10,0.16622555,1.4332047
0.49402538,2023-11-11,0.1679167,1.4289716
0.49402538,2023-11-12,0.16481428,1.4026555
0.49402538,2023-11-13,0.15857328,1.3872639
0.49402538,2023-11-14,0.15190223,1.3853722
0.49402538,2023-11-15,0.14957853,1.3763648
0.49402538,2023-11-16,0.14001788,1.33358
0.49402538,2023-11-17,0.12883274,1.28548
0.49402538,2023-11-18,0.12002949,1.245669
0.49402538,2023-11-19,0.114141874,1.2104427
0.49402538,2023-11-20,0.110348366,1.1765906
0.49402538,2023-11-21,0.10787383,1.1496243
0.49402538,2023-11-22,0.10571299,1.1353077
0.49402538,2023-11-23,0.10136759,1.1231931
0.49402538,2023-11-24,0.09744728,1.1217924
0.49402538,2023-11-25,0.09502488,1.131437
0.49402538,2023-11-26,0.09166197,1.121441
0.49402538,2023-11-27,0.087884225,1.1029781
0.49402538,2023-11-28,0.08484838,1.0864028
0.49402538,2023-11-29,0.08375809,1.084308
0.49402538,2023-11-30,0.084467076,1.091982
0.49402538,2023-12-01,0.08471122,1.0995873
0.49402538,2023-12-02,0.08421403,1.1025826
0.49402538,2023-12-03,0.0837585,1.1097854
0.49402538,2023-12-04,0.08303002,1.1124126
0.49402538,2023-12-05,0.081139006,1.0614
0.49402538,2023-12-06,0.085793875,1.0352064
0.49402538,2023-12-07,0.10480886,1.0700779
0.49402538,2023-12-08,0.13322982,1.156355
0.49402538,2023-12-09,0.15270412,1.255049
0.49402538,2023-12-10,0.1495483,1.2829853
0.49402538,2023-12-11,0.13577639,1.2605007
0.49402538,2023-12-12,0.12886061,1.2618048
0.49402538,2023-12-13,0.12913066,1.277976
0.49402538,2023-12-14,0.12920283,1.2770585
0.49402538,2023-12-15,0.12257093,1.243178
0.49402538,2023-12-16,0.11594275,1.2011327
0.49402538,2023-12-17,0.12140876,1.1812575
0.49402538,2023-12-18,0.13279913,1.2004404
0.49402538,2023-12-19,0.14152917,1.2463319
0.49402538,2023-12-20,0.14156455,1.2752823
0.49402538,2023-12-21,0.13565518,1.2752079
0.49402538,2023-12-22,0.12817274,1.2516279
0.49402538,2023-12-23,0.12417457,1.2211834
0.49402538,2023-12-24,0.12087509,1.2087151
0.49402538,2023-12-25,0.11662058,1.1980426
0.49402538,2023-12-26,0.11364177,1.1857127
0.49402538,2023-12-27,0.11133051,1.1732398
0.49402538,2023-12-28,0.11056811,1.1504565
0.49402538,2023-12-29,0.111878134,1.1266413
0.49402538,2023-12-30,0.11170032,1.1176833
0.49402538,2023-12-31,0.10905547,1.1095238
0.49402538,2024-01-01,0.106897704,1.0943974
0.49402538,2024-01-02,0.10771594,1.0885383
0.49402538,2024-01-03,0.112337805,1.0920141
0.49402538,2024-01-04,0.11541343,1.1026312
0.49402538,2024-01-05,0.11389792,1.1067624
0.49402538,2024-01-06,0.11109364,1.1116152
0.49402538,2024-01-07,0.10923434,1.1218895
0.49402538,2024-01-08,0.107575156,1.116136
0.49402538,2024-01-09,0.10813707,1.119814
0.49402538,2024-01-10,0.10790869,1.1259723
0.49402538,2024-01-11,0.10477302,1.1295487
0.49402538,2024-01-12,0.10270206,1.1408955
0.49402538,2024-01-13,0.102473505,1.1692215
0.49402538,2024-01-14,0.10448668,1.2157301
0.49402538,2024-01-15,0.10588487,1.2467543
0.49402538,2024-01-16,0.10607219,1.2608304
0.49402538,2024-01-17,0.10443839,1.2551999
0.49402538,2024-01-18,0.10152673,1.2344278
0.49402538,2024-01-19,0.10010487,1.2306774
0.49402538,2024-01-20,0.0986542,1.2216058
0.49402538,2024-01-21,0.09674043,1.1906223
0.49402538,2024-01-22,0.096103884,1.1704077
0.49402538,2024-01-23,0.09606752,1.1410345
0.49402538,2024-01-24,0.103597306,1.1155027
0.49402538,2024-01-25,0.14516781,1.2240087
0.49402538,2024-01-26,0.17772649,1.3894138
0.49402538,2024-01-27,0.16358021,1.3901387
0.49402538,2024-01-28,0.15774481,1.3878103
0.49402538,2024-01-29,0.16188182,1.4137197
0.49402538,2024-01-30,0.15584059,1.3916019
0.49402538,2024-01-31,0.14331079,1.3507565
0.49402538,2024-02-01,0.13594644,1.3377029
0.49402538,2024-02-02,0.1304004,1.3039695
0.49402538,2024-02-03,0.12961292,1.2484239
0.49402538,2024-02-04,0.13734248,1.2187868
0.49402538,2024-02-05,0.14836726,1.2222669
0.49402538,2024-02-06,0.1528095,1.2497528
0.49402538,2024-02-07,0.14660947,1.2488425
0.49402538,2024-02-08,0.13917892,1.2380977
0.49402538,2024-02-09,0.13059656,1.2191759
0.49402538,2024-02-10,0.1209851,1.1772594
0.49402538,2024-02-11,0.11405424,1.144135
0.49402538,2024-02-12,0.11052547,1.1238381
0.49402538,2024-02-13,0.10873759,1.1124604
0.49402538,2024-02-14,0.107447274,1.104514
0.49402538,2024-02-15,0.107508235,1.1125383
0.49402538,2024-02-16,0.10858064,1.1314727
0.49402538,2024-02-17,0.10879227,1.136275
0.49402538,2024-02-18,0.10812938,1.1316961
0.49402538,2024-02-19,0.108935654,1.1421602
0.49402538,2024-02-20,0.11027644,1.1590089
0.49402538,2024-02-21,0.1032768,1.099029
0.49402538,2024-02-22,0.10058856,1.0679618
0.49402538,2024-02-23,0.100423865,1.0560626
0.49402538,2024-02-24,0.10162111,1.0413479
0.49402538,2024-02-25,0.102854826,1.0354517
0.49402538,2024-02-26,0.102713965,1.0349001
0.49402538,2024-02-27,0.10356193,1.0305477
0.49402538,2024-02-28,0.104880534,1.0274802
0.49402538,2024-02-29,0.111799516,1.039452
0.49402538,2024-03-01,0.124360144,1.0735582
0.49402538,2024-03-02,0.1323507,1.1005527
0.49402538,2024-03-03,0.13001074,1.1002539
0.49402538,2024-03-04,0.12570527,1.0950412
0.49402538,2024-03-05,0.12470416,1.0958804
0.49402538,2024-03-06,0.12444476,1.0957559
0.49402538,2024-03-07,0.12060153,1.093719
0.49402538,2024-03-08,0.1187718,1.0829217
0.49402538,2024-03-09,0.12071037,1.0900315
0.49402538,2024-03-10,0.12377747,1.0956434
0.49402538,2024-03-11,0.12771742,1.1042119
0.49402538,2024-03-12,0.1304003,1.1178889
0.49402538,2024-03-13,0.12885477,1.1248531
0.49402538,2024-03-14,0.12609345,1.124987
0.49402538,2024-03-15,0.12176025,1.120554
0.49402538,2024-03-16,0.11790352,1.1123375
0.49402538,2024-03-17,0.1178158,1.1026648
0.49402538,2024-03-18,0.12631042,1.1124156
0.49402538,2024-03-19,0.13964641,1.1270722
0.49402538,2024-03-20,0.14330848,1.1390116
0.49402538,2024-03-21,0.1389559,1.1324844
0.49402538,2024-03-22,0.1356737,1.1223475
0.49402538,2024-03-23,0.13388118,1.1120466
0.49402538,2024-03-24,0.1323181,1.1033036
0.49402538,2024-03-25,0.12956448,1.092506
0.49402538,2024-03-26,0.12563433,1.0836802
0.49402538,2024-03-27,0.12171083,1.0747238
0.49402538,2024-03-28,0.117095105,1.0571963
0.49402538,2024-03-29,0.113345474,1.0418545
0.49402538,2024-03-30,0.10962701,1.0225223
0.49402538,2024-03-31,0.10743663,1.003045
0.49402538,2024-04-01,0.10892197,0.99857855
0.49402538,2024-04-02,0.11078397,0.99932355
0.49402538,2024-04-03,0.11021792,1.0041779
0.49402538,2024-04-04,0.10919691,1.0071608
0.49402538,2024-04-05,0.108187854,1.0056314
0.49402538,2024-04-06,0.10760478,1.0027282
0.49402538,2024-04-07,0.107481934,0.9983594
0.49402538,2024-04-08,0.108708985,1.0013884
0.49402538,2024-04-09,0.1086046,1.0005805
0.49402538,2024-04-10,0.10838374,0.9983414
0.49402538,2024-04-11,0.10844395,0.9974651
0.49402538,2024-04-12,0.107913196,0.9962353
0.49402538,2024-04-13,0.107156366,0.99702615
0.49402538,2024-04-14,0.106702335,1.001598
0.49402538,2024-04-15,0.10630447,1.0089678
0.49402538,2024-04-16,0.10573403,1.0150436
0.49402538,2024-04-17,0.10571555,1.022898
0.49402538,2024-04-18,0.10762655,1.0290654
0.49402538,2024-04-19,0.10989689,1.0313487
0.49402538,2024-04-20,0.11175827,1.0369202
0.49402538,2024-04-21,0.111603804,1.0412301
0.49402538,2024-04-22,0.11064541,1.0349618
0.49402538,2024-04-23,0.11963478,1.0465508
0.49402538,2024-04-24,0.12880099,1.0643107
0.49402538,2024-04-25,0.13140269,1.0746799
0.49402538,2024-04-26,0.1327076,1.083403
0.49402538,2024-04-27,0.13616163,1.0983583
0.49402538,2024-04-28,0.13873473,1.1085209
0.49402538,2024-04-29,0.14443351,1.1255585
0.49402538,2024-04-30,0.15112036,1.133803
0.49402538,2024-05-01,0.14839743,1.1113912
0.49402538,2024-05-02,0.1365982,1.0774015
0.49402538,2024-05-03,0.1266656,1.0613137
0.49402538,2024-05-04,0.12038649,1.0537263
0.49402538,2024-05-05,0.116714746,1.0476483
0.49402538,2024-05-06,0.11431257,1.0520555
0.49402538,2024-05-07,0.11196671,1.0590075
0.49402538,2024-05-08,0.112142265,1.0576067
0.49402538,2024-05-09,0.11933949,1.0525261
0.49402538,2024-05-10,0.12423865,1.0538253
0.49402538,2024-05-11,0.121975236,1.0584896
0.49402538,2024-05-12,0.11787596,1.0507977
0.49402538,2024-05-13,0.11599654,1.0427958
0.49402538,2024-05-14,0.114804946,1.046256
0.49402538,2024-05-15,0.113376945,1.0538893
0.49402538,2024-05-16,0.11289621,1.0554202
0.49402538,2024-05-17,0.11309304,1.0504037
0.49402538,2024-05-18,0.11464894,1.0431784
0.49402538,2024-05-19,0.11808125,1.0397946
0.49402538,2024-05-20,0.12478986,1.0470804
0.49402538,2024-05-21,0.1339532,1.0771775
0.49402538,2024-05-22,0.1406496,1.1247452
0.49402538,2024-05-23,0.14156109,1.1685857
0.49402538,2024-05-24,0.13895638,1.1702937
0.49402538,2024-05-25,0.13679819,1.1578258
0.49402538,2024-05-26,0.13561621,1.1482924
0.49402538,2024-05-27,0.13405873,1.1341635
0.49402538,2024-05-28,0.13384183,1.1094223
0.49402538,2024-05-29,0.15446529,1.1522104
0.49402538,2024-05-30,0.16551226,1.2112628
0.49402538,2024-05-31,0.17547888,1.249382
0.49402538,2024-06-01,0.19251126,1.2970134
0.49402538,2024-06-02,0.19212978,1.31675
0.49402538,2024-06-03,0.18754804,1.3149898
0.49402538,2024-06-04,0.18456261,1.30323
0.49402538,2024-06-05,0.18091488,1.2801389
0.49402538,2024-06-06,0.17492534,1.2358462
0.49402538,2024-06-07,0.17173667,1.199557
0.49402538,2024-06-08,0.16576226,1.141313
0.49402538,2024-06-09,0.18096684,1.1416911
0.49402538,2024-06-10,0.2004155,1.1805546
0.49402538,2024-06-11,0.21484168,1.1970288
0.49402538,2024-06-12,0.23858361,1.2858268
0.49402538,2024-06-13,0.24744909,1.3846303
0.49402538,2024-06-14,0.24084367,1.4094461
0.49402538,2024-06-15,0.2259355,1.3915526
0.49402538,2024-06-16,0.20706262,1.3483053
0.49402538,2024-06-17,0.19626385,1.3180946
0.49402538,2024-06-18,0.20046866,1.3068236
0.49402538,2024-06-19,0.21593195,1.354609
0.49402538,2024-06-20,0.22934179,1.4152613
0.49402538,2024-06-21,0.24164571,1.4491354
0.49402538,2024-06-22,0.24153958,1.4451656
0.49402538,2024-06-23,0.24080704,1.4267825
0.49402538,2024-06-24,0.24443835,1.417984
0.49402538,2024-06-25,0.24365722,1.4224361
0.49402538,2024-06-26,0.22968574,1.3813044
0.49402538,2024-06-27,0.21081662,1.3003554
0.49402538,2024-06-28,0.21600707,1.3084968
0.49402538,2024-06-29,0.22948618,1.371841
0.49402538,2024-06-30,0.23416828,1.4014822
0.49402538,2024-07-01,0.22937769,1.3970639
0.49402538,2024-07-02,0.22699344,1.3811717
0.49402538,2024-07-03,0.23826496,1.3984154
0.49402538,2024-07-04,0.24807699,1.4083163
0.49402538,2024-07-05,0.25494364,1.4203753
0.49402538,2024-07-06,0.2464502,1.3558718
0.49402538,2024-07-07,0.2459659,1.3215935
0.49402538,2024-07-08,0.24742852,1.326327
0.49402538,2024-07-09,0.24330182,1.318529
0.49402538,2024-07-10,0.24719591,1.3404495
0.49402538,2024-07-11,0.25974765,1.3924049
0.49402538,2024-07-12,0.2700779,1.4247748
0.49402538,2024-07-13,0.28308436,1.4931564
0.49402538,2024-07-14,0.27452073,1.4729334
0.49402538,2024-07-15,0.2716801,1.4713097
0.49402538,2024-07-16,0.26370654,1.4706713
0.49402538,2024-07-17,0.25054142,1.393402
0.49402538,2024-07-18,0.257503,1.3736469
0.49402538,2024-07-19,0.27324203,1.4071234
0.49402538,2024-07-20,0.27641425,1.418963
0.49402538,2024-07-21,0.26619604,1.3950423
0.49402538,2024-07-22,0.26556158,1.3955389
0.49402538,2024-07-23,0.27460834,1.4113353
0.49402538,2024-07-24,0.29622665,1.4691783
0.49402538,2024-07-25,0.312783,1.5438546
0.49402538,2024-07-26,0.3166647,1.5985435
0.49402538,2024-07-27,0.30424657,1.6044501
0.49402538,2024-07-28,0.27918118,1.5106338
0.49402538,2024-07-29,0.2754516,1.4800011
0.49402538,2024-07-30,0.28154206,1.5206108
0.49402538,2024-07-31,0.2757661,1.514123
0.49402538,2024-08-01,0.27834642,1.524717
0.49402538,2024-08-02,0.28895077,1.5683708
0.49402538,2024-08-03,0.2965236,1.6301559
0.49402538,2024-08-04,0.28828382,1.6547881
0.49402538,2024-08-05,0.26853526,1.5906082
0.49402538,2024-08-06,0.25983682,1.5188926
0.49402538,2024-08-07,0.2651065,1.4981637
0.49402538,2024-08-08,0.28516266,1.5427777
0.49402538,2024-08-09,0.30089536,1.6084358
0.49402538,2024-08-10,0.30361184,1.6677042
0.49402538,2024-08-11,0.29071274,1.6570896
0.49402538,2024-08-12,0.27360302,1.5881032
0.49402538,2024-08-13,0.26753685,1.5477277
0.49402538,2024-08-14,0.26599583,1.5247952
0.49402538,2024-08-15,0.26720223,1.5315093
0.49402538,2024-08-16,0.26337105,1.5338821
0.49402538,2024-08-17,0.24193667,1.4000654
0.49402538,2024-08-18,0.2709208,1.4331232
0.49402538,2024-08-19,0.3058133,1.5448388
0.49402538,2024-08-20,0.32107732,1.6069487
0.49402538,2024-08-21,0.3139331,1.6607503
0.49402538,2024-08-22,0.28567812,1.5894527
0.49402538,2024-08-23,0.26323962,1.5270447
0.49402538,2024-08-24,0.25944832,1.51786
0.49402538,2024-08-25,0.2651126,1.5349244
0.49402538,2024-08-26,0.2660613,1.5229036
0.49402538,2024-08-27,0.27137336,1.5440453
0.49402538,2024-08-28,0.26938537,1.5671397
0.49402538,2024-08-29,0.262913,1.5677999
0.49402538,2024-08-30,0.26423505,1.5909809
0.49402538,2024-08-31,0.26518086,1.5907507
0.49402538,2024-09-01,0.26791206,1.581244
0.49402538,2024-09-02,0.26282582,1.6093158
0.49402538,2024-09-03,0.2513853,1.5766954
0.49402538,2024-09-04,0.25374302,1.5445433
0.49402538,2024-09-05,0.26016238,1.5396118
0.49402538,2024-09-06,0.26644692,1.5538536
0.49402538,2024-09-07,0.2632443,1.575497
0.49402538,2024-09-08,0.2475199,1.5738786
0.49402538,2024-09-09,0.23941754,1.5454658
0.49402538,2024-09-10,0.23767649,1.5229073
0.49402538,2024-09-11,0.22787695,1.5195847
0.49402538,2024-09-12,0.21325165,1.5194969
0.49402538,2024-09-13,0.20369451,1.5185412
0.49402538,2024-09-14,0.19976038,1.5033513
0.49402538,2024-09-15,0.19627951,1.4814839
0.49402538,2024-09-16,0.19093734,1.4722346
0.49402538,2024-09-17,0.18721569,1.4697708
0.49402538,2024-09-18,0.19472116,1.473437
0.49402538,2024-09-19,0.20464803,1.5065575
0.49402538,2024-09-20,0.22200334,1.578066
0.49402538,2024-09-21,0.2311851,1.6446081
0.49402538,2024-09-22,0.21789046,1.6427298
0.49402538,2024-09-23,0.1986816,1.6001234
0.49402538,2024-09-24,0.19191544,1.5882391
0.49402538,2024-09-25,0.1860611,1.5936705
0.49402538,2024-09-26,0.17676099,1.5892409
0.49402538,2024-09-27,0.18371487,1.5974003
0.49402538,2024-09-28,0.18441087,1.5990683
0.49402538,2024-09-29,0.17615819,1.6001205
0.49402538,2024-09-30,0.16405159,1.5838027
0.49402538,2024-10-01,0.16247384,1.5492563
0.49402538,2024-10-02,0.19658542,1.5739151
0.49402538,2024-10-03,0.20180573,1.5294623
0.49402538,2024-10-04,0.20619772,1.4970611
0.49402538,2024-10-05,0.20254071,1.5284809
0.49402538,2024-10-06,0.19087607,1.5588738
0.49402538,2024-10-07,0.18000813,1.5515417
0.49402538,2024-10-08,0.1688502,1.4610988
0.49402538,2024-10-09,0.16439547,1.4100167
0.49402538,2024-10-10,0.15739422,1.3823329
0.49402538,2024-10-11,0.14936556,1.3619822
