# data_column_name,cf_standard_name,imos_vocabulary_name,unit_name,unit_short_name,uv.definition
# AIRT,air_temperature,Temperature of the atmosphere,Degrees Celsius,degC                                                                                                          ,
# ATMP,air_pressure,Pressure (measured variable) exerted by the atmosphere,Millibars,mbar                                                                                                          ,
# CNDC_2,sea_water_electrical_conductivity,Electrical conductivity of the water body,Siemens per metre,S m-1                                                                                                         ,
# CNDC_3,sea_water_electrical_conductivity,Electrical conductivity of the water body,Siemens per metre,S m-1                                                                                                         ,
# CNDC,sea_water_electrical_conductivity,Electrical conductivity of the water body,Siemens per metre,S m-1                                                                                                         ,
# DEWT,dew_point_temperature,Dew point temperature of the atmosphere,Degrees Celsius,degC                                                                                                          ,
# GPS_HEIGHT,,,Metres,m                                                                                                             ,
# LATITUDE,latitude,Latitude north,Degrees,deg                                                                                                           ,
# LONGITUDE,longitude,Longitude east,Degrees,deg                                                                                                           ,
# PL_CRS,platform_course,Direction of motion (over ground) of measurement platform,Degrees True,deg T                                                                                                         ,
# PL_SPD,platform_speed_wrt_ground,Speed (over ground) of measurement platform,Metres per second,m s-1                                                                                                         ,
# PL_WDIR,,Wind direction (relative to moving platform) in the atmosphere,Degrees True,deg T                                                                                                         ,
# PL_WSPD,,Wind speed (relative to moving platform) in the atmosphere,Metres per second,m s-1                                                                                                         ,
# PSAL_2,sea_water_salinity,Practical salinity of the water body,Practical Salinity Unit,PSU                                                                                                           ,
# PSAL_3,sea_water_salinity,Practical salinity of the water body,Practical Salinity Unit,PSU                                                                                                           ,
# PSAL,sea_water_salinity,Practical salinity of the water body,Practical Salinity Unit,PSU                                                                                                           ,
# RAD_PAR,surface_downwelling_photosynthetic_radiative_flux_in_air,Downwelling vector irradiance as photons (PAR wavelengths) in the atmosphere,Micromoles per second per square metre,umol s-1 m-2                                                                                                  ,
# RELH,relative_humidity,Relative humidity of the atmosphere,Percent,%                                                                                                             ,
# TEMP_2,sea_water_temperature,Temperature of the water body,Degrees Celsius,degC                                                                                                          ,
# TEMP_3,sea_water_temperature,Temperature of the water body,Degrees Celsius,degC                                                                                                          ,
# TEMP_4,sea_water_temperature,Temperature of the water body,Degrees Celsius,degC                                                                                                          ,
# TEMP,sea_water_temperature,Temperature of the water body,Degrees Celsius,degC                                                                                                          ,
# WDIR,wind_from_direction,Wind from direction in the atmosphere,Degrees True,deg T                                                                                                         ,
# WETT,wet_bulb_temperature,Wet bulb temperature of the atmosphere,Degrees Celsius,degC                                                                                                          ,
# WSPD,wind_speed,Wind speed in the atmosphere,Metres per second,m s-1                                                                                                         ,
#
# qc_scheme_short_name,flag_value,flag_meaning,flag_description
# BOM,B,Value out of bounds ,
# BOM,C,Time not sequential ,
# BOM,D,Failed T > Tw > Td test (see Verein 2008) ,This test is not realised yet
# BOM,E,Failed resultant wind recomputation test ,This test gets applied to SST data product
# BOM,F,Platform velocity unrealistic ,
# BOM,G,Value exceeds (climatological) threshold ,
# BOM,H,Discontinuity in data ,
# BOM,J,Erroneous value ,
# BOM,K,Suspect value (visual) ,
# BOM,L,Value located over land ,
# BOM,M,Instrument malfunction ,
# BOM,Q,Pre-flagged as suspect ,
# BOM,S,Spike in data (visual) ,
# BOM,T,Time duplicate ,
# BOM,U,Suspect data (statistical) ,
# BOM,V,Spike in data (statistical) ,
# BOM,X,Step in data (statistical) ,
# BOM,Z,Value passes all test ,

FID,trajectory_id,measurement_id,platform_code,vessel_name,voyage_number,TIME,TIME_quality_control,LATITUDE,LATITUDE_quality_control,LONGITUDE,LONGITUDE_quality_control,AIRT,AIRT_quality_control,ATMP,ATMP_quality_control,CNDC,CNDC_quality_control,CNDC_2,CNDC_2_quality_control,CNDC_3,CNDC_3_quality_control,DEWT,DEWT_quality_control,GPS_HEIGHT,GPS_HEIGHT_quality_control,PL_CRS,PL_CRS_quality_control,PL_SPD,PL_SPD_quality_control,PL_WDIR,PL_WDIR_quality_control,PL_WSPD,PL_WSPD_quality_control,PSAL,PSAL_quality_control,PSAL_2,PSAL_2_quality_control,PSAL_3,PSAL_3_quality_control,RELH,RELH_quality_control,TEMP,TEMP_quality_control,TEMP_2,TEMP_2_quality_control,TEMP_3,TEMP_3_quality_control,TEMP_4,TEMP_4_quality_control,WDIR,WDIR_quality_control,WETT,WETT_quality_control,WSPD,WSPD_quality_control,AIRT_b,ATMP_b,CNDC_b,DEWT_b,PL_CRS_b,PL_SPD_b,PL_WDIR_b,PL_WSPD_b,PSAL_b,RELH_b,TEMP_b,WDIR_b,WETT_b,WSPD_b,geom
soop_sst_nrt_trajectory_data.fid--687f1563_1926beee71d_3e1c,18768,517803396,VRDE7,OOCL Houston,,2016-10-07T08:59:00Z,Z,-32.7305,Z,115.0867,Z,,,,,,,,,,,,,16.5,Z,16.9082,Z,5.5153,Z,,,,,,,,,,,,,18.61,Z,,,,,,,,,,,,,false,false,false,false,true,true,false,false,false,false,true,false,false,false,POINT (115.086669921875 -32.730499267578125)
soop_sst_nrt_trajectory_data.fid--687f1563_1926beee71d_3e1d,18768,517803397,VRDE7,OOCL Houston,,2016-10-07T09:59:00Z,Z,-32.5432,Z,115.145,Z,,,,,,,,,,,,,17.6,Z,14.7084,Z,5.9886,Z,,,,,,,,,,,,,18.96,Z,,,,,,,,,,,,,false,false,false,false,true,true,false,false,false,false,true,false,false,false,POINT (115.1449966430664 -32.54316711425781)
soop_sst_nrt_trajectory_data.fid--687f1563_1926beee71d_3e1e,18768,517803398,VRDE7,OOCL Houston,,2016-10-07T10:59:00Z,Z,-32.3468,Z,115.2067,Z,,,,,,,,,,,,,19.1,Z,14.863,Z,6.2808,Z,,,,,,,,,,,,,19.12,Z,,,,,,,,,,,,,false,false,false,false,true,true,false,false,false,false,true,false,false,false,POINT (115.2066650390625 -32.346832275390625)
soop_sst_nrt_trajectory_data.fid--687f1563_1926beee71d_3e1f,18768,517803399,VRDE7,OOCL Houston,,2016-10-07T11:59:00Z,Z,-32.1287,Z,115.2767,Z,,,,,,,,,,,,,20.5,Z,15.203,Z,6.9903,Z,,,,,,,,,,,,,19.24,Z,,,,,,,,,,,,,false,false,false,false,true,true,false,false,false,false,true,false,false,false,POINT (115.27666473388672 -32.128665924072266)
soop_sst_nrt_trajectory_data.fid--687f1563_1926beee71d_3e20,18768,517803400,VRDE7,OOCL Houston,,2016-10-07T12:59:00Z,Z,-31.9632,Z,115.47,Z,,,,,,,,,,,,,18.4,Z,44.7689,Z,7.202,Z,,,,,,,,,,,,,19.14,Z,,,,,,,,,,,,,false,false,false,false,true,true,false,false,false,false,true,false,false,false,POINT (115.47000122070312 -31.963167190551758)
soop_sst_nrt_trajectory_data.fid--687f1563_1926beee71d_3e21,18768,517803401,VRDE7,OOCL Houston,,2016-10-07T13:59:00Z,Z,-31.9788,Z,115.6983,Z,,,,,,,,,,,,,19.6,Z,94.6844,Z,6.0092,Z,,,,,,,,,,,,,18.1,Z,,,,,,,,,,,,,false,false,false,false,true,true,false,false,false,false,true,false,false,false,POINT (115.69833374023438 -31.97883415222168)
soop_sst_nrt_trajectory_data.fid--687f1563_1926beee71d_3e22,18768,517803402,VRDE7,OOCL Houston,,2016-10-07T14:59:00Z,Z,-32.041,Z,115.7483,Z,,,,,,,,,,,,,32.1,Z,145.719,Z,2.3268,Z,,,,,,,,,,,,,17.65,Q,,,,,,,,,,,,,false,false,false,false,true,true,false,false,false,false,true,false,false,false,POINT (115.74833679199219 -32.04100036621094)
soop_sst_nrt_trajectory_data.fid--687f1563_1926beee71d_3e23,18768,517803403,VRDE7,OOCL Houston,,2016-10-07T15:59:00Z,Z,-32.0408,Z,115.7483,Z,,,,,,,,,,,,,21.6,Z,358.9944,Z,0.0052,Z,,,,,,,,,,,,,17.46,Q,,,,,,,,,,,,,false,false,false,false,true,true,false,false,false,false,true,false,false,false,POINT (115.74833679199219 -32.04083251953125)
soop_sst_nrt_trajectory_data.fid--687f1563_1926beee71d_3e24,18768,517803404,VRDE7,OOCL Houston,,2016-10-07T16:59:00Z,Z,-32.0408,Z,115.7483,Z,,,,,,,,,,,,,23.3,Z,0,Z,0.0001,Z,,,,,,,,,,,,,17.42,Q,,,,,,,,,,,,,false,false,false,false,true,true,false,false,false,false,true,false,false,false,POINT (115.74833679199219 -32.04083251953125)
soop_sst_nrt_trajectory_data.fid--687f1563_1926beee71d_3e25,18768,517803405,VRDE7,OOCL Houston,,2016-10-07T17:59:00Z,Z,-32.0408,Z,115.7483,Z,,,,,,,,,,,,,22.6,Z,0,Z,0.0001,Z,,,,,,,,,,,,,17.46,Q,,,,,,,,,,,,,false,false,false,false,true,true,false,false,false,false,true,false,false,false,POINT (115.74833679199219 -32.04083251953125)
soop_sst_nrt_trajectory_data.fid--687f1563_1926beee71d_3e26,18768,517803406,VRDE7,OOCL Houston,,2016-10-07T18:59:00Z,Z,-32.0408,Z,115.7483,Z,,,,,,,,,,,,,25.7,Z,0,Z,0.0001,Z,,,,,,,,,,,,,17.48,Q,,,,,,,,,,,,,false,false,false,false,true,true,false,false,false,false,true,false,false,false,POINT (115.74833679199219 -32.04083251953125)
soop_sst_nrt_trajectory_data.fid--687f1563_1926beee71d_3e27,18768,517803407,VRDE7,OOCL Houston,,2016-10-07T19:59:00Z,Z,-32.0408,Z,115.7483,Z,,,,,,,,,,,,,17.6,Z,0,Z,0.0001,Z,,,,,,,,,,,,,17.47,Q,,,,,,,,,,,,,false,false,false,false,true,true,false,false,false,false,true,false,false,false,POINT (115.74833679199219 -32.04083251953125)
soop_sst_nrt_trajectory_data.fid--687f1563_1926beee71d_3e28,18768,517803408,VRDE7,OOCL Houston,,2016-10-07T20:59:00Z,Z,-32.0408,Z,115.7483,Z,,,,,,,,,,,,,17.7,Z,0,Z,0.0001,Z,,,,,,,,,,,,,17.53,Q,,,,,,,,,,,,,false,false,false,false,true,true,false,false,false,false,true,false,false,false,POINT (115.74833679199219 -32.04083251953125)
soop_sst_nrt_trajectory_data.fid--687f1563_1926beee71d_3e29,18768,517803409,VRDE7,OOCL Houston,,2016-10-07T21:59:00Z,Z,-32.0408,Z,115.7483,Z,,,,,,,,,,,,,19.3,Z,0,Z,0.0001,Z,,,,,,,,,,,,,17.47,Q,,,,,,,,,,,,,false,false,false,false,true,true,false,false,false,false,true,false,false,false,POINT (115.74833679199219 -32.04083251953125)
soop_sst_nrt_trajectory_data.fid--687f1563_1926beee71d_3e2a,18768,517803410,VRDE7,OOCL Houston,,2016-10-07T22:59:00Z,Z,-32.0408,Z,115.7483,Z,,,,,,,,,,,,,21.6,Z,0,Z,0.0001,Z,,,,,,,,,,,,,17.52,Q,,,,,,,,,,,,,false,false,false,false,true,true,false,false,false,false,true,false,false,false,POINT (115.74833679199219 -32.04083251953125)
soop_sst_nrt_trajectory_data.fid--687f1563_1926beee71d_3e2b,18768,517803411,VRDE7,OOCL Houston,,2016-10-07T23:59:00Z,Z,-32.0408,Z,115.7483,Z,,,,,,,,,,,,,22.1,Z,0,Z,0.0001,Z,,,,,,,,,,,,,17.67,Q,,,,,,,,,,,,,false,false,false,false,true,true,false,false,false,false,true,false,false,false,POINT (115.74833679199219 -32.04083251953125)
soop_sst_nrt_trajectory_data.fid--687f1563_1926beee71d_3e2c,18772,517803481,VRDE7,OOCL Houston,,2016-10-08T00:59:00Z,Z,-32.0408,Z,115.7483,Z,,,,,,,,,,,,,21.5,Z,0,Z,0.0001,Z,,,,,,,,,,,,,17.68,Q,,,,,,,,,,,,,false,false,false,false,true,true,false,false,false,false,true,false,false,false,POINT (115.74833679199219 -32.04083251953125)
soop_sst_nrt_trajectory_data.fid--687f1563_1926beee71d_3e2d,18772,517803482,VRDE7,OOCL Houston,,2016-10-08T01:59:00Z,Z,-32.0408,Z,115.7483,Z,,,,,,,,,,,,,24.8,Z,0,Z,0.0001,Z,,,,,,,,,,,,,17.69,Q,,,,,,,,,,,,,false,false,false,false,true,true,false,false,false,false,true,false,false,false,POINT (115.74833679199219 -32.04083251953125)
soop_sst_nrt_trajectory_data.fid--687f1563_1926beee71d_3e2e,18772,517803483,VRDE7,OOCL Houston,,2016-10-08T02:59:00Z,Z,-32.0408,Z,115.7483,Z,,,,,,,,,,,,,21.2,Z,0,Z,0.0001,Z,,,,,,,,,,,,,17.59,Q,,,,,,,,,,,,,false,false,false,false,true,true,false,false,false,false,true,false,false,false,POINT (115.74833679199219 -32.04083251953125)
soop_sst_nrt_trajectory_data.fid--687f1563_1926beee71d_3e2f,18772,517803484,VRDE7,OOCL Houston,,2016-10-08T03:59:00Z,Z,-32.0408,Z,115.7483,Z,,,,,,,,,,,,,24,Z,0,Z,0.0001,Z,,,,,,,,,,,,,17.63,Q,,,,,,,,,,,,,false,false,false,false,true,true,false,false,false,false,true,false,false,false,POINT (115.74833679199219 -32.04083251953125)
soop_sst_nrt_trajectory_data.fid--687f1563_1926beee71d_3e30,18772,517803485,VRDE7,OOCL Houston,,2016-10-08T04:59:00Z,Z,-32.0408,Z,115.7483,Z,,,,,,,,,,,,,21.4,Z,0,Z,0.0001,Z,,,,,,,,,,,,,17.56,Q,,,,,,,,,,,,,false,false,false,false,true,true,false,false,false,false,true,false,false,false,POINT (115.74833679199219 -32.04083251953125)
soop_sst_nrt_trajectory_data.fid--687f1563_1926beee71d_3e31,18772,517803486,VRDE7,OOCL Houston,,2016-10-08T05:59:00Z,Z,-32.0408,Z,115.7483,Z,,,,,,,,,,,,,20.6,Z,0,Z,0.0001,Z,,,,,,,,,,,,,17.56,Q,,,,,,,,,,,,,false,false,false,false,true,true,false,false,false,false,true,false,false,false,POINT (115.74833679199219 -32.04083251953125)
soop_sst_nrt_trajectory_data.fid--687f1563_1926beee71d_3e32,18772,517803487,VRDE7,OOCL Houston,,2016-10-08T06:59:00Z,Z,-32.0408,Z,115.7483,Z,,,,,,,,,,,,,19.6,Z,0,Z,0.0001,Z,,,,,,,,,,,,,17.56,Q,,,,,,,,,,,,,false,false,false,false,true,true,false,false,false,false,true,false,false,false,POINT (115.74833679199219 -32.04083251953125)
soop_sst_nrt_trajectory_data.fid--687f1563_1926beee71d_3e33,18772,517803488,VRDE7,OOCL Houston,,2016-10-08T07:59:00Z,Z,-32.0125,Z,115.695,Z,,,,,,,,,,,,,22.1,Z,302.0556,Z,1.6501,Z,,,,,,,,,,,,,17.73,Q,,,,,,,,,,,,,false,false,false,false,true,true,false,false,false,false,true,false,false,false,POINT (115.69499969482422 -32.01250076293945)
soop_sst_nrt_trajectory_data.fid--687f1563_1926beee71d_3e34,18772,517803489,VRDE7,OOCL Houston,,2016-10-08T08:59:00Z,Z,-31.8628,Z,115.5783,Z,,,,,,,,,,,,,19.6,Z,326.4843,Z,5.549,Z,,,,,,,,,,,,,18.38,Z,,,,,,,,,,,,,false,false,false,false,true,true,false,false,false,false,true,false,false,false,POINT (115.57833099365234 -31.86283302307129)
soop_sst_nrt_trajectory_data.fid--687f1563_1926beee71d_3e35,18772,517803490,VRDE7,OOCL Houston,,2016-10-08T09:59:00Z,Z,-31.6703,Z,115.4467,Z,,,,,,,,,,,,,18,Z,329.7868,Z,6.8858,Z,,,,,,,,,,,,,18.8,Z,,,,,,,,,,,,,false,false,false,false,true,true,false,false,false,false,true,false,false,false,POINT (115.44666290283203 -31.670333862304688)
soop_sst_nrt_trajectory_data.fid--687f1563_1926beee71d_3e36,18772,517803491,VRDE7,OOCL Houston,,2016-10-08T10:59:00Z,Z,-31.4752,Z,115.315,Z,,,,,,,,,,,,,20.8,Z,330.0771,Z,6.9609,Z,,,,,,,,,,,,,18.94,Z,,,,,,,,,,,,,false,false,false,false,true,true,false,false,false,false,true,false,false,false,POINT (115.31500244140625 -31.47516632080078)
soop_sst_nrt_trajectory_data.fid--687f1563_1926beee71d_3e37,18772,517803492,VRDE7,OOCL Houston,,2016-10-08T11:59:00Z,Z,-31.2803,Z,115.1817,Z,,,,,,,,,,,,,23.6,Z,329.6686,Z,6.9777,Z,,,,,,,,,,,,,19.12,Z,,,,,,,,,,,,,false,false,false,false,true,true,false,false,false,false,true,false,false,false,POINT (115.1816635131836 -31.280332565307617)
soop_sst_nrt_trajectory_data.fid--687f1563_1926beee71d_3e38,18772,517803493,VRDE7,OOCL Houston,,2016-10-08T12:59:00Z,Z,-31.0868,Z,115.0483,Z,,,,,,,,,,,,,25.2,Z,329.4466,Z,6.9457,Z,,,,,,,,,,,,,19.54,Z,,,,,,,,,,,,,false,false,false,false,true,true,false,false,false,false,true,false,false,false,POINT (115.04833221435547 -31.086833953857422)
soop_sst_nrt_trajectory_data.fid--687f1563_1926beee71d_3e39,18826,517815886,VRDE7,OOCL Houston,,2016-12-16T09:59:00Z,Z,-32.7417,Z,115.09,Z,,,,,,,,,,,,,19.7,Z,15.3495,Z,4.5852,Z,,,,,,,,,,,,,20.14,Z,,,,,,,,,,,,,false,false,false,false,true,true,false,false,false,false,true,false,false,false,POINT (115.08999633789062 -32.74166488647461)
soop_sst_nrt_trajectory_data.fid--687f1563_1926beee71d_3e3a,18826,517815887,VRDE7,OOCL Houston,,2016-12-16T10:59:00Z,Z,-32.5935,Z,115.14,Z,,,,,,,,,,,,,19.1,Z,15.8734,Z,4.7629,Z,,,,,,,,,,,,,20.24,Z,,,,,,,,,,,,,false,false,false,false,true,true,false,false,false,false,true,false,false,false,POINT (115.13999938964844 -32.59349822998047)
soop_sst_nrt_trajectory_data.fid--687f1563_1926beee71d_3e3b,18826,517815888,VRDE7,OOCL Houston,,2016-12-16T11:59:00Z,Z,-32.4402,Z,115.1817,Z,,,,,,,,,,,,,20.7,Z,12.9175,Z,4.8643,Z,,,,,,,,,,,,,20.23,Z,,,,,,,,,,,,,false,false,false,false,true,true,false,false,false,false,true,false,false,false,POINT (115.1816635131836 -32.44016647338867)
soop_sst_nrt_trajectory_data.fid--687f1563_1926beee71d_3e3c,18826,517815889,VRDE7,OOCL Houston,,2016-12-16T12:59:00Z,Z,-32.2813,Z,115.2267,Z,,,,,,,,,,,,,22.8,Z,13.4716,Z,5.0502,Z,,,,,,,,,,,,,20.56,Z,,,,,,,,,,,,,false,false,false,false,true,true,false,false,false,false,true,false,false,false,POINT (115.22666931152344 -32.281333923339844)
soop_sst_nrt_trajectory_data.fid--687f1563_1926beee71d_3e3d,18826,517815890,VRDE7,OOCL Houston,,2016-12-16T13:59:00Z,Z,-32.1308,Z,115.275,Z,,,,,,,,,,,,,22.3,Z,15.2144,Z,4.8226,Z,,,,,,,,,,,,,20.66,Z,,,,,,,,,,,,,false,false,false,false,true,true,false,false,false,false,true,false,false,false,POINT (115.2750015258789 -32.13083267211914)
soop_sst_nrt_trajectory_data.fid--687f1563_1926beee71d_3e3e,18826,517815891,VRDE7,OOCL Houston,,2016-12-16T14:59:00Z,Z,-31.9965,Z,115.3267,Z,,,,,,,,,,,,,19.5,Z,18.0665,Z,4.369,Z,,,,,,,,,,,,,20.62,Z,,,,,,,,,,,,,false,false,false,false,true,true,false,false,false,false,true,false,false,false,POINT (115.32666778564453 -31.99650001525879)
soop_sst_nrt_trajectory_data.fid--687f1563_1926beee71d_3e3f,18826,517815892,VRDE7,OOCL Houston,,2016-12-16T15:59:00Z,Z,-31.9458,Z,115.4483,Z,,,,,,,,,,,,,17.9,Z,63.8855,Z,3.5553,Z,,,,,,,,,,,,,20.4,Z,,,,,,,,,,,,,false,false,false,false,true,true,false,false,false,false,true,false,false,false,POINT (115.44833374023438 -31.945833206176758)
soop_sst_nrt_trajectory_data.fid--687f1563_1926beee71d_3e40,18826,517815893,VRDE7,OOCL Houston,,2016-12-16T16:59:00Z,Z,-31.8853,Z,115.545,Z,,,,,,,,,,,,,22.5,Z,53.6232,Z,3.1524,Z,,,,,,,,,,,,,20.44,Z,,,,,,,,,,,,,false,false,false,false,true,true,false,false,false,false,true,false,false,false,POINT (115.54499816894531 -31.885334014892578)
soop_sst_nrt_trajectory_data.fid--687f1563_1926beee71d_3e41,18826,517815894,VRDE7,OOCL Houston,,2016-12-16T17:59:00Z,Z,-31.9507,Z,115.6533,Z,,,,,,,,,,,,,22.5,Z,125.4217,Z,3.4881,Z,,,,,,,,,,,,,20.96,Z,,,,,,,,,,,,,false,false,false,false,true,true,false,false,false,false,true,false,false,false,POINT (115.65333557128906 -31.950666427612305)
soop_sst_nrt_trajectory_data.fid--687f1563_1926beee71d_3e42,18826,517815895,VRDE7,OOCL Houston,,2016-12-16T18:59:00Z,Z,-32.0395,Z,115.6883,Z,,,,,,,,,,,,,21.8,Z,161.5336,Z,2.8962,Z,,,,,,,,,,,,,21.46,Z,,,,,,,,,,,,,false,false,false,false,true,true,false,false,false,false,true,false,false,false,POINT (115.6883316040039 -32.03950119018555)
soop_sst_nrt_trajectory_data.fid--687f1563_1926beee71d_3e43,18826,517815896,VRDE7,OOCL Houston,,2016-12-16T20:59:00Z,H,-32.0433,Z,115.745,Z,,,,,,,,,,,,,25.2,Z,94.5762,Z,1.4901,Z,,,,,,,,,,,,,22.32,Q,,,,,,,,,,,,,false,false,false,false,true,true,false,false,false,false,true,false,false,false,POINT (115.74500274658203 -32.0433349609375)
soop_sst_nrt_trajectory_data.fid--687f1563_1926beee71d_3e44,18826,517815897,VRDE7,OOCL Houston,,2016-12-16T21:59:00Z,Z,-32.0433,Z,115.745,Z,,,,,,,,,,,,,19.1,Z,0,Z,0.0001,Z,,,,,,,,,,,,,22.38,Q,,,,,,,,,,,,,false,false,false,false,true,true,false,false,false,false,true,false,false,false,POINT (115.74500274658203 -32.0433349609375)
soop_sst_nrt_trajectory_data.fid--687f1563_1926beee71d_3e45,18826,517815898,VRDE7,OOCL Houston,,2016-12-16T22:59:00Z,Z,-32.0433,Z,115.745,Z,,,,,,,,,,,,,21.2,Z,0,Z,0.0001,Z,,,,,,,,,,,,,22.45,Q,,,,,,,,,,,,,false,false,false,false,true,true,false,false,false,false,true,false,false,false,POINT (115.74500274658203 -32.0433349609375)
soop_sst_nrt_trajectory_data.fid--687f1563_1926beee71d_3e46,18826,517815899,VRDE7,OOCL Houston,,2016-12-16T23:59:00Z,Z,-32.0433,Z,115.745,Z,,,,,,,,,,,,,20.6,Z,0,Z,0.0001,Z,,,,,,,,,,,,,22.52,Q,,,,,,,,,,,,,false,false,false,false,true,true,false,false,false,false,true,false,false,false,POINT (115.74500274658203 -32.0433349609375)
soop_sst_nrt_trajectory_data.fid--687f1563_1926beee71d_3e47,18828,517815923,VRDE7,OOCL Houston,,2016-12-17T00:59:00Z,Z,-32.0433,Z,115.745,Z,,,,,,,,,,,,,22.9,Z,0,Z,0.0001,Z,,,,,,,,,,,,,22.58,Q,,,,,,,,,,,,,false,false,false,false,true,true,false,false,false,false,true,false,false,false,POINT (115.74500274658203 -32.0433349609375)
soop_sst_nrt_trajectory_data.fid--687f1563_1926beee71d_3e48,18828,517815924,VRDE7,OOCL Houston,,2016-12-17T02:00:00Z,H,-32.0433,Z,115.745,Z,,,,,,,,,,,,,22.7,Z,0,Z,0.0001,Z,,,,,,,,,,,,,22.65,Q,,,,,,,,,,,,,false,false,false,false,true,true,false,false,false,false,true,false,false,false,POINT (115.74500274658203 -32.0433349609375)
soop_sst_nrt_trajectory_data.fid--687f1563_1926beee71d_3e49,18828,517815925,VRDE7,OOCL Houston,,2016-12-17T02:59:00Z,Z,-32.0433,Z,115.745,Z,,,,,,,,,,,,,22.1,Z,0,Z,0.0001,Z,,,,,,,,,,,,,22.75,Q,,,,,,,,,,,,,false,false,false,false,true,true,false,false,false,false,true,false,false,false,POINT (115.74500274658203 -32.0433349609375)
soop_sst_nrt_trajectory_data.fid--687f1563_1926beee71d_3e4a,18828,517815926,VRDE7,OOCL Houston,,2016-12-17T03:59:00Z,Z,-32.0433,Z,115.745,Z,,,,,,,,,,,,,20.3,Z,0,Z,0.0001,Z,,,,,,,,,,,,,22.57,Q,,,,,,,,,,,,,false,false,false,false,true,true,false,false,false,false,true,false,false,false,POINT (115.74500274658203 -32.0433349609375)
soop_sst_nrt_trajectory_data.fid--687f1563_1926beee71d_3e4b,18828,517815927,VRDE7,OOCL Houston,,2016-12-17T04:59:00Z,Z,-32.0433,Z,115.745,Z,,,,,,,,,,,,,21.4,Z,0,Z,0.0001,Z,,,,,,,,,,,,,22.55,Q,,,,,,,,,,,,,false,false,false,false,true,true,false,false,false,false,true,false,false,false,POINT (115.74500274658203 -32.0433349609375)
soop_sst_nrt_trajectory_data.fid--687f1563_1926beee71d_3e4c,18828,517815928,VRDE7,OOCL Houston,,2016-12-17T05:59:00Z,Z,-32.0433,Z,115.745,Z,,,,,,,,,,,,,20.3,Z,0,Z,0.0001,Z,,,,,,,,,,,,,22.54,Q,,,,,,,,,,,,,false,false,false,false,true,true,false,false,false,false,true,false,false,false,POINT (115.74500274658203 -32.0433349609375)
soop_sst_nrt_trajectory_data.fid--687f1563_1926beee71d_3e4d,18828,517815929,VRDE7,OOCL Houston,,2016-12-17T06:59:00Z,Z,-32.0433,Z,115.745,Z,,,,,,,,,,,,,22.4,Z,0,Z,0.0001,Z,,,,,,,,,,,,,22.52,Q,,,,,,,,,,,,,false,false,false,false,true,true,false,false,false,false,true,false,false,false,POINT (115.74500274658203 -32.0433349609375)
soop_sst_nrt_trajectory_data.fid--687f1563_1926beee71d_3e4e,18828,517815930,VRDE7,OOCL Houston,,2016-12-17T07:59:00Z,Z,-32.0433,Z,115.745,Z,,,,,,,,,,,,,16.8,Z,0,Z,0.0001,Z,,,,,,,,,,,,,22.52,Q,,,,,,,,,,,,,false,false,false,false,true,true,false,false,false,false,true,false,false,false,POINT (115.74500274658203 -32.0433349609375)
soop_sst_nrt_trajectory_data.fid--687f1563_1926beee71d_3e4f,18828,517815931,VRDE7,OOCL Houston,,2016-12-17T08:59:00Z,Z,-32.0433,Z,115.745,Z,,,,,,,,,,,,,15.7,Z,0,Z,0.0001,Z,,,,,,,,,,,,,22.51,Q,,,,,,,,,,,,,false,false,false,false,true,true,false,false,false,false,true,false,false,false,POINT (115.74500274658203 -32.0433349609375)
soop_sst_nrt_trajectory_data.fid--687f1563_1926beee71d_3e50,18828,517815932,VRDE7,OOCL Houston,,2016-12-17T09:59:00Z,Z,-32.0433,Z,115.745,Z,,,,,,,,,,,,,20.3,Z,0,Z,0.0001,Z,,,,,,,,,,,,,22.46,Q,,,,,,,,,,,,,false,false,false,false,true,true,false,false,false,false,true,false,false,false,POINT (115.74500274658203 -32.0433349609375)
soop_sst_nrt_trajectory_data.fid--687f1563_1926beee71d_3e51,18828,517815933,VRDE7,OOCL Houston,,2016-12-17T10:59:00Z,Z,-32.0433,Z,115.745,Z,,,,,,,,,,,,,20.4,Z,0,Z,0.0001,Z,,,,,,,,,,,,,22.45,Q,,,,,,,,,,,,,false,false,false,false,true,true,false,false,false,false,true,false,false,false,POINT (115.74500274658203 -32.0433349609375)
soop_sst_nrt_trajectory_data.fid--687f1563_1926beee71d_3e52,18828,517815934,VRDE7,OOCL Houston,,2016-12-17T11:59:00Z,Z,-32.0433,Z,115.745,Z,,,,,,,,,,,,,20.6,Z,0,Z,0.0001,Z,,,,,,,,,,,,,22.5,Q,,,,,,,,,,,,,false,false,false,false,true,true,false,false,false,false,true,false,false,false,POINT (115.74500274658203 -32.0433349609375)
soop_sst_nrt_trajectory_data.fid--687f1563_1926beee71d_3e53,18828,517815935,VRDE7,OOCL Houston,,2016-12-17T12:59:00Z,Z,-32.0548,Z,115.73,Z,,,,,,,,,,,,,23.9,Z,227.8753,Z,0.5301,Z,,,,,,,,,,,,,22.78,Q,,,,,,,,,,,,,false,false,false,false,true,true,false,false,false,false,true,false,false,false,POINT (115.7300033569336 -32.054832458496094)
soop_sst_nrt_trajectory_data.fid--687f1563_1926beee71d_3e54,18828,517815936,VRDE7,OOCL Houston,,2016-12-17T13:59:00Z,Z,-31.8593,Z,115.5767,Z,,,,,,,,,,,,,19.5,Z,326.317,Z,7.2615,Z,,,,,,,,,,,,,21.11,Z,,,,,,,,,,,,,false,false,false,false,true,true,false,false,false,false,true,false,false,false,POINT (115.57666778564453 -31.859333038330078)
soop_sst_nrt_trajectory_data.fid--687f1563_1926beee71d_3e55,18828,517815937,VRDE7,OOCL Houston,,2016-12-17T14:59:00Z,Z,-31.594,Z,115.385,Z,,,,,,,,,,,,,19.4,Z,328.3821,Z,9.6297,Z,,,,,,,,,,,,,20.62,Z,,,,,,,,,,,,,false,false,false,false,true,true,false,false,false,false,true,false,false,false,POINT (115.38500213623047 -31.5939998626709)
soop_sst_nrt_trajectory_data.fid--687f1563_1926beee71d_3e56,18828,517815938,VRDE7,OOCL Houston,,2016-12-17T15:59:00Z,Z,-31.3223,Z,115.2033,Z,,,,,,,,,,,,,19.7,Z,330.2507,Z,9.6712,Z,,,,,,,,,,,,,20.78,Z,,,,,,,,,,,,,false,false,false,false,true,true,false,false,false,false,true,false,false,false,POINT (115.20333099365234 -31.32233238220215)
soop_sst_nrt_trajectory_data.fid--687f1563_1926beee71d_3e57,18828,517815939,VRDE7,OOCL Houston,,2016-12-17T16:59:00Z,Z,-31.0537,Z,115.0233,Z,,,,,,,,,,,,,22.2,Z,330.1346,Z,9.5756,Z,,,,,,,,,,,,,20.75,Z,,,,,,,,,,,,,false,false,false,false,true,true,false,false,false,false,true,false,false,false,POINT (115.02333068847656 -31.053667068481445)
soop_sst_nrt_trajectory_data.fid--687f1563_1926beee71d_3e58,18890,517817387,VRDE7,OOCL Houston,,2017-01-20T05:59:00Z,Z,-32.6995,Z,115.0883,Z,,,,,,,,,,,,,19.8,Z,15.0264,Z,6.1895,Z,,,,,,,,,,,,,,Z,,,,,,,,,,,,,false,false,false,false,true,true,false,false,false,false,true,false,false,false,POINT (115.08833312988281 -32.699501037597656)
soop_sst_nrt_trajectory_data.fid--687f1563_1926beee71d_3e59,18890,517817388,VRDE7,OOCL Houston,,2017-01-20T06:59:00Z,Z,-32.5018,Z,115.1517,Z,,,,,,,,,,,,,18.7,Z,15.1225,Z,6.3311,Z,,,,,,,,,,,,,20.18,Z,,,,,,,,,,,,,false,false,false,false,true,true,false,false,false,false,true,false,false,false,POINT (115.15166473388672 -32.501834869384766)
soop_sst_nrt_trajectory_data.fid--687f1563_1926beee71d_3e5a,18890,517817389,VRDE7,OOCL Houston,,2017-01-20T08:00:00Z,H,-32.2998,Z,115.2167,Z,,,,,,,,,,,,,21.7,Z,15.2174,Z,6.4728,Z,,,,,,,,,,,,,20.3,Z,,,,,,,,,,,,,false,false,false,false,true,true,false,false,false,false,true,false,false,false,POINT (115.21666717529297 -32.299835205078125)
soop_sst_nrt_trajectory_data.fid--687f1563_1926beee71d_3e5b,18890,517817390,VRDE7,OOCL Houston,,2017-01-20T08:59:00Z,Z,-32.1387,Z,115.2683,Z,,,,,,,,,,,,,21.9,Z,15.1879,Z,5.1638,Z,,,,,,,,,,,,,20.45,Z,,,,,,,,,,,,,false,false,false,false,true,true,false,false,false,false,true,false,false,false,POINT (115.2683334350586 -32.138668060302734)
soop_sst_nrt_trajectory_data.fid--687f1563_1926beee71d_3e5c,18890,517817391,VRDE7,OOCL Houston,,2017-01-20T09:59:00Z,Z,-31.9915,Z,115.3267,Z,,,,,,,,,,,,,21.5,Z,18.5829,Z,4.8007,Z,,,,,,,,,,,,,20.52,Z,,,,,,,,,,,,,false,false,false,false,true,true,false,false,false,false,true,false,false,false,POINT (115.32666778564453 -31.991500854492188)
soop_sst_nrt_trajectory_data.fid--687f1563_1926beee71d_3e5d,18890,517817392,VRDE7,OOCL Houston,,2017-01-20T10:59:00Z,Z,-31.9518,Z,115.4883,Z,,,,,,,,,,,,,21.1,Z,73.9107,Z,4.4146,Z,,,,,,,,,,,,,20.49,Z,,,,,,,,,,,,,false,false,false,false,true,true,false,false,false,false,true,false,false,false,POINT (115.48833465576172 -31.951833724975586)
soop_sst_nrt_trajectory_data.fid--687f1563_1926beee71d_3e5e,18890,517817393,VRDE7,OOCL Houston,,2017-01-20T11:59:00Z,Z,-31.981,Z,115.6933,Z,,,,,,,,,,,,,18.2,Z,99.5745,Z,5.4529,Z,,,,,,,,,,,,,21.42,Z,,,,,,,,,,,,,false,false,false,false,true,true,false,false,false,false,true,false,false,false,POINT (115.6933364868164 -31.981000900268555)
soop_sst_nrt_trajectory_data.fid--687f1563_1926beee71d_3e5f,18890,517817394,VRDE7,OOCL Houston,,2017-01-20T12:59:00Z,Z,-32.0443,Z,115.745,Z,,,,,,,,,,,,,19.9,Z,145.3421,Z,2.3812,Z,,,,,,,,,,,,,22.24,Q,,,,,,,,,,,,,false,false,false,false,true,true,false,false,false,false,true,false,false,false,POINT (115.74500274658203 -32.044334411621094)
soop_sst_nrt_trajectory_data.fid--687f1563_1926beee71d_3e60,18890,517817395,VRDE7,OOCL Houston,,2017-01-20T13:59:00Z,Z,-32.0432,Z,115.7467,Z,,,,,,,,,,,,,19.5,Z,50.3775,Z,0.0566,Z,,,,,,,,,,,,,22.62,Q,,,,,,,,,,,,,false,false,false,false,true,true,false,false,false,false,true,false,false,false,POINT (115.74666595458984 -32.04316711425781)
soop_sst_nrt_trajectory_data.fid--687f1563_1926beee71d_3e61,18890,517817396,VRDE7,OOCL Houston,,2017-01-20T14:59:00Z,Z,-32.0432,Z,115.745,Z,,,,,,,,,,,,,23,Z,270.0177,Z,0.0437,Z,,,,,,,,,,,,,22.67,Q,,,,,,,,,,,,,false,false,false,false,true,true,false,false,false,false,true,false,false,false,POINT (115.74500274658203 -32.04316711425781)
soop_sst_nrt_trajectory_data.fid--687f1563_1926beee71d_3e62,18890,517817397,VRDE7,OOCL Houston,,2017-01-20T15:59:00Z,Z,-32.0432,Z,115.7467,Z,,,,,,,,,,,,,19.3,Z,89.9823,Z,0.0436,Z,,,,,,,,,,,,,22.72,Q,,,,,,,,,,,,,false,false,false,false,true,true,false,false,false,false,true,false,false,false,POINT (115.74666595458984 -32.04316711425781)
soop_sst_nrt_trajectory_data.fid--687f1563_1926beee71d_3e63,18890,517817398,VRDE7,OOCL Houston,,2017-01-20T16:59:00Z,Z,-32.0432,Z,115.745,Z,,,,,,,,,,,,,21.1,Z,270.0177,Z,0.0437,Z,,,,,,,,,,,,,22.79,Q,,,,,,,,,,,,,false,false,false,false,true,true,false,false,false,false,true,false,false,false,POINT (115.74500274658203 -32.04316711425781)
soop_sst_nrt_trajectory_data.fid--687f1563_1926beee71d_3e64,18890,517817399,VRDE7,OOCL Houston,,2017-01-20T18:00:00Z,H,-32.0432,Z,115.7467,Z,,,,,,,,,,,,,22.8,Z,89.9823,Z,0.0436,Z,,,,,,,,,,,,,22.83,Q,,,,,,,,,,,,,false,false,false,false,true,true,false,false,false,false,true,false,false,false,POINT (115.74666595458984 -32.04316711425781)
soop_sst_nrt_trajectory_data.fid--687f1563_1926beee71d_3e65,18890,517817400,VRDE7,OOCL Houston,,2017-01-20T18:59:00Z,Z,-32.0432,Z,115.7467,Z,,,,,,,,,,,,,22.8,Z,0,Z,0,Z,,,,,,,,,,,,,22.87,Q,,,,,,,,,,,,,false,false,false,false,true,true,false,false,false,false,true,false,false,false,POINT (115.74666595458984 -32.04316711425781)
soop_sst_nrt_trajectory_data.fid--687f1563_1926beee71d_3e66,18890,517817401,VRDE7,OOCL Houston,,2017-01-20T19:59:00Z,Z,-32.0432,Z,115.745,Z,,,,,,,,,,,,,18.8,Z,270.0177,Z,0.0437,Z,,,,,,,,,,,,,22.9,Q,,,,,,,,,,,,,false,false,false,false,true,true,false,false,false,false,true,false,false,false,POINT (115.74500274658203 -32.04316711425781)
soop_sst_nrt_trajectory_data.fid--687f1563_1926beee71d_3e67,18890,517817402,VRDE7,OOCL Houston,,2017-01-20T20:59:00Z,Z,-32.0432,Z,115.7467,Z,,,,,,,,,,,,,21.1,Z,89.9823,Z,0.0436,Z,,,,,,,,,,,,,22.97,Q,,,,,,,,,,,,,false,false,false,false,true,true,false,false,false,false,true,false,false,false,POINT (115.74666595458984 -32.04316711425781)
soop_sst_nrt_trajectory_data.fid--687f1563_1926beee71d_3e68,18890,517817403,VRDE7,OOCL Houston,,2017-01-20T21:59:00Z,Z,-32.0432,Z,115.745,Z,,,,,,,,,,,,,20.8,Z,270.0177,Z,0.0437,Z,,,,,,,,,,,,,22.84,Q,,,,,,,,,,,,,false,false,false,false,true,true,false,false,false,false,true,false,false,false,POINT (115.74500274658203 -32.04316711425781)
soop_sst_nrt_trajectory_data.fid--687f1563_1926beee71d_3e69,18890,517817404,VRDE7,OOCL Houston,,2017-01-20T23:00:00Z,H,-32.0432,Z,115.745,Z,,,,,,,,,,,,,24.1,Z,0,Z,0.0001,Z,,,,,,,,,,,,,22.82,Q,,,,,,,,,,,,,false,false,false,false,true,true,false,false,false,false,true,false,false,false,POINT (115.74500274658203 -32.04316711425781)
soop_sst_nrt_trajectory_data.fid--687f1563_1926beee71d_3e6a,18891,517817405,VRDE7,OOCL Houston,,2017-01-21T00:00:00Z,Z,-32.0432,Z,115.745,Z,,,,,,,,,,,,,22.3,Z,0,Z,0.0001,Z,,,,,,,,,,,,,22.75,Q,,,,,,,,,,,,,false,false,false,false,true,true,false,false,false,false,true,false,false,false,POINT (115.74500274658203 -32.04316711425781)
soop_sst_nrt_trajectory_data.fid--687f1563_1926beee71d_3e6b,18891,517817406,VRDE7,OOCL Houston,,2017-01-21T00:59:00Z,Z,-32.0432,Z,115.745,Z,,,,,,,,,,,,,21.8,Z,0,Z,0.0001,Z,,,,,,,,,,,,,22.77,Q,,,,,,,,,,,,,false,false,false,false,true,true,false,false,false,false,true,false,false,false,POINT (115.74500274658203 -32.04316711425781)
soop_sst_nrt_trajectory_data.fid--687f1563_1926beee71d_3e6c,18891,517817407,VRDE7,OOCL Houston,,2017-01-21T01:59:00Z,Z,-32.0432,Z,115.7467,Z,,,,,,,,,,,,,21.3,Z,89.9823,Z,0.0436,Z,,,,,,,,,,,,,22.67,Q,,,,,,,,,,,,,false,false,false,false,true,true,false,false,false,false,true,false,false,false,POINT (115.74666595458984 -32.04316711425781)
soop_sst_nrt_trajectory_data.fid--687f1563_1926beee71d_3e6d,18891,517817408,VRDE7,OOCL Houston,,2017-01-21T02:59:00Z,Z,-32.0432,Z,115.7467,Z,,,,,,,,,,,,,20.1,Z,0,Z,0,Z,,,,,,,,,,,,,22.69,Q,,,,,,,,,,,,,false,false,false,false,true,true,false,false,false,false,true,false,false,false,POINT (115.74666595458984 -32.04316711425781)
soop_sst_nrt_trajectory_data.fid--687f1563_1926beee71d_3e6e,18891,517817409,VRDE7,OOCL Houston,,2017-01-21T03:59:00Z,Z,-32.0432,Z,115.7467,Z,,,,,,,,,,,,,18.2,Z,0,Z,0,Z,,,,,,,,,,,,,22.67,Q,,,,,,,,,,,,,false,false,false,false,true,true,false,false,false,false,true,false,false,false,POINT (115.74666595458984 -32.04316711425781)
soop_sst_nrt_trajectory_data.fid--687f1563_1926beee71d_3e6f,18891,517817410,VRDE7,OOCL Houston,,2017-01-21T04:59:00Z,Z,-32.0432,Z,115.7467,Z,,,,,,,,,,,,,19.9,Z,0,Z,0,Z,,,,,,,,,,,,,22.76,Q,,,,,,,,,,,,,false,false,false,false,true,true,false,false,false,false,true,false,false,false,POINT (115.74666595458984 -32.04316711425781)
soop_sst_nrt_trajectory_data.fid--687f1563_1926beee71d_3e70,18891,517817411,VRDE7,OOCL Houston,,2017-01-21T05:59:00Z,Z,-32.0432,Z,115.7467,Z,,,,,,,,,,,,,21.3,Z,0,Z,0,Z,,,,,,,,,,,,,22.71,Q,,,,,,,,,,,,,false,false,false,false,true,true,false,false,false,false,true,false,false,false,POINT (115.74666595458984 -32.04316711425781)
soop_sst_nrt_trajectory_data.fid--687f1563_1926beee71d_3e71,18891,517817412,VRDE7,OOCL Houston,,2017-01-21T06:59:00Z,Z,-32.0432,Z,115.7467,Z,,,,,,,,,,,,,20.7,Z,0,Z,0,Z,,,,,,,,,,,,,22.79,Q,,,,,,,,,,,,,false,false,false,false,true,true,false,false,false,false,true,false,false,false,POINT (115.74666595458984 -32.04316711425781)
soop_sst_nrt_trajectory_data.fid--687f1563_1926beee71d_3e72,18891,517817413,VRDE7,OOCL Houston,,2017-01-21T07:59:00Z,Z,-32.0432,Z,115.7467,Z,,,,,,,,,,,,,20.2,Z,0,Z,0,Z,,,,,,,,,,,,,22.9,Q,,,,,,,,,,,,,false,false,false,false,true,true,false,false,false,false,true,false,false,false,POINT (115.74666595458984 -32.04316711425781)
soop_sst_nrt_trajectory_data.fid--687f1563_1926beee71d_3e73,18891,517817414,VRDE7,OOCL Houston,,2017-01-21T08:59:00Z,Z,-31.9707,Z,115.6833,Z,,,,,,,,,,,,,23.3,Z,323.4538,Z,2.79,Z,,,,,,,,,,,,,22.29,Z,,,,,,,,,,,,,false,false,false,false,true,true,false,false,false,false,true,false,false,false,POINT (115.68333435058594 -31.970666885375977)
soop_sst_nrt_trajectory_data.fid--687f1563_1926beee71d_3e74,18891,517817415,VRDE7,OOCL Houston,,2017-01-21T09:59:00Z,Z,-31.7433,Z,115.485,Z,,,,,,,,,,,,,22.2,Z,323.4084,Z,8.7494,Z,,,,,,,,,,,,,20.86,Z,,,,,,,,,,,,,false,false,false,false,true,true,false,false,false,false,true,false,false,false,POINT (115.48500061035156 -31.74333381652832)
soop_sst_nrt_trajectory_data.fid--687f1563_1926beee71d_3e75,18891,517817416,VRDE7,OOCL Houston,,2017-01-21T10:59:00Z,Z,-31.4768,Z,115.305,Z,,,,,,,,,,,,,26.2,Z,330.0447,Z,9.5069,Z,,,,,,,,,,,,,20.65,Z,,,,,,,,,,,,,false,false,false,false,true,true,false,false,false,false,true,false,false,false,POINT (115.30500030517578 -31.47683334350586)
soop_sst_nrt_trajectory_data.fid--687f1563_1926beee71d_3e76,18891,517817417,VRDE7,OOCL Houston,,2017-01-21T11:59:00Z,Z,-31.2093,Z,115.1317,Z,,,,,,,,,,,,,23.6,Z,330.994,Z,9.454,Z,,,,,,,,,,,,,20.82,Z,,,,,,,,,,,,,false,false,false,false,true,true,false,false,false,false,true,false,false,false,POINT (115.13166809082031 -31.209333419799805)
soop_sst_nrt_trajectory_data.fid--687f1563_1926beee71d_3e77,18939,517818555,VRDE7,OOCL Houston,,2017-02-24T03:59:00Z,Z,-32.8292,Z,115.0483,Z,,,,,,,,,,,,,19.9,Z,15.119,Z,4.815,Z,,,,,,,,,,,,,21.14,Z,,,,,,,,,,,,,false,false,false,false,true,true,false,false,false,false,true,false,false,false,POINT (115.04833221435547 -32.829166412353516)
soop_sst_nrt_trajectory_data.fid--687f1563_1926beee71d_3e78,18939,517818556,VRDE7,OOCL Houston,,2017-02-24T04:59:00Z,Z,-32.6765,Z,115.095,Z,,,,,,,,,,,,,21.4,Z,14.4303,Z,4.8743,Z,,,,,,,,,,,,,21.02,Z,,,,,,,,,,,,,false,false,false,false,true,true,false,false,false,false,true,false,false,false,POINT (115.09500122070312 -32.67649841308594)
soop_sst_nrt_trajectory_data.fid--687f1563_1926beee71d_3e79,18939,517818557,VRDE7,OOCL Houston,,2017-02-24T05:59:00Z,Z,-32.5282,Z,115.145,Z,,,,,,,,,,,,,19.4,Z,15.866,Z,4.7681,Z,,,,,,,,,,,,,21.6,Z,,,,,,,,,,,,,false,false,false,false,true,true,false,false,false,false,true,false,false,false,POINT (115.1449966430664 -32.528167724609375)
soop_sst_nrt_trajectory_data.fid--687f1563_1926beee71d_3e7a,18939,517818558,VRDE7,OOCL Houston,,2017-02-24T06:59:00Z,Z,-32.3743,Z,115.1917,Z,,,,,,,,,,,,,20.8,Z,14.3721,Z,4.9103,Z,,,,,,,,,,,,,21.75,Z,,,,,,,,,,,,,false,false,false,false,true,true,false,false,false,false,true,false,false,false,POINT (115.19166564941406 -32.374332427978516)
soop_sst_nrt_trajectory_data.fid--687f1563_1926beee71d_3e7b,18939,517818559,VRDE7,OOCL Houston,,2017-02-24T07:59:00Z,Z,-32.225,Z,115.24,Z,,,,,,,,,,,,,21.5,Z,15.3138,Z,4.7874,Z,,,,,,,,,,,,,21.91,Z,,,,,,,,,,,,,false,false,false,false,true,true,false,false,false,false,true,false,false,false,POINT (115.23999786376953 -32.224998474121094)
soop_sst_nrt_trajectory_data.fid--687f1563_1926beee71d_3e7c,18939,517818560,VRDE7,OOCL Houston,,2017-02-24T08:58:00Z,Z,-32.0857,Z,115.28,Z,,,,,,,,,,,,,20,Z,13.6721,Z,4.4339,Z,,,,,,,,,,,,,22.11,Z,,,,,,,,,,,,,false,false,false,false,true,true,false,false,false,false,true,false,false,false,POINT (115.27999877929688 -32.08566665649414)
soop_sst_nrt_trajectory_data.fid--687f1563_1926beee71d_3e7d,18939,517818561,VRDE7,OOCL Houston,,2017-02-24T09:59:00Z,H,-31.9815,Z,115.3833,Z,,,,,,,,,,,,,19,Z,40.0901,Z,4.2087,Z,,,,,,,,,,,,,22.37,Z,,,,,,,,,,,,,false,false,false,false,true,true,false,false,false,false,true,false,false,false,POINT (115.38333129882812 -31.98150062561035)
soop_sst_nrt_trajectory_data.fid--687f1563_1926beee71d_3e7e,18939,517818562,VRDE7,OOCL Houston,,2017-02-24T10:59:00Z,Z,-31.933,Z,115.5483,Z,,,,,,,,,,,,,20.4,Z,70.9353,Z,4.5814,Z,,,,,,,,,,,,,21.91,Z,,,,,,,,,,,,,false,false,false,false,true,true,false,false,false,false,true,false,false,false,POINT (115.54833221435547 -31.933000564575195)
soop_sst_nrt_trajectory_data.fid--687f1563_1926beee71d_3e7f,18939,517818563,VRDE7,OOCL Houston,,2017-02-24T11:59:00Z,Z,-31.969,Z,115.6867,Z,,,,,,,,,,,,,22.4,Z,107.0873,Z,3.7964,Z,,,,,,,,,,,,,22.16,Z,,,,,,,,,,,,,false,false,false,false,true,true,false,false,false,false,true,false,false,false,POINT (115.6866683959961 -31.9689998626709)
soop_sst_nrt_trajectory_data.fid--687f1563_1926beee71d_3e80,18939,517818564,VRDE7,OOCL Houston,,2017-02-24T12:59:00Z,Z,-32.0565,Z,115.7117,Z,,,,,,,,,,,,,21.9,Z,166.3891,Z,2.784,Z,,,,,,,,,,,,,22.67,Z,,,,,,,,,,,,,false,false,false,false,true,true,false,false,false,false,true,false,false,false,POINT (115.711669921875 -32.05649948120117)
soop_sst_nrt_trajectory_data.fid--687f1563_1926beee71d_3e81,18939,517818565,VRDE7,OOCL Houston,,2017-02-24T13:59:00Z,Z,-32.0432,Z,115.745,Z,,,,,,,,,,,,,22.7,Z,64.7436,Z,0.966,Z,,,,,,,,,,,,,22.31,Q,,,,,,,,,,,,,false,false,false,false,true,true,false,false,false,false,true,false,false,false,POINT (115.74500274658203 -32.04316711425781)
soop_sst_nrt_trajectory_data.fid--687f1563_1926beee71d_3e82,18939,517818566,VRDE7,OOCL Houston,,2017-02-24T14:59:00Z,Z,-32.0432,Z,115.745,Z,,,,,,,,,,,,,22.5,Z,0,Z,0.0001,Z,,,,,,,,,,,,,22.32,Q,,,,,,,,,,,,,false,false,false,false,true,true,false,false,false,false,true,false,false,false,POINT (115.74500274658203 -32.04316711425781)
soop_sst_nrt_trajectory_data.fid--687f1563_1926beee71d_3e83,18939,517818567,VRDE7,OOCL Houston,,2017-02-24T15:59:00Z,Z,-32.0432,Z,115.745,Z,,,,,,,,,,,,,19.6,Z,0,Z,0.0001,Z,,,,,,,,,,,,,22.33,Q,,,,,,,,,,,,,false,false,false,false,true,true,false,false,false,false,true,false,false,false,POINT (115.74500274658203 -32.04316711425781)
soop_sst_nrt_trajectory_data.fid--687f1563_1926beee71d_3e84,18939,517818568,VRDE7,OOCL Houston,,2017-02-24T16:59:00Z,Z,-32.0432,Z,115.7467,Z,,,,,,,,,,,,,19.4,Z,89.9823,Z,0.0436,Z,,,,,,,,,,,,,22.38,Q,,,,,,,,,,,,,false,false,false,false,true,true,false,false,false,false,true,false,false,false,POINT (115.74666595458984 -32.04316711425781)
soop_sst_nrt_trajectory_data.fid--687f1563_1926beee71d_3e85,18939,517818569,VRDE7,OOCL Houston,,2017-02-24T17:59:00Z,Z,-32.0432,Z,115.745,Z,,,,,,,,,,,,,20.1,Z,270.0177,Z,0.0437,Z,,,,,,,,,,,,,22.6,Q,,,,,,,,,,,,,false,false,false,false,true,true,false,false,false,false,true,false,false,false,POINT (115.74500274658203 -32.04316711425781)
soop_sst_nrt_trajectory_data.fid--687f1563_1926beee71d_3e86,18939,517818570,VRDE7,OOCL Houston,,2017-02-24T18:59:00Z,Z,-32.0432,Z,115.7467,Z,,,,,,,,,,,,,17.3,Z,89.9823,Z,0.0436,Z,,,,,,,,,,,,,22.83,Q,,,,,,,,,,,,,false,false,false,false,true,true,false,false,false,false,true,false,false,false,POINT (115.74666595458984 -32.04316711425781)
soop_sst_nrt_trajectory_data.fid--687f1563_1926beee71d_3e87,18939,517818571,VRDE7,OOCL Houston,,2017-02-24T19:59:00Z,Z,-32.0432,Z,115.745,Z,,,,,,,,,,,,,21.5,Z,270.0177,Z,0.0437,Z,,,,,,,,,,,,,23,Q,,,,,,,,,,,,,false,false,false,false,true,true,false,false,false,false,true,false,false,false,POINT (115.74500274658203 -32.04316711425781)
soop_sst_nrt_trajectory_data.fid--687f1563_1926beee71d_3e88,18939,517818572,VRDE7,OOCL Houston,,2017-02-24T20:59:00Z,Z,-32.0432,Z,115.745,Z,,,,,,,,,,,,,21.8,Z,0,Z,0.0001,Z,,,,,,,,,,,,,22.93,Q,,,,,,,,,,,,,false,false,false,false,true,true,false,false,false,false,true,false,false,false,POINT (115.74500274658203 -32.04316711425781)
soop_sst_nrt_trajectory_data.fid--687f1563_1926beee71d_3e89,18939,517818573,VRDE7,OOCL Houston,,2017-02-24T21:59:00Z,Z,-32.0432,Z,115.745,Z,,,,,,,,,,,,,20.6,Z,0,Z,0.0001,Z,,,,,,,,,,,,,22.87,Q,,,,,,,,,,,,,false,false,false,false,true,true,false,false,false,false,true,false,false,false,POINT (115.74500274658203 -32.04316711425781)
soop_sst_nrt_trajectory_data.fid--687f1563_1926beee71d_3e8a,18939,517818574,VRDE7,OOCL Houston,,2017-02-24T22:59:00Z,Z,-32.0432,Z,115.745,Z,,,,,,,,,,,,,23.1,Z,0,Z,0.0001,Z,,,,,,,,,,,,,22.66,Q,,,,,,,,,,,,,false,false,false,false,true,true,false,false,false,false,true,false,false,false,POINT (115.74500274658203 -32.04316711425781)
soop_sst_nrt_trajectory_data.fid--687f1563_1926beee71d_3e8b,18939,517818575,VRDE7,OOCL Houston,,2017-02-24T23:59:00Z,Z,-32.0432,Z,115.745,Z,,,,,,,,,,,,,19.7,Z,0,Z,0.0001,Z,,,,,,,,,,,,,22.44,Q,,,,,,,,,,,,,false,false,false,false,true,true,false,false,false,false,true,false,false,false,POINT (115.74500274658203 -32.04316711425781)
soop_sst_nrt_trajectory_data.fid--687f1563_1926beee71d_3e8c,18941,517818600,VRDE7,OOCL Houston,,2017-02-25T00:59:00Z,Z,-32.0432,Z,115.745,Z,,,,,,,,,,,,,22.4,Z,0,Z,0.0001,Z,,,,,,,,,,,,,22.35,Q,,,,,,,,,,,,,false,false,false,false,true,true,false,false,false,false,true,false,false,false,POINT (115.74500274658203 -32.04316711425781)
soop_sst_nrt_trajectory_data.fid--687f1563_1926beee71d_3e8d,18941,517818601,VRDE7,OOCL Houston,,2017-02-25T01:59:00Z,Z,-32.0432,Z,115.745,Z,,,,,,,,,,,,,20,Z,0,Z,0.0001,Z,,,,,,,,,,,,,22.32,Q,,,,,,,,,,,,,false,false,false,false,true,true,false,false,false,false,true,false,false,false,POINT (115.74500274658203 -32.04316711425781)
soop_sst_nrt_trajectory_data.fid--687f1563_1926beee71d_3e8e,18941,517818602,VRDE7,OOCL Houston,,2017-02-25T02:59:00Z,Z,-32.0432,Z,115.745,Z,,,,,,,,,,,,,26.6,Z,0,Z,0.0001,Z,,,,,,,,,,,,,22.32,Q,,,,,,,,,,,,,false,false,false,false,true,true,false,false,false,false,true,false,false,false,POINT (115.74500274658203 -32.04316711425781)
soop_sst_nrt_trajectory_data.fid--687f1563_1926beee71d_3e8f,18941,517818603,VRDE7,OOCL Houston,,2017-02-25T03:59:00Z,Z,-32.0432,Z,115.745,Z,,,,,,,,,,,,,21.1,Z,0,Z,0.0001,Z,,,,,,,,,,,,,22.32,Q,,,,,,,,,,,,,false,false,false,false,true,true,false,false,false,false,true,false,false,false,POINT (115.74500274658203 -32.04316711425781)
soop_sst_nrt_trajectory_data.fid--687f1563_1926beee71d_3e90,18941,517818604,VRDE7,OOCL Houston,,2017-02-25T04:59:00Z,Z,-32.0432,Z,115.7467,Z,,,,,,,,,,,,,18.7,Z,89.9823,Z,0.0436,Z,,,,,,,,,,,,,22.31,Q,,,,,,,,,,,,,false,false,false,false,true,true,false,false,false,false,true,false,false,false,POINT (115.74666595458984 -32.04316711425781)
soop_sst_nrt_trajectory_data.fid--687f1563_1926beee71d_3e91,18941,517818605,VRDE7,OOCL Houston,,2017-02-25T05:59:00Z,Z,-32.0432,Z,115.745,Z,,,,,,,,,,,,,21,Z,270.0177,Z,0.0437,Z,,,,,,,,,,,,,22.36,Q,,,,,,,,,,,,,false,false,false,false,true,true,false,false,false,false,true,false,false,false,POINT (115.74500274658203 -32.04316711425781)
soop_sst_nrt_trajectory_data.fid--687f1563_1926beee71d_3e92,18941,517818606,VRDE7,OOCL Houston,,2017-02-25T06:59:00Z,Z,-32.0432,Z,115.745,Z,,,,,,,,,,,,,21.5,Z,0,Z,0.0001,Z,,,,,,,,,,,,,22.37,Q,,,,,,,,,,,,,false,false,false,false,true,true,false,false,false,false,true,false,false,false,POINT (115.74500274658203 -32.04316711425781)
soop_sst_nrt_trajectory_data.fid--687f1563_1926beee71d_3e93,18941,517818607,VRDE7,OOCL Houston,,2017-02-25T07:59:00Z,Z,-32.0432,Z,115.7467,Z,,,,,,,,,,,,,21.9,Z,89.9823,Z,0.0436,Z,,,,,,,,,,,,,22.56,Q,,,,,,,,,,,,,false,false,false,false,true,true,false,false,false,false,true,false,false,false,POINT (115.74666595458984 -32.04316711425781)
soop_sst_nrt_trajectory_data.fid--687f1563_1926beee71d_3e94,18941,517818608,VRDE7,OOCL Houston,,2017-02-25T09:59:00Z,H,-31.6945,Z,115.455,Z,,,,,,,,,,,,,22.7,Z,324.5322,Z,13.2254,Z,,,,,,,,,,,,,22,Z,,,,,,,,,,,,,false,false,false,false,true,true,false,false,false,false,true,false,false,false,POINT (115.45500183105469 -31.694499969482422)
soop_sst_nrt_trajectory_data.fid--687f1563_1926beee71d_3e95,18941,517818609,VRDE7,OOCL Houston,,2017-02-25T11:00:00Z,H,-31.4243,Z,115.2833,Z,,,,,,,,,,,,,23.6,Z,331.5222,Z,9.5001,Z,,,,,,,,,,,,,22.86,Z,,,,,,,,,,,,,false,false,false,false,true,true,false,false,false,false,true,false,false,false,POINT (115.28333282470703 -31.424333572387695)
soop_sst_nrt_trajectory_data.fid--687f1563_1926beee71d_3e96,18941,517818610,VRDE7,OOCL Houston,,2017-02-25T12:00:00Z,Z,-31.156,Z,115.1033,Z,,,,,,,,,,,,,25.4,Z,330.1304,Z,9.5641,Z,,,,,,,,,,,,,22.37,Z,,,,,,,,,,,,,false,false,false,false,true,true,false,false,false,false,true,false,false,false,POINT (115.10333251953125 -31.1560001373291)
