depth,time,dissic,ph,talk
0.49402538,2021-11-01,2.0989535,8.103275,2.4050581
0.49402538,2021-11-02,2.0993776,8.104945,2.4052298
0.49402538,2021-11-03,2.099802,8.101884,2.4054015
0.49402538,2021-11-04,2.100226,8.100146,2.405573
0.49402538,2021-11-05,2.1006503,8.101095,2.4057446
0.49402538,2021-11-06,2.1010745,8.101313,2.4059162
0.49402538,2021-11-07,2.1015863,8.102366,2.4060657
0.49402538,2021-11-08,2.1020985,8.103132,2.406215
0.49402538,2021-11-09,2.1026103,8.104322,2.4063644
0.49402538,2021-11-10,2.1031222,8.103899,2.4065137
0.49402538,2021-11-11,2.103634,8.10188,2.4066632
0.49402538,2021-11-12,2.104146,8.09994,2.4068127
0.49402538,2021-11-13,2.1046581,8.098333,2.406962
0.49402538,2021-11-14,2.104614,8.096695,2.407163
0.49402538,2021-11-15,2.10457,8.091766,2.407364
0.49402538,2021-11-16,2.1045258,8.084119,2.4075649
0.49402538,2021-11-17,2.1044817,8.077735,2.4077659
0.49402538,2021-11-18,2.1044374,8.078182,2.4079669
0.49402538,2021-11-19,2.1043932,8.082662,2.4081678
0.49402538,2021-11-20,2.1043491,8.081653,2.4083688
0.49402538,2021-11-21,2.1048365,8.078683,2.4085636
0.49402538,2021-11-22,2.1053236,8.079852,2.4087582
0.49402538,2021-11-23,2.1058109,8.080539,2.408953
0.49402538,2021-11-24,2.1062982,8.07745,2.4091475
0.49402538,2021-11-25,2.1067853,8.074527,2.4093423
0.49402538,2021-11-26,2.1072726,8.0715275,2.4095368
0.49402538,2021-11-27,2.10776,8.065695,2.4097316
0.49402538,2021-11-28,2.1080823,8.058915,2.4100113
0.49402538,2021-11-29,2.1084046,8.059817,2.410291
0.49402538,2021-11-30,2.1087272,8.065767,2.4105706
0.49402538,2021-12-01,2.1090496,8.06786,2.41085
0.49402538,2021-12-02,2.1093721,8.068441,2.4111297
0.49402538,2021-12-03,2.1096947,8.070035,2.4114096
0.49402538,2021-12-04,2.110017,8.070423,2.411689
0.49402538,2021-12-05,2.110046,8.069192,2.411925
0.49402538,2021-12-06,2.1100743,8.069344,2.4121614
0.49402538,2021-12-07,2.1101031,8.068707,2.4123976
0.49402538,2021-12-08,2.1101317,8.063135,2.4126337
0.49402538,2021-12-09,2.1101604,8.058309,2.4128697
0.49402538,2021-12-10,2.110189,8.059056,2.4131057
0.49402538,2021-12-11,2.1102176,8.059275,2.413342
0.49402538,2021-12-12,2.1103895,8.058971,2.4136121
0.49402538,2021-12-13,2.1105611,8.05993,2.4138823
0.49402538,2021-12-14,2.110733,8.060713,2.4141524
0.49402538,2021-12-15,2.1109047,8.062891,2.4144228
0.49402538,2021-12-16,2.1110766,8.0645685,2.4146926
0.49402538,2021-12-17,2.1112483,8.065249,2.414963
0.49402538,2021-12-18,2.1114204,8.065243,2.4152331
0.49402538,2021-12-19,2.1120124,8.062026,2.4157739
0.49402538,2021-12-20,2.1126046,8.059381,2.4163144
0.49402538,2021-12-21,2.113197,8.0593195,2.416855
0.49402538,2021-12-22,2.113789,8.058478,2.4173956
0.49402538,2021-12-23,2.1143816,8.057726,2.4179363
0.49402538,2021-12-24,2.1149738,8.057474,2.4184768
0.49402538,2021-12-25,2.1155658,8.055438,2.4190176
0.49402538,2021-12-26,2.1154459,8.050439,2.4190247
0.49402538,2021-12-27,2.1153257,8.044892,2.4190319
0.49402538,2021-12-28,2.1152058,8.039365,2.419039
0.49402538,2021-12-29,2.1150856,8.034152,2.4190462
0.49402538,2021-12-30,2.1149657,8.033847,2.4190533
0.49402538,2021-12-31,2.1148453,8.039071,2.4190602
0.49402538,2022-01-01,2.1147254,8.046071,2.4190674
0.49402538,2022-01-02,2.114743,8.050341,2.4191282
0.49402538,2022-01-03,2.1147606,8.050228,2.419189
0.49402538,2022-01-04,2.1147783,8.048992,2.4192498
0.49402538,2022-01-05,2.114796,8.046595,2.4193106
0.49402538,2022-01-06,2.1148138,8.041452,2.4193714
0.49402538,2022-01-07,2.1148312,8.039268,2.419432
0.49402538,2022-01-08,2.114849,8.042338,2.419493
0.49402538,2022-01-09,2.1148727,8.048757,2.4195065
0.49402538,2022-01-10,2.1148965,8.053908,2.4195201
0.49402538,2022-01-11,2.1149204,8.0539465,2.419534
0.49402538,2022-01-12,2.114944,8.049679,2.4195476
0.49402538,2022-01-13,2.1149676,8.047049,2.4195611
0.49402538,2022-01-14,2.1149914,8.047023,2.419575
0.49402538,2022-01-15,2.115015,8.047781,2.4195886
0.49402538,2022-01-16,2.115067,8.051366,2.4198291
0.49402538,2022-01-17,2.1151187,8.052069,2.4200695
0.49402538,2022-01-18,2.1151705,8.045951,2.4203098
0.49402538,2022-01-19,2.1152222,8.039594,2.4205503
0.49402538,2022-01-20,2.115274,8.035073,2.420791
0.49402538,2022-01-21,2.1153255,8.031342,2.421031
0.49402538,2022-01-22,2.1153772,8.029712,2.4212716
0.49402538,2022-01-23,2.1150188,8.028668,2.4209883
0.49402538,2022-01-24,2.1146607,8.032663,2.420705
0.49402538,2022-01-25,2.1143024,8.040037,2.4204214
0.49402538,2022-01-26,2.113944,8.044278,2.4201381
0.49402538,2022-01-27,2.1135857,8.045072,2.4198546
0.49402538,2022-01-28,2.1132274,8.044022,2.4195714
0.49402538,2022-01-29,2.112869,8.040268,2.4192882
0.49402538,2022-01-30,2.1129067,8.03692,2.4194257
0.49402538,2022-01-31,2.1129444,8.039574,2.4195633
0.49402538,2022-02-01,2.112982,8.044617,2.419701
0.49402538,2022-02-02,2.1130195,8.047472,2.4198387
0.49402538,2022-02-03,2.1130571,8.04546,2.4199767
0.49402538,2022-02-04,2.1130948,8.040825,2.4201143
0.49402538,2022-02-05,2.1131325,8.0359535,2.420252
0.49402538,2022-02-06,2.1133158,8.036186,2.4205225
0.49402538,2022-02-07,2.1134992,8.043105,2.4207928
0.49402538,2022-02-08,2.1136825,8.0443,2.4210634
0.49402538,2022-02-09,2.1138659,8.042698,2.4213338
0.49402538,2022-02-10,2.1140494,8.041628,2.4216044
0.49402538,2022-02-11,2.1142328,8.035928,2.4218748
0.49402538,2022-02-12,2.1144161,8.035279,2.4221451
0.49402538,2022-02-13,2.1140308,8.037895,2.422036
0.49402538,2022-02-14,2.1136456,8.033986,2.4219265
0.49402538,2022-02-15,2.11326,8.028756,2.4218168
0.49402538,2022-02-16,2.1128745,8.026784,2.4217076
0.49402538,2022-02-17,2.1124892,8.027266,2.4215982
0.49402538,2022-02-18,2.112104,8.027411,2.4214888
0.49402538,2022-02-19,2.1117187,8.0262,2.4213793
0.49402538,2022-02-20,2.111677,8.027443,2.4213023
0.49402538,2022-02-21,2.1116352,8.029499,2.4212253
0.49402538,2022-02-22,2.1115932,8.029577,2.421148
0.49402538,2022-02-23,2.1115515,8.029961,2.4210708
0.49402538,2022-02-24,2.1115098,8.03076,2.4209938
0.49402538,2022-02-25,2.1114678,8.030009,2.4209168
0.49402538,2022-02-26,2.111426,8.030905,2.4208395
0.49402538,2022-02-27,2.111478,8.033016,2.4209158
0.49402538,2022-02-28,2.1115303,8.031735,2.4209921
0.49402538,2022-03-01,2.1115825,8.032362,2.4210682
0.49402538,2022-03-02,2.1116345,8.035795,2.4211442
0.49402538,2022-03-03,2.1116867,8.039195,2.4212205
0.49402538,2022-03-04,2.1117387,8.04288,2.4212968
0.49402538,2022-03-05,2.111791,8.044494,2.4213731
0.49402538,2022-03-06,2.111336,8.043546,2.421242
0.49402538,2022-03-07,2.1108813,8.042964,2.421111
0.49402538,2022-03-08,2.1104264,8.042852,2.42098
0.49402538,2022-03-09,2.1099715,8.041613,2.4208488
0.49402538,2022-03-10,2.1095166,8.040268,2.420718
0.49402538,2022-03-11,2.109062,8.0385895,2.4205868
0.49402538,2022-03-12,2.1086073,8.037732,2.4204557
0.49402538,2022-03-13,2.1085427,8.036531,2.4204693
0.49402538,2022-03-14,2.1084783,8.03302,2.4204824
0.49402538,2022-03-15,2.1084142,8.0332775,2.420496
0.49402538,2022-03-16,2.1083498,8.035887,2.4205093
0.49402538,2022-03-17,2.1082854,8.035331,2.4205225
0.49402538,2022-03-18,2.108221,8.033949,2.420536
0.49402538,2022-03-19,2.108157,8.034941,2.4205492
0.49402538,2022-03-20,2.1081512,8.037029,2.4205182
0.49402538,2022-03-21,2.1081457,8.039317,2.4204876
0.49402538,2022-03-22,2.1081402,8.041971,2.4204566
0.49402538,2022-03-23,2.1081347,8.044374,2.4204257
0.49402538,2022-03-24,2.1081293,8.046213,2.4203947
0.49402538,2022-03-25,2.1081235,8.046144,2.4203637
0.49402538,2022-03-26,2.1081183,8.044113,2.420333
0.49402538,2022-03-27,2.1064994,8.045422,2.4191504
0.49402538,2022-03-28,2.1048808,8.048748,2.417968
0.49402538,2022-03-29,2.1032622,8.049645,2.4167857
0.49402538,2022-03-30,2.1016433,8.050401,2.4156032
0.49402538,2022-03-31,2.1000247,8.049718,2.4144208
0.49402538,2022-04-01,2.098406,8.048969,2.4132383
0.49402538,2022-04-02,2.0967875,8.046644,2.412056
0.49402538,2022-04-03,2.0964818,8.043152,2.4119053
0.49402538,2022-04-04,2.0961761,8.044792,2.4117544
0.49402538,2022-04-05,2.0958705,8.048458,2.4116037
0.49402538,2022-04-06,2.0955648,8.049578,2.411453
0.49402538,2022-04-07,2.0952592,8.049456,2.411302
0.49402538,2022-04-08,2.0949535,8.050669,2.4111514
0.49402538,2022-04-09,2.0946476,8.053745,2.4110007
0.49402538,2022-04-10,2.0946918,8.056341,2.411117
0.49402538,2022-04-11,2.0947359,8.057826,2.4112334
0.49402538,2022-04-12,2.09478,8.05888,2.41135
0.49402538,2022-04-13,2.094824,8.059819,2.4114664
0.49402538,2022-04-14,2.0948684,8.060241,2.4115827
0.49402538,2022-04-15,2.0949125,8.060131,2.411699
0.49402538,2022-04-16,2.0949566,8.060731,2.4118154
0.49402538,2022-04-17,2.094695,8.063059,2.411631
0.49402538,2022-04-18,2.0944338,8.064805,2.4114468
0.49402538,2022-04-19,2.0941725,8.065974,2.4112625
0.49402538,2022-04-20,2.0939112,8.067974,2.4110782
0.49402538,2022-04-21,2.0936496,8.070113,2.410894
0.49402538,2022-04-22,2.0933883,8.072269,2.4107096
0.49402538,2022-04-23,2.093127,8.073927,2.4105253
0.49402538,2022-04-24,2.0925977,8.0742,2.4099956
0.49402538,2022-04-25,2.0920682,8.0752535,2.4094658
0.49402538,2022-04-26,2.0915387,8.077486,2.4089358
0.49402538,2022-04-27,2.0910094,8.077755,2.408406
0.49402538,2022-04-28,2.0904799,8.076804,2.407876
0.49402538,2022-04-29,2.0899503,8.076936,2.407346
0.49402538,2022-04-30,2.0894208,8.078257,2.4068165
0.49402538,2022-05-01,2.0899038,8.080057,2.407219
0.49402538,2022-05-02,2.0903866,8.081379,2.4076214
0.49402538,2022-05-03,2.0908694,8.083492,2.4080238
0.49402538,2022-05-04,2.0913525,8.085206,2.4084265
0.49402538,2022-05-05,2.0918353,8.085322,2.408829
0.49402538,2022-05-06,2.0923185,8.0882635,2.4092317
0.49402538,2022-05-07,2.0928013,8.09309,2.4096339
0.49402538,2022-05-08,2.092097,8.093734,2.4088838
0.49402538,2022-05-09,2.0913925,8.093501,2.4081337
0.49402538,2022-05-10,2.0906882,8.095102,2.4073832
0.49402538,2022-05-11,2.089984,8.092552,2.4066331
0.49402538,2022-05-12,2.0892794,8.090367,2.405883
0.49402538,2022-05-13,2.0885751,8.094455,2.4051325
0.49402538,2022-05-14,2.0878706,8.097875,2.4043825
0.49402538,2022-05-15,2.086843,8.096031,2.4034126
0.49402538,2022-05-16,2.0858154,8.091661,2.4024427
0.49402538,2022-05-17,2.0847876,8.085179,2.4014726
0.49402538,2022-05-18,2.0837598,8.082534,2.4005027
0.49402538,2022-05-19,2.0827322,8.083649,2.3995326
0.49402538,2022-05-20,2.0817046,8.08059,2.3985627
0.49402538,2022-05-21,2.0806768,8.076596,2.3975928
0.49402538,2022-05-22,2.0801067,8.078225,2.3970525
0.49402538,2022-05-23,2.0795367,8.083609,2.3965125
0.49402538,2022-05-24,2.0789666,8.085585,2.3959723
0.49402538,2022-05-25,2.0783966,8.085815,2.3954325
0.49402538,2022-05-26,2.0778267,8.086286,2.3948922
0.49402538,2022-05-27,2.0772567,8.086375,2.394352
0.49402538,2022-05-28,2.0766866,8.086761,2.393812
0.49402538,2022-05-29,2.0770535,8.088746,2.3941343
0.49402538,2022-05-30,2.0774202,8.091075,2.3944569
0.49402538,2022-05-31,2.0777872,8.092439,2.3947792
0.49402538,2022-06-01,2.0781538,8.094009,2.3951015
0.49402538,2022-06-02,2.0785208,8.095431,2.395424
0.49402538,2022-06-03,2.0788877,8.09585,2.3957462
0.49402538,2022-06-04,2.0792544,8.096447,2.3960686
0.49402538,2022-06-05,2.078691,8.09832,2.3956153
0.49402538,2022-06-06,2.0781274,8.100449,2.395162
0.49402538,2022-06-07,2.0775635,8.101511,2.3947093
0.49402538,2022-06-08,2.0770001,8.104347,2.394256
0.49402538,2022-06-09,2.0764363,8.106955,2.393803
0.49402538,2022-06-10,2.075873,8.104913,2.39335
0.49402538,2022-06-11,2.075309,8.101736,2.392897
0.49402538,2022-06-12,2.0749335,8.10332,2.3927054
0.49402538,2022-06-13,2.074558,8.10407,2.392514
0.49402538,2022-06-14,2.0741825,8.102417,2.3923225
0.49402538,2022-06-15,2.073807,8.104307,2.3921313
0.49402538,2022-06-16,2.0734315,8.104812,2.3919399
0.49402538,2022-06-17,2.073056,8.102058,2.3917487
0.49402538,2022-06-18,2.0726805,8.101558,2.3915575
0.49402538,2022-06-19,2.0729275,8.102646,2.3919058
0.49402538,2022-06-20,2.0731747,8.10251,2.3922544
0.49402538,2022-06-21,2.0734217,8.101098,2.3926027
0.49402538,2022-06-22,2.073669,8.096638,2.3929515
0.49402538,2022-06-23,2.073916,8.091765,2.3932998
0.49402538,2022-06-24,2.0741632,8.090963,2.3936484
0.49402538,2022-06-25,2.0744102,8.092721,2.3939967
0.49402538,2022-06-26,2.0744534,8.095154,2.3941948
0.49402538,2022-06-27,2.0744967,8.096506,2.3943927
0.49402538,2022-06-28,2.07454,8.097522,2.3945909
0.49402538,2022-06-29,2.0745833,8.098996,2.3947887
0.49402538,2022-06-30,2.0746264,8.098108,2.3949866
0.49402538,2022-07-01,2.0746696,8.09549,2.3951848
0.49402538,2022-07-02,2.074713,8.095171,2.3953826
0.49402538,2022-07-03,2.0750134,8.098027,2.3956294
0.49402538,2022-07-04,2.0753138,8.103119,2.3958762
0.49402538,2022-07-05,2.075614,8.106901,2.396123
0.49402538,2022-07-06,2.0759144,8.10781,2.3963695
0.49402538,2022-07-07,2.076215,8.104557,2.3966162
0.49402538,2022-07-08,2.0765152,8.099581,2.3968632
0.49402538,2022-07-09,2.0768156,8.100542,2.39711
0.49402538,2022-07-10,2.0767882,8.106851,2.3970177
0.49402538,2022-07-11,2.0767605,8.110468,2.3969254
0.49402538,2022-07-12,2.0767329,8.111521,2.3968337
0.49402538,2022-07-13,2.0767052,8.112335,2.3967414
0.49402538,2022-07-14,2.0766778,8.115287,2.3966494
0.49402538,2022-07-15,2.0766501,8.121825,2.3965573
0.49402538,2022-07-16,2.0766227,8.123801,2.396465
0.49402538,2022-07-17,2.0768008,8.121638,2.3964438
0.49402538,2022-07-18,2.0769794,8.121843,2.3964226
0.49402538,2022-07-19,2.077158,8.122524,2.3964014
0.49402538,2022-07-20,2.0773365,8.122409,2.3963802
0.49402538,2022-07-21,2.0775151,8.120398,2.396359
0.49402538,2022-07-22,2.0776935,8.118672,2.3963377
0.49402538,2022-07-23,2.077872,8.118006,2.3963165
0.49402538,2022-07-24,2.0784004,8.117648,2.39658
0.49402538,2022-07-25,2.0789287,8.118703,2.3968434
0.49402538,2022-07-26,2.0794575,8.119367,2.397107
0.49402538,2022-07-27,2.0799859,8.117744,2.39737
0.49402538,2022-07-28,2.0805142,8.11482,2.3976336
0.49402538,2022-07-29,2.0810425,8.111524,2.397897
0.49402538,2022-07-30,2.081571,8.110625,2.3981605
0.49402538,2022-07-31,2.0818474,8.111482,2.3980618
0.49402538,2022-08-01,2.082124,8.110256,2.3979635
0.49402538,2022-08-02,2.0824003,8.108351,2.3978653
0.49402538,2022-08-03,2.082677,8.109612,2.397767
0.49402538,2022-08-04,2.0829532,8.112713,2.3976688
0.49402538,2022-08-05,2.0832298,8.114153,2.3975704
0.49402538,2022-08-06,2.083506,8.116107,2.397472
0.49402538,2022-08-07,2.0836763,8.11688,2.3974285
0.49402538,2022-08-08,2.083846,8.115817,2.3973851
0.49402538,2022-08-09,2.0840163,8.116708,2.397342
0.49402538,2022-08-10,2.084186,8.117157,2.3972986
0.49402538,2022-08-11,2.084356,8.117361,2.3972552
0.49402538,2022-08-12,2.084526,8.119052,2.3972118
0.49402538,2022-08-13,2.0846958,8.119894,2.3971684
0.49402538,2022-08-14,2.0846937,8.11827,2.3971622
0.49402538,2022-08-15,2.0846918,8.118319,2.3971558
0.49402538,2022-08-16,2.0846896,8.121193,2.3971493
0.49402538,2022-08-17,2.0846872,8.116349,2.3971431
0.49402538,2022-08-18,2.084685,8.109334,2.3971367
0.49402538,2022-08-19,2.0846832,8.107089,2.3971303
0.49402538,2022-08-20,2.0846808,8.10618,2.397124
0.49402538,2022-08-21,2.084606,8.105203,2.3971004
0.49402538,2022-08-22,2.0845306,8.104676,2.3970768
0.49402538,2022-08-23,2.0844555,8.105107,2.3970535
0.49402538,2022-08-24,2.0843804,8.10664,2.3970299
0.49402538,2022-08-25,2.0843053,8.110497,2.3970063
0.49402538,2022-08-26,2.0842302,8.1181345,2.3969827
0.49402538,2022-08-27,2.084155,8.124254,2.396959
0.49402538,2022-08-28,2.0839717,8.125482,2.3967814
0.49402538,2022-08-29,2.0837884,8.126262,2.3966038
0.49402538,2022-08-30,2.0836053,8.128626,2.3964262
0.49402538,2022-08-31,2.083422,8.129929,2.3962486
0.49402538,2022-09-01,2.0832386,8.129609,2.3960712
0.49402538,2022-09-02,2.0830553,8.130524,2.3958933
0.49402538,2022-09-03,2.082872,8.132137,2.3957157
0.49402538,2022-09-04,2.0829244,8.131058,2.3958488
0.49402538,2022-09-05,2.0829768,8.129195,2.3959813
0.49402538,2022-09-06,2.083029,8.12743,2.3961143
0.49402538,2022-09-07,2.0830815,8.124902,2.3962474
0.49402538,2022-09-08,2.0831337,8.123639,2.39638
0.49402538,2022-09-09,2.0831861,8.121134,2.396513
0.49402538,2022-09-10,2.0832386,8.118879,2.3966455
0.49402538,2022-09-11,2.0835369,8.117227,2.3966875
0.49402538,2022-09-12,2.0838351,8.116749,2.3967295
0.49402538,2022-09-13,2.0841336,8.118905,2.3967712
0.49402538,2022-09-14,2.084432,8.120309,2.3968132
0.49402538,2022-09-15,2.0847301,8.12151,2.396855
0.49402538,2022-09-16,2.0850286,8.122161,2.3968968
0.49402538,2022-09-17,2.0853267,8.120875,2.3969388
0.49402538,2022-09-18,2.0857835,8.120122,2.3971877
0.49402538,2022-09-19,2.08624,8.122179,2.3974369
0.49402538,2022-09-20,2.0866966,8.124038,2.3976862
0.49402538,2022-09-21,2.0871532,8.12379,2.3979352
0.49402538,2022-09-22,2.08761,8.123175,2.3981843
0.49402538,2022-09-23,2.0880666,8.122027,2.3984332
0.49402538,2022-09-24,2.0885231,8.122142,2.3986824
0.49402538,2022-09-25,2.088764,8.12093,2.3986773
0.49402538,2022-09-26,2.0890048,8.119293,2.3986726
0.49402538,2022-09-27,2.0892458,8.118567,2.3986676
0.49402538,2022-09-28,2.0894868,8.116905,2.3986628
0.49402538,2022-09-29,2.0897276,8.116491,2.3986578
0.49402538,2022-09-30,2.0899687,8.116028,2.398653
0.49402538,2022-10-01,2.0902092,8.115349,2.398648
0.49402538,2022-10-02,2.090611,8.115608,2.3988836
0.49402538,2022-10-03,2.0910122,8.114972,2.3991194
0.49402538,2022-10-04,2.091414,8.113046,2.3993552
0.49402538,2022-10-05,2.0918152,8.113293,2.3995907
0.49402538,2022-10-06,2.0922167,8.114183,2.3998265
0.49402538,2022-10-07,2.0926182,8.112278,2.400062
0.49402538,2022-10-08,2.0930197,8.10997,2.4002976
0.49402538,2022-10-09,2.0934415,8.108291,2.4005027
0.49402538,2022-10-10,2.0938632,8.109249,2.4007075
0.49402538,2022-10-11,2.0942852,8.11042,2.4009123
0.49402538,2022-10-12,2.094707,8.111089,2.4011173
0.49402538,2022-10-13,2.095129,8.111273,2.4013221
0.49402538,2022-10-14,2.0955508,8.109677,2.4015267
0.49402538,2022-10-15,2.0959728,8.108899,2.4017317
0.49402538,2022-10-16,2.096141,8.109931,2.4018734
0.49402538,2022-10-17,2.0963097,8.111343,2.402015
0.49402538,2022-10-18,2.096478,8.109941,2.4021564
0.49402538,2022-10-19,2.0966468,8.106974,2.4022977
0.49402538,2022-10-20,2.096815,8.103533,2.4024394
0.49402538,2022-10-21,2.0969837,8.099931,2.402581
0.49402538,2022-10-22,2.097152,8.096835,2.4027226
0.49402538,2022-10-23,2.0976715,8.097092,2.4027338
0.49402538,2022-10-24,2.098191,8.0994005,2.4027452
0.49402538,2022-10-25,2.0987103,8.100424,2.4027567
0.49402538,2022-10-26,2.0992296,8.099374,2.4027681
0.49402538,2022-10-27,2.099749,8.09873,2.4027796
0.49402538,2022-10-28,2.1002684,8.101641,2.4027908
0.49402538,2022-10-29,2.1007876,8.105447,2.4028022
0.49402538,2022-10-30,2.101342,8.108241,2.4029863
0.49402538,2022-10-31,2.1018963,8.108907,2.4031708
0.49402538,2022-11-01,2.1024504,8.109184,2.4033554
0.49402538,2022-11-02,2.1051989,8.107967,2.4040053
0.49402538,2022-11-03,2.1045525,8.102224,2.4039998
0.49402538,2022-11-04,2.1035564,8.101809,2.4040287
0.49402538,2022-11-05,2.103793,8.105688,2.4040985
0.49402538,2022-11-06,2.1043024,8.1060095,2.4040883
0.49402538,2022-11-07,2.1047094,8.102685,2.4042714
0.49402538,2022-11-08,2.1046672,8.099522,2.4044516
0.49402538,2022-11-09,2.1039634,8.097527,2.4046733
0.49402538,2022-11-10,2.102844,8.0974045,2.4046474
0.49402538,2022-11-11,2.1038015,8.099122,2.404965
0.49402538,2022-11-12,2.104862,8.100084,2.4053557
0.49402538,2022-11-13,2.105927,8.099366,2.4058306
0.49402538,2022-11-14,2.1066148,8.098123,2.4062445
0.49402538,2022-11-15,2.1070232,8.097261,2.406568
0.49402538,2022-11-16,2.1068397,8.095021,2.406418
0.49402538,2022-11-17,2.106417,8.095811,2.4060867
0.49402538,2022-11-18,2.1062837,8.098748,2.4062104
0.49402538,2022-11-19,2.1061707,8.099466,2.406329
0.49402538,2022-11-20,2.1068294,8.097517,2.4066892
0.49402538,2022-11-21,2.1076803,8.094261,2.407065
0.49402538,2022-11-22,2.1081977,8.08836,2.407334
0.49402538,2022-11-23,2.106046,8.085739,2.4068952
0.49402538,2022-11-24,2.1054049,8.085255,2.4073665
0.49402538,2022-11-25,2.1050224,8.082223,2.4074988
0.49402538,2022-11-26,2.1061783,8.0810585,2.4078789
0.49402538,2022-11-27,2.1073403,8.081506,2.408141
0.49402538,2022-11-28,2.1076941,8.082073,2.4081461
0.49402538,2022-11-29,2.1080825,8.079322,2.4083471
0.49402538,2022-11-30,2.106707,8.0768175,2.4080613
0.49402538,2022-12-01,2.1063168,8.075559,2.408205
0.49402538,2022-12-02,2.107052,8.073516,2.4087107
0.49402538,2022-12-03,2.10812,8.071816,2.4091792
0.49402538,2022-12-04,2.108309,8.07159,2.4091682
0.49402538,2022-12-05,2.108562,8.071822,2.4093397
0.49402538,2022-12-06,2.1092355,8.0727005,2.4098594
0.49402538,2022-12-07,2.109764,8.073853,2.4102871
0.49402538,2022-12-08,2.1103292,8.073168,2.4107702
0.49402538,2022-12-09,2.1107662,8.071251,2.4112606
0.49402538,2022-12-10,2.1114135,8.070645,2.4117808
0.49402538,2022-12-11,2.1117218,8.071505,2.4120734
0.49402538,2022-12-12,2.1116955,8.072489,2.4120936
0.49402538,2022-12-13,2.1117425,8.074615,2.4121995
0.49402538,2022-12-14,2.1126497,8.074556,2.412927
0.49402538,2022-12-15,2.1133504,8.071535,2.413532
0.49402538,2022-12-16,2.1136973,8.069501,2.4139025
0.49402538,2022-12-17,2.113928,8.068192,2.4141574
0.49402538,2022-12-18,2.1143203,8.065794,2.414589
0.49402538,2022-12-19,2.1148255,8.062939,2.4151213
0.49402538,2022-12-20,2.1154602,8.0604,2.4157915
0.49402538,2022-12-21,2.1152318,8.056885,2.4160223
0.49402538,2022-12-22,2.1143215,8.052919,2.4156213
0.49402538,2022-12-23,2.1144867,8.047757,2.4158983
0.49402538,2022-12-24,2.1143858,8.045112,2.415839
0.49402538,2022-12-25,2.1142678,8.046953,2.4157684
0.49402538,2022-12-26,2.1141438,8.050157,2.4156096
0.49402538,2022-12-27,2.1144032,8.052536,2.4156804
0.49402538,2022-12-28,2.1147664,8.053724,2.4159298
0.49402538,2022-12-29,2.1152856,8.053624,2.416397
0.49402538,2022-12-30,2.1152728,8.051032,2.4165878
0.49402538,2022-12-31,2.115866,8.051948,2.41718
0.49402538,2023-01-01,2.116403,8.055207,2.4175744
0.49402538,2023-01-02,2.1166878,8.056845,2.4177907
0.49402538,2023-01-03,2.1171448,8.058031,2.4182305
0.49402538,2023-01-04,2.1179574,8.057762,2.4190524
0.49402538,2023-01-05,2.117949,8.05479,2.419206
0.49402538,2023-01-06,2.1174762,8.054385,2.4187727
0.49402538,2023-01-07,2.1170561,8.059263,2.4183338
0.49402538,2023-01-08,2.1167457,8.063041,2.4180229
0.49402538,2023-01-09,2.1172256,8.062981,2.4183018
0.49402538,2023-01-10,2.1180189,8.05981,2.419013
0.49402538,2023-01-11,2.1192145,8.058153,2.4203212
0.49402538,2023-01-12,2.1202672,8.056468,2.4214098
0.49402538,2023-01-13,2.1203587,8.054654,2.421451
0.49402538,2023-01-14,2.1187668,8.056235,2.4199708
0.49402538,2023-01-15,2.1162934,8.059499,2.417859
0.49402538,2023-01-16,2.1156266,8.06287,2.4175427
0.49402538,2023-01-17,2.1152544,8.065178,2.4174151
0.49402538,2023-01-18,2.115924,8.066834,2.4181528
0.49402538,2023-01-19,2.117766,8.065039,2.4198701
0.49402538,2023-01-20,2.1183956,8.056306,2.4203804
0.49402538,2023-01-21,2.1172163,8.044917,2.4192135
0.49402538,2023-01-22,2.1150582,8.038195,2.4174218
0.49402538,2023-01-23,2.1148014,8.03366,2.4174953
0.49402538,2023-01-24,2.1169538,8.033646,2.4198167
0.49402538,2023-01-25,2.1189117,8.0400915,2.4217496
0.49402538,2023-01-26,2.118439,8.044419,2.4212315
0.49402538,2023-01-27,2.1168535,8.047974,2.4197428
0.49402538,2023-01-28,2.1153436,8.051735,2.4183724
0.49402538,2023-01-29,2.114942,8.053121,2.418018
0.49402538,2023-01-30,2.115767,8.0498,2.4188821
0.49402538,2023-01-31,2.1168425,8.045557,2.4201255
0.49402538,2023-02-01,2.1175382,8.045552,2.421024
0.49402538,2023-02-02,2.1176121,8.04688,2.4212465
0.49402538,2023-02-03,2.1180546,8.046776,2.4219422
0.49402538,2023-02-04,2.1156387,8.045331,2.4202776
0.49402538,2023-02-05,2.110791,8.042863,2.416533
0.49402538,2023-02-06,2.110679,8.041139,2.416733
0.49402538,2023-02-07,2.11206,8.040707,2.4181237
0.49402538,2023-02-08,2.1132832,8.039365,2.4192843
0.49402538,2023-02-09,2.114007,8.038465,2.4196444
0.49402538,2023-02-10,2.1137643,8.038348,2.4192474
0.49402538,2023-02-11,2.1139288,8.039569,2.4192452
0.49402538,2023-02-12,2.1142592,8.040372,2.4195113
0.49402538,2023-02-13,2.1143012,8.039179,2.4195619
0.49402538,2023-02-14,2.1143236,8.039603,2.4195952
0.49402538,2023-02-15,2.114463,8.040862,2.419794
0.49402538,2023-02-16,2.1143725,8.039464,2.4198284
0.49402538,2023-02-17,2.1140673,8.039425,2.4196334
0.49402538,2023-02-18,2.1139271,8.040258,2.4195757
0.49402538,2023-02-19,2.1142273,8.040381,2.4198134
0.49402538,2023-02-20,2.11468,8.039783,2.4203343
0.49402538,2023-02-21,2.113991,8.035057,2.4200864
0.49402538,2023-02-22,2.1142633,8.034089,2.4202538
0.49402538,2023-02-23,2.115438,8.038739,2.4210258
0.49402538,2023-02-24,2.1160467,8.043252,2.4213028
0.49402538,2023-02-25,2.1164818,8.046582,2.421682
0.49402538,2023-02-26,2.1169052,8.045962,2.422574
0.49402538,2023-02-27,2.1154473,8.043012,2.4219341
0.49402538,2023-02-28,2.1137018,8.040897,2.420897
0.49402538,2023-03-01,2.112437,8.038945,2.4201205
0.49402538,2023-03-02,2.1104696,8.035733,2.4185925
0.49402538,2023-03-03,2.110948,8.033887,2.4190886
0.49402538,2023-03-04,2.1126523,8.036151,2.4204326
0.49402538,2023-03-05,2.1143668,8.039547,2.4213815
0.49402538,2023-03-06,2.1152923,8.042009,2.4216657
0.49402538,2023-03-07,2.1156487,8.044446,2.4216897
0.49402538,2023-03-08,2.115447,8.045856,2.421564
0.49402538,2023-03-09,2.1146162,8.045164,2.4212992
0.49402538,2023-03-10,2.114291,8.043866,2.4213006
0.49402538,2023-03-11,2.113951,8.042568,2.4211602
0.49402538,2023-03-12,2.1139355,8.040113,2.4211967
0.49402538,2023-03-13,2.1143143,8.039322,2.421422
0.49402538,2023-03-14,2.1147654,8.03968,2.4217134
0.49402538,2023-03-15,2.1148114,8.037925,2.4217975
0.49402538,2023-03-16,2.1140816,8.037548,2.4214478
0.49402538,2023-03-17,2.1147368,8.039913,2.422
0.49402538,2023-03-18,2.1157122,8.041357,2.422697
0.49402538,2023-03-19,2.116062,8.042276,2.4229217
0.49402538,2023-03-20,2.116185,8.042682,2.4231148
0.49402538,2023-03-21,2.1153245,8.040535,2.422861
0.49402538,2023-03-22,2.113477,8.039785,2.4217577
0.49402538,2023-03-23,2.1115806,8.039274,2.4204245
0.49402538,2023-03-24,2.1093993,8.038983,2.418659
0.49402538,2023-03-25,2.1079168,8.039923,2.4174147
0.49402538,2023-03-26,2.1087248,8.040573,2.418168
0.49402538,2023-03-27,2.110297,8.041957,2.4196155
0.49402538,2023-03-28,2.1117215,8.043264,2.4205613
0.49402538,2023-03-29,2.1121252,8.044264,2.4206579
0.49402538,2023-03-30,2.1119504,8.045328,2.4205601
0.49402538,2023-03-31,2.1097858,8.046822,2.4190402
0.49402538,2023-04-01,2.1067452,8.047578,2.416653
0.49402538,2023-04-02,2.1055079,8.046739,2.4157166
0.49402538,2023-04-03,2.1061697,8.046115,2.4163854
0.49402538,2023-04-04,2.1078374,8.047223,2.4178734
0.49402538,2023-04-05,2.1092389,8.048314,2.419153
0.49402538,2023-04-06,2.1096334,8.049106,2.4194343
0.49402538,2023-04-07,2.1090336,8.050462,2.4190521
0.49402538,2023-04-08,2.108841,8.052564,2.4190392
0.49402538,2023-04-09,2.1071103,8.054591,2.417826
0.49402538,2023-04-10,2.1029956,8.057247,2.4148595
0.49402538,2023-04-11,2.099915,8.060029,2.412698
0.49402538,2023-04-12,2.0995564,8.059638,2.4124901
0.49402538,2023-04-13,2.09988,8.0597725,2.4127383
0.49402538,2023-04-14,2.1036685,8.063791,2.4157317
0.49402538,2023-04-15,2.1060596,8.066624,2.417132
0.49402538,2023-04-16,2.1066723,8.0642605,2.417445
0.49402538,2023-04-17,2.1066933,8.062701,2.417578
0.49402538,2023-04-18,2.10651,8.065196,2.4175658
0.49402538,2023-04-19,2.1051316,8.067872,2.4168062
0.49402538,2023-04-20,2.1002011,8.071341,2.4134684
0.49402538,2023-04-21,2.0954823,8.074143,2.4101658
0.49402538,2023-04-22,2.0928748,8.0739975,2.408298
0.49402538,2023-04-23,2.0923512,8.073484,2.4078362
0.49402538,2023-04-24,2.0934315,8.075146,2.4085217
0.49402538,2023-04-25,2.093983,8.078522,2.408776
0.49402538,2023-04-26,2.0939589,8.081741,2.4087322
0.49402538,2023-04-27,2.094638,8.08423,2.4092991
0.49402538,2023-04-28,2.0972717,8.085326,2.41154
0.49402538,2023-04-29,2.098887,8.085478,2.4127462
0.49402538,2023-04-30,2.0997682,8.085777,2.4132905
0.49402538,2023-05-01,2.1003237,8.087148,2.4137566
0.49402538,2023-05-02,2.09965,8.088912,2.4132886
0.49402538,2023-05-03,2.097256,8.089835,2.4114096
0.49402538,2023-05-04,2.0972738,8.090508,2.411462
0.49402538,2023-05-05,2.096935,8.091193,2.4110944
0.49402538,2023-05-06,2.0951505,8.091094,2.4093263
0.49402538,2023-05-07,2.0945354,8.091482,2.4083405
0.49402538,2023-05-08,2.0945451,8.089832,2.4080858
0.49402538,2023-05-09,2.0940282,8.087676,2.407443
0.49402538,2023-05-10,2.093868,8.086578,2.407274
0.49402538,2023-05-11,2.0934534,8.085223,2.4069734
0.49402538,2023-05-12,2.092523,8.085598,2.4061556
0.49402538,2023-05-13,2.0923479,8.08637,2.4060874
0.49402538,2023-05-14,2.092371,8.086952,2.4062066
0.49402538,2023-05-15,2.091858,8.087728,2.4058423
0.49402538,2023-05-16,2.091635,8.088122,2.4056423
0.49402538,2023-05-17,2.0914865,8.088093,2.4054728
0.49402538,2023-05-18,2.0909872,8.088379,2.4050171
0.49402538,2023-05-19,2.0905075,8.089019,2.404657
0.49402538,2023-05-20,2.0904834,8.0903,2.404684
0.49402538,2023-05-21,2.0899286,8.092392,2.404344
0.49402538,2023-05-22,2.0888133,8.0946865,2.4035091
0.49402538,2023-05-23,2.0879352,8.095813,2.4026053
0.49402538,2023-05-24,2.0885904,8.095521,2.4031565
0.49402538,2023-05-25,2.0893235,8.096014,2.4038165
0.49402538,2023-05-26,2.08945,8.097913,2.4039237
0.49402538,2023-05-27,2.0893438,8.09894,2.4037058
0.49402538,2023-05-28,2.0893378,8.098804,2.4036257
0.49402538,2023-05-29,2.0887926,8.099917,2.4030435
0.49402538,2023-05-30,2.0875144,8.097449,2.4015248
0.49402538,2023-05-31,2.0865898,8.090532,2.400471
0.49402538,2023-06-01,2.0879135,8.087752,2.401822
0.49402538,2023-06-02,2.0887554,8.088862,2.4026442
0.49402538,2023-06-03,2.0886662,8.090774,2.4024632
0.49402538,2023-06-04,2.0879996,8.091806,2.4011436
0.49402538,2023-06-05,2.0883992,8.092934,2.4007783
0.49402538,2023-06-06,2.08952,8.096028,2.4013748
0.49402538,2023-06-07,2.090412,8.099354,2.402014
0.49402538,2023-06-08,2.0906696,8.10073,2.4020026
0.49402538,2023-06-09,2.0906107,8.100709,2.4016306
0.49402538,2023-06-10,2.09066,8.100058,2.401506
0.49402538,2023-06-11,2.0913713,8.100796,2.402165
0.49402538,2023-06-12,2.0913036,8.102936,2.4021676
0.49402538,2023-06-13,2.0905335,8.104868,2.4015048
0.49402538,2023-06-14,2.089982,8.105935,2.401157
0.49402538,2023-06-15,2.090087,8.107103,2.4012074
0.49402538,2023-06-16,2.0907855,8.109145,2.4017186
0.49402538,2023-06-17,2.090928,8.111181,2.402045
0.49402538,2023-06-18,2.0903647,8.112737,2.401744
0.49402538,2023-06-19,2.0893178,8.113976,2.4008613
0.49402538,2023-06-20,2.0893025,8.11486,2.400687
0.49402538,2023-06-21,2.089871,8.11632,2.4008713
0.49402538,2023-06-22,2.0907366,8.118282,2.401172
0.49402538,2023-06-23,2.091634,8.121389,2.4014554
0.49402538,2023-06-24,2.0921285,8.124978,2.4013412
0.49402538,2023-06-25,2.0925238,8.128171,2.401394
0.49402538,2023-06-26,2.0931036,8.131736,2.4016352
0.49402538,2023-06-27,2.0935256,8.135033,2.4018078
0.49402538,2023-06-28,2.0932548,8.137286,2.4016588
0.49402538,2023-06-29,2.0923467,8.137641,2.401355
0.49402538,2023-06-30,2.0916944,8.136474,2.4010553
0.49402538,2023-07-01,2.0910494,8.138091,2.4008727
0.49402538,2023-07-02,2.0910227,8.138394,2.401238
0.49402538,2023-07-03,2.0915198,8.13186,2.4016297
0.49402538,2023-07-04,2.0921016,8.127014,2.4018996
0.49402538,2023-07-05,2.0925255,8.126618,2.4020712
0.49402538,2023-07-06,2.0928028,8.125884,2.4020464
0.49402538,2023-07-07,2.0926814,8.124892,2.401821
0.49402538,2023-07-08,2.0923665,8.122243,2.401427
0.49402538,2023-07-09,2.0917466,8.120086,2.4011767
0.49402538,2023-07-10,2.0910406,8.121971,2.4010925
0.49402538,2023-07-11,2.0906837,8.122616,2.4009855
0.49402538,2023-07-12,2.091186,8.118339,2.4009414
0.49402538,2023-07-13,2.0917156,8.112186,2.4011247
0.49402538,2023-07-14,2.091971,8.109734,2.4012537
0.49402538,2023-07-15,2.0921142,8.11205,2.401399
0.49402538,2023-07-16,2.0921164,8.115409,2.4014206
0.49402538,2023-07-17,2.0910876,8.118781,2.400954
0.49402538,2023-07-18,2.0899158,8.120136,2.400349
0.49402538,2023-07-19,2.090084,8.119952,2.4008176
0.49402538,2023-07-20,2.0904515,8.120011,2.4007835
0.49402538,2023-07-21,2.0907717,8.120561,2.4006596
0.49402538,2023-07-22,2.0909157,8.122936,2.400723
0.49402538,2023-07-23,2.0907931,8.125905,2.4008436
0.49402538,2023-07-24,2.0902808,8.128666,2.400905
0.49402538,2023-07-25,2.0899034,8.127799,2.4006338
0.49402538,2023-07-26,2.0903935,8.125293,2.4009435
0.49402538,2023-07-27,2.0907235,8.126841,2.4010792
0.49402538,2023-07-28,2.0909815,8.12899,2.4014647
0.49402538,2023-07-29,2.0908778,8.127736,2.4016414
0.49402538,2023-07-30,2.0908475,8.124605,2.4015572
0.49402538,2023-07-31,2.0904756,8.122745,2.4015703
0.49402538,2023-08-01,2.0903838,8.123544,2.4016166
0.49402538,2023-08-02,2.090815,8.124172,2.4017315
0.49402538,2023-08-03,2.090891,8.124857,2.4017794
0.49402538,2023-08-04,2.091031,8.125861,2.4018395
0.49402538,2023-08-05,2.0910866,8.126755,2.4018135
0.49402538,2023-08-06,2.0912757,8.126697,2.401747
0.49402538,2023-08-07,2.0914342,8.123678,2.4018648
0.49402538,2023-08-08,2.0917916,8.122075,2.401953
0.49402538,2023-08-09,2.0920422,8.122436,2.4021432
0.49402538,2023-08-10,2.0921595,8.122953,2.4019263
0.49402538,2023-08-11,2.092167,8.123613,2.4017925
0.49402538,2023-08-12,2.0921469,8.125268,2.4017053
0.49402538,2023-08-13,2.0923233,8.126488,2.4018505
0.49402538,2023-08-14,2.0926516,8.125646,2.402226
0.49402538,2023-08-15,2.0929744,8.123379,2.4020648
0.49402538,2023-08-16,2.0935886,8.122886,2.4021032
0.49402538,2023-08-17,2.0939865,8.121754,2.4015415
0.49402538,2023-08-18,2.0942914,8.119503,2.401372
0.49402538,2023-08-19,2.0945234,8.118709,2.4014852
0.49402538,2023-08-20,2.0946195,8.117711,2.4015632
0.49402538,2023-08-21,2.094397,8.119276,2.4013693
0.49402538,2023-08-22,2.0941741,8.122181,2.4009542
0.49402538,2023-08-23,2.0940232,8.123097,2.4006429
0.49402538,2023-08-24,2.093882,8.123527,2.4005547
0.49402538,2023-08-25,2.0940971,8.123563,2.4013135
0.49402538,2023-08-26,2.094257,8.11881,2.4023569
0.49402538,2023-08-27,2.0941544,8.109988,2.4025142
0.49402538,2023-08-28,2.0933862,8.107594,2.402349
0.49402538,2023-08-29,2.0931816,8.113134,2.401958
0.49402538,2023-08-30,2.093163,8.117746,2.4016957
0.49402538,2023-08-31,2.0933173,8.117285,2.4019852
0.49402538,2023-09-01,2.0941615,8.1164875,2.4027467
0.49402538,2023-09-02,2.0950665,8.116555,2.4030688
0.49402538,2023-09-03,2.0958622,8.118009,2.4034722
0.49402538,2023-09-04,2.0965185,8.119351,2.4037
0.49402538,2023-09-05,2.097159,8.118577,2.4039178
0.49402538,2023-09-06,2.097513,8.118195,2.403877
0.49402538,2023-09-07,2.097501,8.118996,2.4034061
0.49402538,2023-09-08,2.0979776,8.119869,2.4037333
0.49402538,2023-09-09,2.0989232,8.116823,2.40466
0.49402538,2023-09-10,2.0999722,8.108931,2.405472
0.49402538,2023-09-11,2.1002374,8.101782,2.405578
0.49402538,2023-09-12,2.0994067,8.098779,2.405006
0.49402538,2023-09-13,2.099524,8.101297,2.4048522
0.49402538,2023-09-14,2.0995805,8.103829,2.4052072
0.49402538,2023-09-15,2.099608,8.102862,2.4053922
0.49402538,2023-09-16,2.0997355,8.099408,2.405563
0.49402538,2023-09-17,2.0994835,8.098725,2.4050915
0.49402538,2023-09-18,2.0995371,8.100433,2.4046571
0.49402538,2023-09-19,2.0997472,8.100826,2.404488
0.49402538,2023-09-20,2.1000955,8.099787,2.4045424
0.49402538,2023-09-21,2.1002183,8.098316,2.4044714
0.49402538,2023-09-22,2.100455,8.098434,2.4046042
0.49402538,2023-09-23,2.1006448,8.100358,2.4046497
0.49402538,2023-09-24,2.100897,8.101124,2.4046538
0.49402538,2023-09-25,2.1012766,8.101461,2.4046998
0.49402538,2023-09-26,2.1017897,8.102312,2.404704
0.49402538,2023-09-27,2.102256,8.098804,2.4043748
0.49402538,2023-09-28,2.101932,8.094173,2.404205
0.49402538,2023-09-29,2.102138,8.093875,2.4047668
0.49402538,2023-09-30,2.1017716,8.095779,2.4048996
0.49402538,2023-10-01,2.1020339,8.097435,2.405303
0.49402538,2023-10-02,2.1025903,8.097966,2.405892
0.49402538,2023-10-03,2.1030247,8.098135,2.4058454
0.49402538,2023-10-04,2.103481,8.097527,2.4056337
0.49402538,2023-10-05,2.1039538,8.097426,2.4056091
0.49402538,2023-10-06,2.1044185,8.096762,2.405745
0.49402538,2023-10-07,2.1042244,8.093845,2.4060109
0.49402538,2023-10-08,2.1039708,8.091301,2.40644
0.49402538,2023-10-09,2.1038551,8.0898695,2.4065166
0.49402538,2023-10-10,2.1042073,8.09129,2.4064765
0.49402538,2023-10-11,2.104822,8.094366,2.4065778
0.49402538,2023-10-12,2.1055112,8.095192,2.4067147
0.49402538,2023-10-13,2.1060743,8.0941925,2.4068987
0.49402538,2023-10-14,2.1065543,8.093059,2.4070966
0.49402538,2023-10-15,2.1070766,8.091991,2.407412
0.49402538,2023-10-16,2.1071913,8.089045,2.4075484
0.49402538,2023-10-17,2.1066704,8.087437,2.407583
0.49402538,2023-10-18,2.1067228,8.087417,2.4077685
0.49402538,2023-10-19,2.1071477,8.086564,2.4079652
0.49402538,2023-10-20,2.1075327,8.085888,2.4081013
0.49402538,2023-10-21,2.1073294,8.082965,2.407976
0.49402538,2023-10-22,2.1072562,8.08352,2.4079475
0.49402538,2023-10-23,2.1078131,8.088043,2.4082823
0.49402538,2023-10-24,2.108585,8.089302,2.4086246
0.49402538,2023-10-25,2.1088572,8.086988,2.4088058
0.49402538,2023-10-26,2.108705,8.085296,2.4089122
0.49402538,2023-10-27,2.1095328,8.087266,2.409199
0.49402538,2023-10-28,2.1105382,8.089196,2.40948
0.49402538,2023-10-29,2.111095,8.090301,2.4096885
0.49402538,2023-10-30,2.1118863,8.092416,2.410129
0.49402538,2023-10-31,2.1126578,8.092599,2.4105117
0.49402538,2023-11-01,2.1133513,8.090186,2.4109013
0.49402538,2023-11-02,2.1140172,8.088182,2.4113293
0.49402538,2023-11-03,2.1144896,8.086787,2.4117024
0.49402538,2023-11-04,2.1128457,8.085557,2.4110682
0.49402538,2023-11-05,2.1118011,8.081576,2.4109879
0.49402538,2023-11-06,2.1118307,8.075619,2.411241
0.49402538,2023-11-07,2.1125946,8.076245,2.411808
0.49402538,2023-11-08,2.1133091,8.076103,2.4122374
0.49402538,2023-11-09,2.1134474,8.075429,2.4122393
0.49402538,2023-11-10,2.113994,8.079196,2.4123852
0.49402538,2023-11-11,2.1146584,8.080766,2.4125602
0.49402538,2023-11-12,2.1149316,8.080827,2.4127476
0.49402538,2023-11-13,2.1155326,8.079542,2.4132156
0.49402538,2023-11-14,2.1162386,8.075574,2.413742
0.49402538,2023-11-15,2.1159675,8.068364,2.4136517
0.49402538,2023-11-16,2.1163254,8.067642,2.4140885
0.49402538,2023-11-17,2.1165884,8.068028,2.4144073
0.49402538,2023-11-18,2.1169133,8.067471,2.4147336
0.49402538,2023-11-19,2.117272,8.066128,2.4151387
0.49402538,2023-11-20,2.1173766,8.06527,2.4153688
0.49402538,2023-11-21,2.1175861,8.064179,2.4156673
0.49402538,2023-11-22,2.118026,8.062866,2.4160678
0.49402538,2023-11-23,2.1181543,8.058413,2.4160979
0.49402538,2023-11-24,2.1177356,8.051767,2.4157207
0.49402538,2023-11-25,2.1176584,8.045442,2.4157515
0.49402538,2023-11-26,2.1170301,8.042101,2.4153397
0.49402538,2023-11-27,2.116076,8.0414715,2.414761
0.49402538,2023-11-28,2.1153312,8.040651,2.4144604
0.49402538,2023-11-29,2.1156588,8.03938,2.4150405
0.49402538,2023-11-30,2.1173656,8.0375185,2.4165995
0.49402538,2023-12-01,2.1188886,8.035051,2.4179842
0.49402538,2023-12-02,2.1197414,8.033567,2.4189503
0.49402538,2023-12-03,2.120495,8.033063,2.4198332
0.49402538,2023-12-04,2.120921,8.032435,2.4204044
0.49402538,2023-12-05,2.1184149,8.036811,2.4180546
0.49402538,2023-12-06,2.1168537,8.044332,2.4167905
0.49402538,2023-12-07,2.1171045,8.047348,2.4171126
0.49402538,2023-12-08,2.118182,8.047378,2.4180694
0.49402538,2023-12-09,2.119423,8.049024,2.4192588
0.49402538,2023-12-10,2.120787,8.050989,2.420726
0.49402538,2023-12-11,2.1225545,8.050507,2.4227798
0.49402538,2023-12-12,2.1236684,8.046347,2.424187
0.49402538,2023-12-13,2.1232538,8.042129,2.4239128
0.49402538,2023-12-14,2.1231217,8.041773,2.4238536
0.49402538,2023-12-15,2.1244392,8.04191,2.4253776
0.49402538,2023-12-16,2.1252224,8.040733,2.4262834
0.49402538,2023-12-17,2.1245182,8.040813,2.4254692
0.49402538,2023-12-18,2.1245816,8.041742,2.425512
0.49402538,2023-12-19,2.1256762,8.041677,2.4267402
0.49402538,2023-12-20,2.127491,8.040445,2.4288874
0.49402538,2023-12-21,2.129005,8.037977,2.4308605
0.49402538,2023-12-22,2.1282787,8.032888,2.4301999
0.49402538,2023-12-23,2.1270342,8.031152,2.4287288
0.49402538,2023-12-24,2.128264,8.033831,2.4302547
0.49402538,2023-12-25,2.1290479,8.032711,2.4312518
0.49402538,2023-12-26,2.1292653,8.030357,2.4315877
0.49402538,2023-12-27,2.12997,8.030995,2.4325223
0.49402538,2023-12-28,2.129664,8.03278,2.432111
0.49402538,2023-12-29,2.128255,8.035557,2.4301755
0.49402538,2023-12-30,2.1282976,8.038623,2.4301233
0.49402538,2023-12-31,2.128673,8.038029,2.4306166
0.49402538,2024-01-01,2.1282997,8.036316,2.4300964
0.49402538,2024-01-02,2.1282067,8.037284,2.4298353
0.49402538,2024-01-03,2.127595,8.039999,2.4289184
0.49402538,2024-01-04,2.1280255,8.042607,2.429426
0.49402538,2024-01-05,2.1291,8.043338,2.4308393
0.49402538,2024-01-06,2.131234,8.042184,2.4336095
0.49402538,2024-01-07,2.1330576,8.03992,2.4359748
0.49402538,2024-01-08,2.1323922,8.037833,2.435095
0.49402538,2024-01-09,2.1306572,8.038732,2.432975
0.49402538,2024-01-10,2.1302154,8.038882,2.4325461
0.49402538,2024-01-11,2.1319034,8.035659,2.4347951
0.49402538,2024-01-12,2.1338449,8.03168,2.4373994
0.49402538,2024-01-13,2.1355093,8.026601,2.4397326
0.49402538,2024-01-14,2.1348739,8.020317,2.4389408
0.49402538,2024-01-15,2.1325867,8.016374,2.436122
0.49402538,2024-01-16,2.1296864,8.012104,2.4330597
0.49402538,2024-01-17,2.1275973,8.009458,2.4312298
0.49402538,2024-01-18,2.127966,8.012945,2.4320626
0.49402538,2024-01-19,2.1318955,8.016259,2.4369297
0.49402538,2024-01-20,2.1341245,8.016229,2.4397113
0.49402538,2024-01-21,2.1326556,8.018687,2.437995
0.49402538,2024-01-22,2.1311305,8.023011,2.4361396
0.49402538,2024-01-23,2.1284256,8.026281,2.4325626
0.49402538,2024-01-24,2.1240125,8.03379,2.4265428
0.49402538,2024-01-25,2.1217377,8.04422,2.42314
0.49402538,2024-01-26,2.1221325,8.047702,2.4232895
0.49402538,2024-01-27,2.1245873,8.041604,2.426505
0.49402538,2024-01-28,2.1275725,8.038394,2.430492
0.49402538,2024-01-29,2.1289551,8.042921,2.432275
0.49402538,2024-01-30,2.1285067,8.04623,2.431522
0.49402538,2024-01-31,2.1289363,8.043606,2.4319983
0.49402538,2024-02-01,2.1304848,8.038226,2.4341764
0.49402538,2024-02-02,2.1295943,8.03539,2.433169
0.49402538,2024-02-03,2.125295,8.039572,2.4275458
0.49402538,2024-02-04,2.1242964,8.049882,2.4260297
0.49402538,2024-02-05,2.1246574,8.055069,2.4262855
0.49402538,2024-02-06,2.1261492,8.052392,2.427855
0.49402538,2024-02-07,2.1285055,8.047372,2.4305813
0.49402538,2024-02-08,2.1306589,8.043482,2.4333246
0.49402538,2024-02-09,2.1305492,8.041947,2.4334028
0.49402538,2024-02-10,2.1285384,8.041011,2.4310331
0.49402538,2024-02-11,2.129042,8.040065,2.431848
0.49402538,2024-02-12,2.1291924,8.040336,2.4321182
0.49402538,2024-02-13,2.128649,8.042653,2.4312527
0.49402538,2024-02-14,2.1283247,8.043117,2.4305124
0.49402538,2024-02-15,2.1290448,8.040551,2.4313214
0.49402538,2024-02-16,2.1298742,8.037977,2.432583
0.49402538,2024-02-17,2.1301713,8.037045,2.4332008
0.49402538,2024-02-18,2.1311057,8.036395,2.4345117
0.49402538,2024-02-19,2.1318374,8.03172,2.435603
0.49402538,2024-02-20,2.1300359,8.024054,2.433606
0.49402538,2024-02-21,2.1285503,8.024346,2.4318852
0.49402538,2024-02-22,2.1284702,8.031607,2.4317625
0.49402538,2024-02-23,2.1284962,8.035507,2.4318094
0.49402538,2024-02-24,2.1277976,8.036066,2.431031
0.49402538,2024-02-25,2.127435,8.0364485,2.4307196
0.49402538,2024-02-26,2.1266005,8.035879,2.4297805
0.49402538,2024-02-27,2.124726,8.037828,2.427389
0.49402538,2024-02-28,2.1232047,8.04082,2.425288
0.49402538,2024-02-29,2.1226046,8.042384,2.4243884
0.49402538,2024-03-01,2.123184,8.043279,2.4249096
0.49402538,2024-03-02,2.1236377,8.044664,2.4254293
0.49402538,2024-03-03,2.122818,8.042565,2.4246724
0.49402538,2024-03-04,2.1226592,8.040406,2.424866
0.49402538,2024-03-05,2.1236098,8.042466,2.42575
0.49402538,2024-03-06,2.1244693,8.042289,2.4262269
0.49402538,2024-03-07,2.125481,8.039274,2.4274092
0.49402538,2024-03-08,2.124406,8.038468,2.426338
0.49402538,2024-03-09,2.1243393,8.042787,2.4259748
0.49402538,2024-03-10,2.1237283,8.045729,2.4247797
0.49402538,2024-03-11,2.1232688,8.045711,2.4240294
0.49402538,2024-03-12,2.1234972,8.045907,2.424188
0.49402538,2024-03-13,2.1242287,8.045661,2.4250302
0.49402538,2024-03-14,2.1254232,8.044173,2.4265447
0.49402538,2024-03-15,2.1270976,8.042008,2.4286895
0.49402538,2024-03-16,2.127329,8.04018,2.4290967
0.49402538,2024-03-17,2.1251447,8.040451,2.4266832
0.49402538,2024-03-18,2.1229565,8.044037,2.4241722
0.49402538,2024-03-19,2.1225147,8.0479,2.4236555
0.49402538,2024-03-20,2.1231203,8.049511,2.4243383
0.49402538,2024-03-21,2.1236093,8.04995,2.424901
0.49402538,2024-03-22,2.1240401,8.050674,2.4256651
0.49402538,2024-03-23,2.124452,8.051901,2.4263718
0.49402538,2024-03-24,2.1247926,8.052483,2.4267466
0.49402538,2024-03-25,2.125136,8.052445,2.4272096
0.49402538,2024-03-26,2.1264842,8.051781,2.4287634
0.49402538,2024-03-27,2.1268241,8.050733,2.4292765
0.49402538,2024-03-28,2.1252482,8.050315,2.4280581
0.49402538,2024-03-29,2.1234682,8.04978,2.4267926
0.49402538,2024-03-30,2.1220598,8.048474,2.4255798
0.49402538,2024-03-31,2.1206582,8.049028,2.4241707
0.49402538,2024-04-01,2.1198497,8.050996,2.42339
0.49402538,2024-04-02,2.1195037,8.051997,2.4230902
0.49402538,2024-04-03,2.1205642,8.05202,2.4240792
0.49402538,2024-04-04,2.1219745,8.052783,2.4256291
0.49402538,2024-04-05,2.1211777,8.053632,2.4254122
0.49402538,2024-04-06,2.1197822,8.052982,2.424507
0.49402538,2024-04-07,2.1195793,8.052595,2.424679
0.49402538,2024-04-08,2.120203,8.053431,2.4256625
0.49402538,2024-04-09,2.1210308,8.054758,2.426668
0.49402538,2024-04-10,2.1206737,8.056077,2.426503
0.49402538,2024-04-11,2.119626,8.057003,2.4256942
0.49402538,2024-04-12,2.118746,8.05762,2.4250169
0.49402538,2024-04-13,2.1180346,8.057884,2.424406
0.49402538,2024-04-14,2.1186974,8.057972,2.425087
0.49402538,2024-04-15,2.1206305,8.057886,2.426845
0.49402538,2024-04-16,2.1219845,8.057635,2.428011
0.49402538,2024-04-17,2.1229095,8.05699,2.4288874
0.49402538,2024-04-18,2.1216362,8.056567,2.4278986
0.49402538,2024-04-19,2.120803,8.0561905,2.4273891
0.49402538,2024-04-20,2.1215467,8.056335,2.428191
0.49402538,2024-04-21,2.120921,8.056995,2.4275646
0.49402538,2024-04-22,2.1218717,8.058186,2.4285202
0.49402538,2024-04-23,2.1230621,8.060519,2.4298842
0.49402538,2024-04-24,2.122447,8.062379,2.4295862
0.49402538,2024-04-25,2.123621,8.063961,2.4306452
0.49402538,2024-04-26,2.120054,8.065007,2.4274771
0.49402538,2024-04-27,2.1165574,8.061511,2.424482
0.49402538,2024-04-28,2.1168017,8.058336,2.424749
0.49402538,2024-04-29,2.1174293,8.05835,2.42538
0.49402538,2024-04-30,2.1169558,8.059412,2.4248817
0.49402538,2024-05-01,2.1151772,8.060712,2.4230196
0.49402538,2024-05-02,2.1133204,8.06133,2.4210951
0.49402538,2024-05-03,2.113512,8.061241,2.421232
0.49402538,2024-05-04,2.1149793,8.061491,2.422643
0.49402538,2024-05-05,2.1155913,8.062233,2.4233797
0.49402538,2024-05-06,2.1156695,8.062752,2.4237182
0.49402538,2024-05-07,2.1163342,8.063561,2.4244063
0.49402538,2024-05-08,2.1150322,8.064284,2.423475
0.49402538,2024-05-09,2.1109338,8.064882,2.420269
0.49402538,2024-05-10,2.106018,8.064262,2.4162958
0.49402538,2024-05-11,2.1036837,8.060715,2.414225
0.49402538,2024-05-12,2.1033862,8.059208,2.4139526
0.49402538,2024-05-13,2.1027648,8.0594845,2.4134374
0.49402538,2024-05-14,2.1031978,8.058443,2.4140108
0.49402538,2024-05-15,2.1049633,8.058214,2.4156635
0.49402538,2024-05-16,2.1047633,8.058901,2.4154828
0.49402538,2024-05-17,2.1023223,8.0595255,2.4137611
0.49402538,2024-05-18,2.098683,8.061269,2.411697
0.49402538,2024-05-19,2.0954359,8.06181,2.4100792
0.49402538,2024-05-20,2.0941594,8.062484,2.4097085
0.49402538,2024-05-21,2.0938413,8.06431,2.409893
0.49402538,2024-05-22,2.095461,8.064801,2.411253
0.49402538,2024-05-23,2.0965097,8.0661125,2.4119148
0.49402538,2024-05-24,2.09328,8.0679245,2.4090607
0.49402538,2024-05-25,2.0895483,8.062478,2.4059095
0.49402538,2024-05-26,2.0878253,8.054392,2.404698
0.49402538,2024-05-27,2.0872436,8.052117,2.4041996
0.49402538,2024-05-28,2.0869565,8.05472,2.4036384
0.49402538,2024-05-29,2.0878344,8.062214,2.404227
0.49402538,2024-05-30,2.0885406,8.07017,2.404574
0.49402538,2024-05-31,2.0884247,8.072174,2.4042556
0.49402538,2024-06-01,2.0879035,8.070173,2.403445
0.49402538,2024-06-02,2.087709,8.072386,2.4027557
0.49402538,2024-06-03,2.0877483,8.077567,2.4026341
0.49402538,2024-06-04,2.087307,8.079678,2.4023397
0.49402538,2024-06-05,2.0866466,8.0798,2.4020963
0.49402538,2024-06-06,2.0855436,8.079267,2.4011247
0.49402538,2024-06-07,2.084488,8.077921,2.4002047
0.49402538,2024-06-08,2.0834837,8.076931,2.3992133
0.49402538,2024-06-09,2.08276,8.079735,2.398269
0.49402538,2024-06-10,2.082733,8.083807,2.3982873
0.49402538,2024-06-11,2.082777,8.084869,2.3984747
0.49402538,2024-06-12,2.0826907,8.0832815,2.3985736
0.49402538,2024-06-13,2.0828154,8.081287,2.3989477
0.49402538,2024-06-14,2.0828922,8.082183,2.3992991
0.49402538,2024-06-15,2.0830204,8.084885,2.3996289
0.49402538,2024-06-16,2.083488,8.085776,2.400211
0.49402538,2024-06-17,2.0842087,8.084766,2.4009006
0.49402538,2024-06-18,2.084828,8.084692,2.4014478
0.49402538,2024-06-19,2.0854118,8.087215,2.4018962
0.49402538,2024-06-20,2.0858297,8.090823,2.4022553
0.49402538,2024-06-21,2.087055,8.091649,2.403037
0.49402538,2024-06-22,2.0886097,8.090719,2.4041924
0.49402538,2024-06-23,2.0893812,8.09078,2.404894
0.49402538,2024-06-24,2.0898666,8.092087,2.405439
0.49402538,2024-06-25,2.0905025,8.093533,2.4062004
0.49402538,2024-06-26,2.090321,8.095187,2.4061382
0.49402538,2024-06-27,2.0900204,8.096669,2.4058678
0.49402538,2024-06-28,2.0903862,8.097897,2.4060237
0.49402538,2024-06-29,2.0910108,8.099844,2.4063938
0.49402538,2024-06-30,2.0913913,8.101931,2.4066432
0.49402538,2024-07-01,2.0913,8.10256,2.4065337
0.49402538,2024-07-02,2.091549,8.101951,2.406629
0.49402538,2024-07-03,2.0925107,8.102703,2.4072008
0.49402538,2024-07-04,2.0934088,8.104134,2.4077241
0.49402538,2024-07-05,2.0942354,8.106062,2.408272
0.49402538,2024-07-06,2.0938663,8.106742,2.407893
0.49402538,2024-07-07,2.0930696,8.10226,2.4071994
0.49402538,2024-07-08,2.0927372,8.097117,2.4069197
0.49402538,2024-07-09,2.0925484,8.096445,2.4066608
0.49402538,2024-07-10,2.092324,8.098703,2.406444
0.49402538,2024-07-11,2.0926387,8.098981,2.4065163
0.49402538,2024-07-12,2.0930328,8.098473,2.4066827
0.49402538,2024-07-13,2.0929232,8.100661,2.406722
0.49402538,2024-07-14,2.0923054,8.103789,2.406385
0.49402538,2024-07-15,2.091875,8.102871,2.4060254
0.49402538,2024-07-16,2.0919266,8.099902,2.4059331
0.49402538,2024-07-17,2.092517,8.098598,2.4057932
0.49402538,2024-07-18,2.0937667,8.097143,2.4060342
0.49402538,2024-07-19,2.0947492,8.097549,2.4064193
0.49402538,2024-07-20,2.0951736,8.097762,2.4065375
0.49402538,2024-07-21,2.0947247,8.09801,2.4061081
0.49402538,2024-07-22,2.0934567,8.101,2.4045868
0.49402538,2024-07-23,2.0927029,8.103752,2.4034505
0.49402538,2024-07-24,2.0927567,8.10502,2.403169
0.49402538,2024-07-25,2.092614,8.106023,2.4027858
0.49402538,2024-07-26,2.0926175,8.104831,2.4027514
0.49402538,2024-07-27,2.0927415,8.100926,2.4031591
0.49402538,2024-07-28,2.0920973,8.099031,2.4029415
0.49402538,2024-07-29,2.0911198,8.098983,2.4023917
0.49402538,2024-07-30,2.0906365,8.098642,2.4022121
0.49402538,2024-07-31,2.0904992,8.098644,2.4020135
0.49402538,2024-08-01,2.0902534,8.100732,2.4017797
0.49402538,2024-08-02,2.0902493,8.102788,2.4018364
0.49402538,2024-08-03,2.0902333,8.103898,2.4018993
0.49402538,2024-08-04,2.089918,8.105146,2.4018478
0.49402538,2024-08-05,2.0891385,8.105596,2.4013844
0.49402538,2024-08-06,2.087684,8.104325,2.3995733
0.49402538,2024-08-07,2.0866408,8.103925,2.3983178
0.49402538,2024-08-08,2.0867565,8.104553,2.3985558
0.49402538,2024-08-09,2.08694,8.104238,2.398803
0.49402538,2024-08-10,2.0865512,8.104262,2.3985925
0.49402538,2024-08-11,2.0865223,8.105332,2.3988175
0.49402538,2024-08-12,2.086448,8.107012,2.3989878
0.49402538,2024-08-13,2.0859313,8.108583,2.398698
0.49402538,2024-08-14,2.0859175,8.110082,2.3986413
0.49402538,2024-08-15,2.0862706,8.111419,2.3988113
0.49402538,2024-08-16,2.0866005,8.111524,2.398965
0.49402538,2024-08-17,2.0866072,8.110951,2.398453
0.49402538,2024-08-18,2.0865836,8.111463,2.3975785
0.49402538,2024-08-19,2.0866625,8.114055,2.3965511
0.49402538,2024-08-20,2.0868833,8.117,2.3964283
0.49402538,2024-08-21,2.0871303,8.114483,2.3969743
0.49402538,2024-08-22,2.0882227,8.110558,2.3980327
0.49402538,2024-08-23,2.0896752,8.109111,2.3988187
0.49402538,2024-08-24,2.0909557,8.108283,2.3995867
0.49402538,2024-08-25,2.0920517,8.107119,2.4003932
0.49402538,2024-08-26,2.0931165,8.1052065,2.401214
0.49402538,2024-08-27,2.0942848,8.103285,2.4020905
0.49402538,2024-08-28,2.095103,8.10153,2.4026349
0.49402538,2024-08-29,2.0958517,8.10002,2.4030862
0.49402538,2024-08-30,2.0965247,8.099603,2.403526
0.49402538,2024-08-31,2.0969455,8.100636,2.4035518
0.49402538,2024-09-01,2.0970752,8.102505,2.40327
0.49402538,2024-09-02,2.0969648,8.10278,2.4028218
0.49402538,2024-09-03,2.0969765,8.102817,2.4027886
0.49402538,2024-09-04,2.0977936,8.10114,2.403592
0.49402538,2024-09-05,2.098844,8.098723,2.4045513
0.49402538,2024-09-06,2.099341,8.098846,2.4048822
0.49402538,2024-09-07,2.0994294,8.098852,2.404686
0.49402538,2024-09-08,2.0994277,8.097803,2.4042468
0.49402538,2024-09-09,2.0992677,8.097194,2.403315
0.49402538,2024-09-10,2.0991516,8.098745,2.4023368
0.49402538,2024-09-11,2.0992475,8.100633,2.4018574
0.49402538,2024-09-12,2.0994563,8.099611,2.4016805
0.49402538,2024-09-13,2.0996706,8.097362,2.4016662
0.49402538,2024-09-14,2.0999558,8.096533,2.401851
0.49402538,2024-09-15,2.1003542,8.096356,2.4020245
0.49402538,2024-09-16,2.1008232,8.095782,2.4021704
0.49402538,2024-09-17,2.1010914,8.094664,2.4022887
0.49402538,2024-09-18,2.1012897,8.094492,2.402457
0.49402538,2024-09-19,2.1016998,8.095172,2.4030204
0.49402538,2024-09-20,2.1022737,8.09557,2.4038563
0.49402538,2024-09-21,2.10314,8.096835,2.404529
0.49402538,2024-09-22,2.1039844,8.097718,2.4049742
0.49402538,2024-09-23,2.104866,8.097074,2.4053485
0.49402538,2024-09-24,2.1059995,8.096433,2.405842
0.49402538,2024-09-25,2.106986,8.095759,2.4063325
0.49402538,2024-09-26,2.106971,8.095057,2.4061756
0.49402538,2024-09-27,2.1070125,8.096244,2.40618
0.49402538,2024-09-28,2.1072495,8.0982485,2.406422
0.49402538,2024-09-29,2.1073627,8.098159,2.4066467
0.49402538,2024-09-30,2.1077268,8.096928,2.4068692
0.49402538,2024-10-01,2.108137,8.096154,2.406969
0.49402538,2024-10-02,2.1081738,8.097289,2.406953
0.49402538,2024-10-03,2.108124,8.09987,2.4071069
0.49402538,2024-10-04,2.108513,8.100348,2.4072661
0.49402538,2024-10-05,2.109259,8.097229,2.4073906
0.49402538,2024-10-06,2.1100843,8.093844,2.4075522
0.49402538,2024-10-07,2.11079,8.091364,2.4077976
0.49402538,2024-10-08,2.1103835,8.091351,2.4078412
0.49402538,2024-10-09,2.1106858,8.092612,2.4081228
0.49402538,2024-10-10,2.1111922,8.09308,2.4085503
0.49402538,2024-10-11,2.1110315,8.093275,2.408689
