depth,latitude,longitude,time,dissic,ph,talk
0.49402538,-32.25,115.25,2021-11-01,2.0995266,8.10166,2.406144
0.49402538,-32.25,115.25,2021-11-02,2.0998507,8.103171,2.4063256
0.49402538,-32.25,115.25,2021-11-03,2.1001744,8.099102,2.406507
0.49402538,-32.25,115.25,2021-11-04,2.1004982,8.0969925,2.4066885
0.49402538,-32.25,115.25,2021-11-05,2.100822,8.098841,2.40687
0.49402538,-32.25,115.25,2021-11-06,2.101146,8.099114,2.4070513
0.49402538,-32.25,115.25,2021-11-07,2.1014037,8.099678,2.4072134
0.49402538,-32.25,115.25,2021-11-08,2.101662,8.099753,2.4073753
0.49402538,-32.25,115.25,2021-11-09,2.10192,8.09967,2.4075372
0.49402538,-32.25,115.25,2021-11-10,2.1021776,8.098681,2.4076993
0.49402538,-32.25,115.25,2021-11-11,2.1024358,8.098596,2.4078612
0.49402538,-32.25,115.25,2021-11-12,2.1026938,8.09902,2.408023
0.49402538,-32.25,115.25,2021-11-13,2.1029515,8.098232,2.408185
0.49402538,-32.25,115.25,2021-11-14,2.1030874,8.096523,2.4082758
0.49402538,-32.25,115.25,2021-11-15,2.103223,8.089935,2.4083667
0.49402538,-32.25,115.25,2021-11-16,2.103359,8.0837,2.4084573
0.49402538,-32.25,115.25,2021-11-17,2.103495,8.080115,2.408548
0.49402538,-32.25,115.25,2021-11-18,2.1036305,8.081349,2.408639
0.49402538,-32.25,115.25,2021-11-19,2.1037664,8.084728,2.4087298
0.49402538,-32.25,115.25,2021-11-20,2.103902,8.081636,2.4088204
0.49402538,-32.25,115.25,2021-11-21,2.1041865,8.077282,2.4089348
0.49402538,-32.25,115.25,2021-11-22,2.104471,8.079333,2.4090493
0.49402538,-32.25,115.25,2021-11-23,2.1047554,8.0816345,2.4091635
0.49402538,-32.25,115.25,2021-11-24,2.1050398,8.078721,2.409278
0.49402538,-32.25,115.25,2021-11-25,2.1053243,8.07589,2.4093924
0.49402538,-32.25,115.25,2021-11-26,2.1056085,8.073222,2.4095066
0.49402538,-32.25,115.25,2021-11-27,2.105893,8.066659,2.409621
0.49402538,-32.25,115.25,2021-11-28,2.1056683,8.061739,2.4095526
0.49402538,-32.25,115.25,2021-11-29,2.105444,8.065552,2.4094844
0.49402538,-32.25,115.25,2021-11-30,2.1052194,8.071693,2.4094157
0.49402538,-32.25,115.25,2021-12-01,2.1049948,8.07351,2.4093475
0.49402538,-32.25,115.25,2021-12-02,2.1047702,8.074539,2.4092789
0.49402538,-32.25,115.25,2021-12-03,2.1045458,8.075747,2.4092107
0.49402538,-32.25,115.25,2021-12-04,2.1043212,8.074568,2.409142
0.49402538,-32.25,115.25,2021-12-05,2.1039898,8.072986,2.4090989
0.49402538,-32.25,115.25,2021-12-06,2.1036587,8.074327,2.4090555
0.49402538,-32.25,115.25,2021-12-07,2.103327,8.07335,2.4090123
0.49402538,-32.25,115.25,2021-12-08,2.1029956,8.066415,2.408969
0.49402538,-32.25,115.25,2021-12-09,2.1026642,8.062475,2.4089255
0.49402538,-32.25,115.25,2021-12-10,2.1023328,8.065313,2.4088821
0.49402538,-32.25,115.25,2021-12-11,2.1020014,8.067406,2.408839
0.49402538,-32.25,115.25,2021-12-12,2.1021614,8.069389,2.408985
0.49402538,-32.25,115.25,2021-12-13,2.1023216,8.0715275,2.4091306
0.49402538,-32.25,115.25,2021-12-14,2.1024816,8.072178,2.4092765
0.49402538,-32.25,115.25,2021-12-15,2.1026416,8.073002,2.4094224
0.49402538,-32.25,115.25,2021-12-16,2.1028016,8.073208,2.409568
0.49402538,-32.25,115.25,2021-12-17,2.1029615,8.073761,2.409714
0.49402538,-32.25,115.25,2021-12-18,2.1031218,8.074132,2.40986
0.49402538,-32.25,115.25,2021-12-19,2.1039302,8.070568,2.410204
0.49402538,-32.25,115.25,2021-12-20,2.104739,8.067787,2.410548
0.49402538,-32.25,115.25,2021-12-21,2.1055477,8.068024,2.410892
0.49402538,-32.25,115.25,2021-12-22,2.1063564,8.067071,2.411236
0.49402538,-32.25,115.25,2021-12-23,2.107165,8.0642605,2.41158
0.49402538,-32.25,115.25,2021-12-24,2.1079738,8.061094,2.4119241
0.49402538,-32.25,115.25,2021-12-25,2.1087825,8.056756,2.4122682
0.49402538,-32.25,115.25,2021-12-26,2.108916,8.0517025,2.4125102
0.49402538,-32.25,115.25,2021-12-27,2.1090496,8.04726,2.4127524
0.49402538,-32.25,115.25,2021-12-28,2.109183,8.042171,2.4129946
0.49402538,-32.25,115.25,2021-12-29,2.1093166,8.039168,2.4132366
0.49402538,-32.25,115.25,2021-12-30,2.1094499,8.043106,2.4134786
0.49402538,-32.25,115.25,2021-12-31,2.1095834,8.049991,2.4137208
0.49402538,-32.25,115.25,2022-01-01,2.1097167,8.054885,2.4139628
0.49402538,-32.25,115.25,2022-01-02,2.1094956,8.057166,2.413873
0.49402538,-32.25,115.25,2022-01-03,2.1092746,8.057096,2.4137833
0.49402538,-32.25,115.25,2022-01-04,2.1090539,8.056809,2.4136937
0.49402538,-32.25,115.25,2022-01-05,2.1088328,8.05467,2.4136038
0.49402538,-32.25,115.25,2022-01-06,2.1086116,8.051749,2.413514
0.49402538,-32.25,115.25,2022-01-07,2.1083906,8.051161,2.4134243
0.49402538,-32.25,115.25,2022-01-08,2.1081698,8.05286,2.4133344
0.49402538,-32.25,115.25,2022-01-09,2.108354,8.057279,2.4134395
0.49402538,-32.25,115.25,2022-01-10,2.1085382,8.059819,2.413545
0.49402538,-32.25,115.25,2022-01-11,2.1087224,8.05733,2.41365
0.49402538,-32.25,115.25,2022-01-12,2.1089067,8.053783,2.4137552
0.49402538,-32.25,115.25,2022-01-13,2.1090913,8.054038,2.4138606
0.49402538,-32.25,115.25,2022-01-14,2.1092753,8.055155,2.4139657
0.49402538,-32.25,115.25,2022-01-15,2.1094596,8.054981,2.414071
0.49402538,-32.25,115.25,2022-01-16,2.1092496,8.056233,2.4140956
0.49402538,-32.25,115.25,2022-01-17,2.1090395,8.0561285,2.4141204
0.49402538,-32.25,115.25,2022-01-18,2.1088297,8.049195,2.414145
0.49402538,-32.25,115.25,2022-01-19,2.1086195,8.043023,2.4141695
0.49402538,-32.25,115.25,2022-01-20,2.1084096,8.040158,2.4141943
0.49402538,-32.25,115.25,2022-01-21,2.1081994,8.036652,2.414219
0.49402538,-32.25,115.25,2022-01-22,2.1079895,8.033866,2.4142437
0.49402538,-32.25,115.25,2022-01-23,2.1079807,8.032757,2.4142482
0.49402538,-32.25,115.25,2022-01-24,2.1079721,8.038227,2.414253
0.49402538,-32.25,115.25,2022-01-25,2.1079636,8.0448065,2.4142573
0.49402538,-32.25,115.25,2022-01-26,2.107955,8.046262,2.4142616
0.49402538,-32.25,115.25,2022-01-27,2.1079462,8.046926,2.4142663
0.49402538,-32.25,115.25,2022-01-28,2.1079376,8.047793,2.4142706
0.49402538,-32.25,115.25,2022-01-29,2.107929,8.044178,2.4142752
0.49402538,-32.25,115.25,2022-01-30,2.1078737,8.043309,2.4142642
0.49402538,-32.25,115.25,2022-01-31,2.1078181,8.048749,2.4142532
0.49402538,-32.25,115.25,2022-02-01,2.1077628,8.052578,2.414242
0.49402538,-32.25,115.25,2022-02-02,2.1077075,8.053372,2.414231
0.49402538,-32.25,115.25,2022-02-03,2.107652,8.050051,2.41422
0.49402538,-32.25,115.25,2022-02-04,2.1075966,8.044409,2.4142091
0.49402538,-32.25,115.25,2022-02-05,2.1075413,8.037439,2.4141982
0.49402538,-32.25,115.25,2022-02-06,2.1077337,8.03903,2.414438
0.49402538,-32.25,115.25,2022-02-07,2.1079266,8.047874,2.414678
0.49402538,-32.25,115.25,2022-02-08,2.1081192,8.0482235,2.414918
0.49402538,-32.25,115.25,2022-02-09,2.1083117,8.047641,2.4151578
0.49402538,-32.25,115.25,2022-02-10,2.1085043,8.048106,2.4153976
0.49402538,-32.25,115.25,2022-02-11,2.108697,8.043735,2.4156377
0.49402538,-32.25,115.25,2022-02-12,2.1088896,8.043872,2.4158776
0.49402538,-32.25,115.25,2022-02-13,2.108023,8.045647,2.4155202
0.49402538,-32.25,115.25,2022-02-14,2.1071563,8.041004,2.415163
0.49402538,-32.25,115.25,2022-02-15,2.1062899,8.035217,2.414806
0.49402538,-32.25,115.25,2022-02-16,2.1054232,8.033788,2.4144485
0.49402538,-32.25,115.25,2022-02-17,2.1045566,8.03578,2.414091
0.49402538,-32.25,115.25,2022-02-18,2.10369,8.036251,2.413734
0.49402538,-32.25,115.25,2022-02-19,2.1028233,8.034756,2.4133766
0.49402538,-32.25,115.25,2022-02-20,2.1024394,8.036263,2.4130945
0.49402538,-32.25,115.25,2022-02-21,2.1020555,8.037547,2.4128125
0.49402538,-32.25,115.25,2022-02-22,2.1016715,8.037887,2.4125304
0.49402538,-32.25,115.25,2022-02-23,2.1012878,8.04009,2.4122486
0.49402538,-32.25,115.25,2022-02-24,2.1009035,8.04096,2.4119666
0.49402538,-32.25,115.25,2022-02-25,2.1005197,8.039644,2.4116843
0.49402538,-32.25,115.25,2022-02-26,2.1001358,8.040481,2.4114025
0.49402538,-32.25,115.25,2022-02-27,2.1000907,8.0429,2.411428
0.49402538,-32.25,115.25,2022-02-28,2.1000457,8.0415325,2.4114535
0.49402538,-32.25,115.25,2022-03-01,2.1000006,8.041851,2.411479
0.49402538,-32.25,115.25,2022-03-02,2.0999556,8.046309,2.4115043
0.49402538,-32.25,115.25,2022-03-03,2.0999105,8.048606,2.4115298
0.49402538,-32.25,115.25,2022-03-04,2.0998654,8.048756,2.4115555
0.49402538,-32.25,115.25,2022-03-05,2.0998206,8.048166,2.411581
0.49402538,-32.25,115.25,2022-03-06,2.0996103,8.046624,2.4116077
0.49402538,-32.25,115.25,2022-03-07,2.0994,8.046509,2.4116344
0.49402538,-32.25,115.25,2022-03-08,2.09919,8.047246,2.4116614
0.49402538,-32.25,115.25,2022-03-09,2.0989797,8.045555,2.4116883
0.49402538,-32.25,115.25,2022-03-10,2.0987694,8.043104,2.4117153
0.49402538,-32.25,115.25,2022-03-11,2.0985594,8.042326,2.4117422
0.49402538,-32.25,115.25,2022-03-12,2.0983493,8.0418415,2.411769
0.49402538,-32.25,115.25,2022-03-13,2.0981545,8.039414,2.411685
0.49402538,-32.25,115.25,2022-03-14,2.09796,8.036399,2.411601
0.49402538,-32.25,115.25,2022-03-15,2.0977657,8.038098,2.4115171
0.49402538,-32.25,115.25,2022-03-16,2.0975711,8.04148,2.411433
0.49402538,-32.25,115.25,2022-03-17,2.0973766,8.040989,2.411349
0.49402538,-32.25,115.25,2022-03-18,2.097182,8.039869,2.4112651
0.49402538,-32.25,115.25,2022-03-19,2.0969875,8.042369,2.4111812
0.49402538,-32.25,115.25,2022-03-20,2.0967891,8.045113,2.4109783
0.49402538,-32.25,115.25,2022-03-21,2.0965908,8.046834,2.4107757
0.49402538,-32.25,115.25,2022-03-22,2.0963922,8.048874,2.4105728
0.49402538,-32.25,115.25,2022-03-23,2.0961936,8.050153,2.4103703
0.49402538,-32.25,115.25,2022-03-24,2.0959952,8.051157,2.4101675
0.49402538,-32.25,115.25,2022-03-25,2.0957966,8.050593,2.4099648
0.49402538,-32.25,115.25,2022-03-26,2.0955982,8.048036,2.4097621
0.49402538,-32.25,115.25,2022-03-27,2.0945795,8.048271,2.4091082
0.49402538,-32.25,115.25,2022-03-28,2.0935605,8.050141,2.408454
0.49402538,-32.25,115.25,2022-03-29,2.0925417,8.050261,2.4078002
0.49402538,-32.25,115.25,2022-03-30,2.091523,8.05068,2.4071462
0.49402538,-32.25,115.25,2022-03-31,2.0905042,8.051471,2.4064922
0.49402538,-32.25,115.25,2022-04-01,2.0894852,8.051521,2.405838
0.49402538,-32.25,115.25,2022-04-02,2.0884664,8.047801,2.405184
0.49402538,-32.25,115.25,2022-04-03,2.0878289,8.043578,2.4048238
0.49402538,-32.25,115.25,2022-04-04,2.0871916,8.04448,2.4044633
0.49402538,-32.25,115.25,2022-04-05,2.0865545,8.047462,2.4041028
0.49402538,-32.25,115.25,2022-04-06,2.085917,8.048307,2.4037423
0.49402538,-32.25,115.25,2022-04-07,2.0852797,8.048407,2.4033818
0.49402538,-32.25,115.25,2022-04-08,2.0846424,8.048511,2.4030216
0.49402538,-32.25,115.25,2022-04-09,2.084005,8.050332,2.4026608
0.49402538,-32.25,115.25,2022-04-10,2.0840085,8.052473,2.4027767
0.49402538,-32.25,115.25,2022-04-11,2.084012,8.053579,2.4028928
0.49402538,-32.25,115.25,2022-04-12,2.0840158,8.054721,2.4030087
0.49402538,-32.25,115.25,2022-04-13,2.0840192,8.056376,2.4031246
0.49402538,-32.25,115.25,2022-04-14,2.0840228,8.057402,2.4032404
0.49402538,-32.25,115.25,2022-04-15,2.0840263,8.057581,2.4033563
0.49402538,-32.25,115.25,2022-04-16,2.08403,8.058379,2.4034722
0.49402538,-32.25,115.25,2022-04-17,2.0841093,8.060158,2.4034333
0.49402538,-32.25,115.25,2022-04-18,2.0841887,8.061322,2.4033945
0.49402538,-32.25,115.25,2022-04-19,2.0842679,8.0616665,2.4033554
0.49402538,-32.25,115.25,2022-04-20,2.0843472,8.062112,2.4033165
0.49402538,-32.25,115.25,2022-04-21,2.0844266,8.062967,2.4032776
0.49402538,-32.25,115.25,2022-04-22,2.084506,8.063821,2.4032388
0.49402538,-32.25,115.25,2022-04-23,2.0845852,8.063833,2.4031997
0.49402538,-32.25,115.25,2022-04-24,2.084331,8.062089,2.402889
0.49402538,-32.25,115.25,2022-04-25,2.0840766,8.061378,2.402578
0.49402538,-32.25,115.25,2022-04-26,2.0838225,8.063549,2.4022672
0.49402538,-32.25,115.25,2022-04-27,2.0835683,8.065421,2.4019563
0.49402538,-32.25,115.25,2022-04-28,2.0833142,8.06635,2.4016454
0.49402538,-32.25,115.25,2022-04-29,2.0830598,8.067606,2.4013345
0.49402538,-32.25,115.25,2022-04-30,2.0828056,8.068439,2.4010239
0.49402538,-32.25,115.25,2022-05-01,2.0833948,8.068715,2.4014697
0.49402538,-32.25,115.25,2022-05-02,2.083984,8.068588,2.4019158
0.49402538,-32.25,115.25,2022-05-03,2.084573,8.069377,2.4023616
0.49402538,-32.25,115.25,2022-05-04,2.085162,8.070926,2.4028077
0.49402538,-32.25,115.25,2022-05-05,2.085751,8.072189,2.4032538
0.49402538,-32.25,115.25,2022-05-06,2.0863404,8.073511,2.4036996
0.49402538,-32.25,115.25,2022-05-07,2.0869296,8.074084,2.4041455
0.49402538,-32.25,115.25,2022-05-08,2.0869973,8.072578,2.4042008
0.49402538,-32.25,115.25,2022-05-09,2.0870652,8.070446,2.4042559
0.49402538,-32.25,115.25,2022-05-10,2.0871332,8.071286,2.404311
0.49402538,-32.25,115.25,2022-05-11,2.087201,8.0735855,2.404366
0.49402538,-32.25,115.25,2022-05-12,2.087269,8.074606,2.404421
0.49402538,-32.25,115.25,2022-05-13,2.087337,8.075075,2.4044762
0.49402538,-32.25,115.25,2022-05-14,2.087405,8.077626,2.4045312
0.49402538,-32.25,115.25,2022-05-15,2.0868409,8.080058,2.4039621
0.49402538,-32.25,115.25,2022-05-16,2.0862768,8.078453,2.403393
0.49402538,-32.25,115.25,2022-05-17,2.0857127,8.076228,2.402824
0.49402538,-32.25,115.25,2022-05-18,2.0851488,8.076299,2.4022548
0.49402538,-32.25,115.25,2022-05-19,2.084585,8.074688,2.4016857
0.49402538,-32.25,115.25,2022-05-20,2.0840209,8.071843,2.4011166
0.49402538,-32.25,115.25,2022-05-21,2.0834568,8.069261,2.4005477
0.49402538,-32.25,115.25,2022-05-22,2.0831084,8.065846,2.4001582
0.49402538,-32.25,115.25,2022-05-23,2.0827603,8.064909,2.3997686
0.49402538,-32.25,115.25,2022-05-24,2.082412,8.068886,2.399379
0.49402538,-32.25,115.25,2022-05-25,2.082064,8.070929,2.3989897
0.49402538,-32.25,115.25,2022-05-26,2.0817153,8.070814,2.3986
0.49402538,-32.25,115.25,2022-05-27,2.0813673,8.0721245,2.3982105
0.49402538,-32.25,115.25,2022-05-28,2.0810192,8.071986,2.397821
0.49402538,-32.25,115.25,2022-05-29,2.0813658,8.072717,2.398058
0.49402538,-32.25,115.25,2022-05-30,2.0817125,8.074407,2.398295
0.49402538,-32.25,115.25,2022-05-31,2.0820594,8.07526,2.3985322
0.49402538,-32.25,115.25,2022-06-01,2.0824063,8.075989,2.3987691
0.49402538,-32.25,115.25,2022-06-02,2.0827532,8.076998,2.3990064
0.49402538,-32.25,115.25,2022-06-03,2.0830998,8.077711,2.399243
0.49402538,-32.25,115.25,2022-06-04,2.0834467,8.077882,2.3994803
0.49402538,-32.25,115.25,2022-06-05,2.082885,8.078042,2.398987
0.49402538,-32.25,115.25,2022-06-06,2.0823233,8.077749,2.398494
0.49402538,-32.25,115.25,2022-06-07,2.0817616,8.07706,2.3980005
0.49402538,-32.25,115.25,2022-06-08,2.0812,8.07756,2.3975074
0.49402538,-32.25,115.25,2022-06-09,2.0806382,8.079446,2.3970141
0.49402538,-32.25,115.25,2022-06-10,2.0800767,8.082113,2.396521
0.49402538,-32.25,115.25,2022-06-11,2.0795147,8.081915,2.396028
0.49402538,-32.25,115.25,2022-06-12,2.0793989,8.082086,2.396056
0.49402538,-32.25,115.25,2022-06-13,2.079283,8.08689,2.3960838
0.49402538,-32.25,115.25,2022-06-14,2.0791671,8.089649,2.396112
0.49402538,-32.25,115.25,2022-06-15,2.0790513,8.08719,2.39614
0.49402538,-32.25,115.25,2022-06-16,2.0789354,8.083493,2.396168
0.49402538,-32.25,115.25,2022-06-17,2.0788195,8.0832815,2.396196
0.49402538,-32.25,115.25,2022-06-18,2.0787036,8.084437,2.3962238
0.49402538,-32.25,115.25,2022-06-19,2.0790994,8.0848255,2.3966084
0.49402538,-32.25,115.25,2022-06-20,2.0794954,8.084559,2.396993
0.49402538,-32.25,115.25,2022-06-21,2.0798912,8.083057,2.3973773
0.49402538,-32.25,115.25,2022-06-22,2.0802872,8.080836,2.3977618
0.49402538,-32.25,115.25,2022-06-23,2.0806832,8.078122,2.3981464
0.49402538,-32.25,115.25,2022-06-24,2.0810792,8.076281,2.3985307
0.49402538,-32.25,115.25,2022-06-25,2.081475,8.0756235,2.398915
0.49402538,-32.25,115.25,2022-06-26,2.081244,8.075067,2.3989134
0.49402538,-32.25,115.25,2022-06-27,2.0810125,8.076657,2.3989117
0.49402538,-32.25,115.25,2022-06-28,2.0807815,8.079612,2.3989103
0.49402538,-32.25,115.25,2022-06-29,2.0805502,8.081986,2.3989086
0.49402538,-32.25,115.25,2022-06-30,2.080319,8.083345,2.398907
0.49402538,-32.25,115.25,2022-07-01,2.080088,8.082525,2.3989053
0.49402538,-32.25,115.25,2022-07-02,2.0798566,8.080018,2.3989036
0.49402538,-32.25,115.25,2022-07-03,2.0804782,8.079703,2.399237
0.49402538,-32.25,115.25,2022-07-04,2.0811,8.080903,2.3995702
0.49402538,-32.25,115.25,2022-07-05,2.0817215,8.081675,2.3999033
0.49402538,-32.25,115.25,2022-07-06,2.0823433,8.081913,2.4002368
0.49402538,-32.25,115.25,2022-07-07,2.082965,8.081543,2.40057
0.49402538,-32.25,115.25,2022-07-08,2.0835867,8.08081,2.4009032
0.49402538,-32.25,115.25,2022-07-09,2.0842085,8.080779,2.4012365
0.49402538,-32.25,115.25,2022-07-10,2.0839305,8.083796,2.401083
0.49402538,-32.25,115.25,2022-07-11,2.0836525,8.086543,2.4009297
0.49402538,-32.25,115.25,2022-07-12,2.0833747,8.087807,2.4007764
0.49402538,-32.25,115.25,2022-07-13,2.0830967,8.089069,2.4006228
0.49402538,-32.25,115.25,2022-07-14,2.082819,8.090727,2.4004693
0.49402538,-32.25,115.25,2022-07-15,2.082541,8.0955,2.400316
0.49402538,-32.25,115.25,2022-07-16,2.0822632,8.09977,2.4001627
0.49402538,-32.25,115.25,2022-07-17,2.0823412,8.100407,2.40006
0.49402538,-32.25,115.25,2022-07-18,2.082419,8.100963,2.3999572
0.49402538,-32.25,115.25,2022-07-19,2.082497,8.10311,2.3998544
0.49402538,-32.25,115.25,2022-07-20,2.0825748,8.105566,2.3997517
0.49402538,-32.25,115.25,2022-07-21,2.082653,8.10653,2.399649
0.49402538,-32.25,115.25,2022-07-22,2.0827308,8.103232,2.3995461
0.49402538,-32.25,115.25,2022-07-23,2.082809,8.099783,2.3994434
0.49402538,-32.25,115.25,2022-07-24,2.0832956,8.100943,2.3996382
0.49402538,-32.25,115.25,2022-07-25,2.083782,8.102026,2.399833
0.49402538,-32.25,115.25,2022-07-26,2.0842688,8.101818,2.400028
0.49402538,-32.25,115.25,2022-07-27,2.0847554,8.099599,2.400223
0.49402538,-32.25,115.25,2022-07-28,2.085242,8.096467,2.4004178
0.49402538,-32.25,115.25,2022-07-29,2.0857286,8.095399,2.4006126
0.49402538,-32.25,115.25,2022-07-30,2.0862155,8.096207,2.4008076
0.49402538,-32.25,115.25,2022-07-31,2.0865633,8.096492,2.400724
0.49402538,-32.25,115.25,2022-08-01,2.086911,8.0949335,2.4006405
0.49402538,-32.25,115.25,2022-08-02,2.0872588,8.0932665,2.4005573
0.49402538,-32.25,115.25,2022-08-03,2.0876067,8.091595,2.4004738
0.49402538,-32.25,115.25,2022-08-04,2.0879543,8.091772,2.4003906
0.49402538,-32.25,115.25,2022-08-05,2.0883021,8.094245,2.400307
0.49402538,-32.25,115.25,2022-08-06,2.08865,8.097539,2.4002235
0.49402538,-32.25,115.25,2022-08-07,2.0891778,8.098313,2.4004436
0.49402538,-32.25,115.25,2022-08-08,2.089706,8.095987,2.4006636
0.49402538,-32.25,115.25,2022-08-09,2.0902338,8.096585,2.4008837
0.49402538,-32.25,115.25,2022-08-10,2.090762,8.098904,2.4011037
0.49402538,-32.25,115.25,2022-08-11,2.09129,8.0984955,2.4013238
0.49402538,-32.25,115.25,2022-08-12,2.091818,8.096488,2.4015439
0.49402538,-32.25,115.25,2022-08-13,2.092346,8.094519,2.4017637
0.49402538,-32.25,115.25,2022-08-14,2.0920982,8.0916195,2.4016192
0.49402538,-32.25,115.25,2022-08-15,2.0918505,8.089669,2.401475
0.49402538,-32.25,115.25,2022-08-16,2.0916028,8.090923,2.4013305
0.49402538,-32.25,115.25,2022-08-17,2.0913548,8.093329,2.4011862
0.49402538,-32.25,115.25,2022-08-18,2.0911071,8.093525,2.4010417
0.49402538,-32.25,115.25,2022-08-19,2.0908594,8.092785,2.4008975
0.49402538,-32.25,115.25,2022-08-20,2.0906117,8.092254,2.4007528
0.49402538,-32.25,115.25,2022-08-21,2.0904953,8.0922785,2.4007392
0.49402538,-32.25,115.25,2022-08-22,2.0903788,8.094595,2.4007256
0.49402538,-32.25,115.25,2022-08-23,2.0902622,8.095489,2.400712
0.49402538,-32.25,115.25,2022-08-24,2.0901458,8.093421,2.4006984
0.49402538,-32.25,115.25,2022-08-25,2.0900292,8.0910015,2.4006848
0.49402538,-32.25,115.25,2022-08-26,2.0899127,8.091783,2.4006712
0.49402538,-32.25,115.25,2022-08-27,2.0897963,8.09659,2.4006577
0.49402538,-32.25,115.25,2022-08-28,2.0895565,8.103441,2.4005563
0.49402538,-32.25,115.25,2022-08-29,2.0893166,8.108733,2.4004552
0.49402538,-32.25,115.25,2022-08-30,2.0890772,8.108964,2.4003541
0.49402538,-32.25,115.25,2022-08-31,2.0888374,8.106682,2.400253
0.49402538,-32.25,115.25,2022-09-01,2.0885975,8.105105,2.400152
0.49402538,-32.25,115.25,2022-09-02,2.088358,8.104857,2.4000509
0.49402538,-32.25,115.25,2022-09-03,2.088118,8.105296,2.3999498
0.49402538,-32.25,115.25,2022-09-04,2.087862,8.10658,2.3998454
0.49402538,-32.25,115.25,2022-09-05,2.087606,8.109429,2.3997412
0.49402538,-32.25,115.25,2022-09-06,2.0873497,8.11212,2.399637
0.49402538,-32.25,115.25,2022-09-07,2.0870936,8.113685,2.3995326
0.49402538,-32.25,115.25,2022-09-08,2.0868375,8.113509,2.3994284
0.49402538,-32.25,115.25,2022-09-09,2.0865812,8.109588,2.399324
0.49402538,-32.25,115.25,2022-09-10,2.0863252,8.107037,2.3992198
0.49402538,-32.25,115.25,2022-09-11,2.0866563,8.105656,2.3992655
0.49402538,-32.25,115.25,2022-09-12,2.0869873,8.104672,2.3993108
0.49402538,-32.25,115.25,2022-09-13,2.0873184,8.106817,2.3993566
0.49402538,-32.25,115.25,2022-09-14,2.0876496,8.10946,2.3994024
0.49402538,-32.25,115.25,2022-09-15,2.0879807,8.1119375,2.3994482
0.49402538,-32.25,115.25,2022-09-16,2.0883117,8.113954,2.3994937
0.49402538,-32.25,115.25,2022-09-17,2.0886428,8.114862,2.3995395
0.49402538,-32.25,115.25,2022-09-18,2.089113,8.114411,2.3998153
0.49402538,-32.25,115.25,2022-09-19,2.0895832,8.11552,2.4000912
0.49402538,-32.25,115.25,2022-09-20,2.0900533,8.117541,2.4003673
0.49402538,-32.25,115.25,2022-09-21,2.0905235,8.117498,2.4006433
0.49402538,-32.25,115.25,2022-09-22,2.0909936,8.117515,2.4009192
0.49402538,-32.25,115.25,2022-09-23,2.0914636,8.116281,2.4011953
0.49402538,-32.25,115.25,2022-09-24,2.091934,8.114993,2.4014714
0.49402538,-32.25,115.25,2022-09-25,2.092333,8.113779,2.401695
0.49402538,-32.25,115.25,2022-09-26,2.0927322,8.111682,2.4019186
0.49402538,-32.25,115.25,2022-09-27,2.0931313,8.110552,2.4021425
0.49402538,-32.25,115.25,2022-09-28,2.0935304,8.109933,2.4023662
0.49402538,-32.25,115.25,2022-09-29,2.0939295,8.10847,2.4025898
0.49402538,-32.25,115.25,2022-09-30,2.0943289,8.10643,2.4028137
0.49402538,-32.25,115.25,2022-10-01,2.094728,8.106129,2.4030373
0.49402538,-32.25,115.25,2022-10-02,2.0950923,8.1065,2.4031887
0.49402538,-32.25,115.25,2022-10-03,2.0954561,8.10498,2.40334
0.49402538,-32.25,115.25,2022-10-04,2.0958204,8.101235,2.4034913
0.49402538,-32.25,115.25,2022-10-05,2.0961845,8.099991,2.4036424
0.49402538,-32.25,115.25,2022-10-06,2.0965488,8.101069,2.4037938
0.49402538,-32.25,115.25,2022-10-07,2.0969129,8.099285,2.403945
0.49402538,-32.25,115.25,2022-10-08,2.097277,8.096046,2.4040964
0.49402538,-32.25,115.25,2022-10-09,2.097332,8.095789,2.404102
0.49402538,-32.25,115.25,2022-10-10,2.0973873,8.098119,2.404108
0.49402538,-32.25,115.25,2022-10-11,2.0974424,8.100641,2.4041138
0.49402538,-32.25,115.25,2022-10-12,2.0974977,8.102232,2.4041197
0.49402538,-32.25,115.25,2022-10-13,2.0975528,8.100837,2.4041255
0.49402538,-32.25,115.25,2022-10-14,2.0976079,8.097622,2.4041314
0.49402538,-32.25,115.25,2022-10-15,2.0976632,8.096376,2.4041374
0.49402538,-32.25,115.25,2022-10-16,2.0978131,8.097485,2.404267
0.49402538,-32.25,115.25,2022-10-17,2.0979636,8.098793,2.4043972
0.49402538,-32.25,115.25,2022-10-18,2.0981138,8.096894,2.4045272
0.49402538,-32.25,115.25,2022-10-19,2.098264,8.093999,2.4046571
0.49402538,-32.25,115.25,2022-10-20,2.0984142,8.093332,2.404787
0.49402538,-32.25,115.25,2022-10-21,2.0985644,8.092788,2.404917
0.49402538,-32.25,115.25,2022-10-22,2.0987146,8.089188,2.405047
0.49402538,-32.25,115.25,2022-10-23,2.0987842,8.088118,2.4049242
0.49402538,-32.25,115.25,2022-10-24,2.0988536,8.090998,2.4048011
0.49402538,-32.25,115.25,2022-10-25,2.0989232,8.093341,2.4046783
0.49402538,-32.25,115.25,2022-10-26,2.0989926,8.094372,2.4045553
0.49402538,-32.25,115.25,2022-10-27,2.099062,8.095308,2.4044323
0.49402538,-32.25,115.25,2022-10-28,2.0991316,8.097018,2.4043093
0.49402538,-32.25,115.25,2022-10-29,2.099201,8.09824,2.4041865
0.49402538,-32.25,115.25,2022-10-30,2.099602,8.100853,2.4043324
0.49402538,-32.25,115.25,2022-10-31,2.100003,8.10424,2.4044785
0.49402538,-32.25,115.25,2022-11-01,2.1004038,8.105605,2.4046247
0.49402538,-32.25,115.25,2022-11-02,2.1017218,8.104527,2.4053185
0.49402538,-32.25,115.25,2022-11-03,2.1017425,8.100468,2.4054897
0.49402538,-32.25,115.25,2022-11-04,2.102292,8.099324,2.405452
0.49402538,-32.25,115.25,2022-11-05,2.1023772,8.101784,2.4052303
0.49402538,-32.25,115.25,2022-11-06,2.102404,8.102687,2.4050288
0.49402538,-32.25,115.25,2022-11-07,2.10258,8.100659,2.4049816
0.49402538,-32.25,115.25,2022-11-08,2.1020079,8.098327,2.4049253
0.49402538,-32.25,115.25,2022-11-09,2.1013896,8.095108,2.4050176
0.49402538,-32.25,115.25,2022-11-10,2.100807,8.092828,2.4047642
0.49402538,-32.25,115.25,2022-11-11,2.099957,8.096524,2.4046621
0.49402538,-32.25,115.25,2022-11-12,2.0997965,8.099751,2.40474
0.49402538,-32.25,115.25,2022-11-13,2.100267,8.099378,2.4049928
0.49402538,-32.25,115.25,2022-11-14,2.101003,8.098444,2.4053326
0.49402538,-32.25,115.25,2022-11-15,2.1018898,8.096481,2.405715
0.49402538,-32.25,115.25,2022-11-16,2.1017082,8.093512,2.4055583
0.49402538,-32.25,115.25,2022-11-17,2.1015177,8.095809,2.4052885
0.49402538,-32.25,115.25,2022-11-18,2.1017072,8.100644,2.405347
0.49402538,-32.25,115.25,2022-11-19,2.1016254,8.102279,2.4053357
0.49402538,-32.25,115.25,2022-11-20,2.1018603,8.100828,2.4055269
0.49402538,-32.25,115.25,2022-11-21,2.1019533,8.098246,2.4055984
0.49402538,-32.25,115.25,2022-11-22,2.101783,8.095607,2.4055932
0.49402538,-32.25,115.25,2022-11-23,2.1015081,8.091154,2.4055758
0.49402538,-32.25,115.25,2022-11-24,2.102113,8.086706,2.4061854
0.49402538,-32.25,115.25,2022-11-25,2.1029181,8.08381,2.4068866
0.49402538,-32.25,115.25,2022-11-26,2.1033287,8.082964,2.4072547
0.49402538,-32.25,115.25,2022-11-27,2.10353,8.08439,2.407306
0.49402538,-32.25,115.25,2022-11-28,2.1040373,8.084557,2.4075127
0.49402538,-32.25,115.25,2022-11-29,2.104627,8.081096,2.4078188
0.49402538,-32.25,115.25,2022-11-30,2.1046183,8.07736,2.4078233
0.49402538,-32.25,115.25,2022-12-01,2.105102,8.077224,2.4082236
0.49402538,-32.25,115.25,2022-12-02,2.1044793,8.07795,2.408039
0.49402538,-32.25,115.25,2022-12-03,2.1039503,8.078018,2.4077072
0.49402538,-32.25,115.25,2022-12-04,2.1042273,8.078225,2.4077783
0.49402538,-32.25,115.25,2022-12-05,2.1044478,8.0779,2.4078166
0.49402538,-32.25,115.25,2022-12-06,2.104172,8.079778,2.4076133
0.49402538,-32.25,115.25,2022-12-07,2.1040478,8.081859,2.4073548
0.49402538,-32.25,115.25,2022-12-08,2.1047287,8.08086,2.4079473
0.49402538,-32.25,115.25,2022-12-09,2.1049643,8.079363,2.408252
0.49402538,-32.25,115.25,2022-12-10,2.1047597,8.081257,2.4081903
0.49402538,-32.25,115.25,2022-12-11,2.1043367,8.0842,2.4079225
0.49402538,-32.25,115.25,2022-12-12,2.104119,8.085512,2.4077125
0.49402538,-32.25,115.25,2022-12-13,2.104131,8.086713,2.407715
0.49402538,-32.25,115.25,2022-12-14,2.104877,8.085734,2.4081032
0.49402538,-32.25,115.25,2022-12-15,2.1053734,8.082732,2.4084368
0.49402538,-32.25,115.25,2022-12-16,2.1054263,8.08067,2.4085712
0.49402538,-32.25,115.25,2022-12-17,2.10527,8.078075,2.4085608
0.49402538,-32.25,115.25,2022-12-18,2.104906,8.073394,2.408482
0.49402538,-32.25,115.25,2022-12-19,2.1045685,8.069749,2.4084198
0.49402538,-32.25,115.25,2022-12-20,2.1047747,8.06751,2.4086497
0.49402538,-32.25,115.25,2022-12-21,2.1051424,8.0651865,2.4089563
0.49402538,-32.25,115.25,2022-12-22,2.105363,8.063143,2.4091048
0.49402538,-32.25,115.25,2022-12-23,2.105297,8.059167,2.4091241
0.49402538,-32.25,115.25,2022-12-24,2.1052754,8.057406,2.4091775
0.49402538,-32.25,115.25,2022-12-25,2.1052487,8.060099,2.409188
0.49402538,-32.25,115.25,2022-12-26,2.1054397,8.063326,2.4093366
0.49402538,-32.25,115.25,2022-12-27,2.1059852,8.065519,2.4096916
0.49402538,-32.25,115.25,2022-12-28,2.106424,8.066732,2.4100063
0.49402538,-32.25,115.25,2022-12-29,2.106779,8.065371,2.4101608
0.49402538,-32.25,115.25,2022-12-30,2.1067643,8.063687,2.410181
0.49402538,-32.25,115.25,2022-12-31,2.1068242,8.066629,2.4102893
0.49402538,-32.25,115.25,2023-01-01,2.1072326,8.069466,2.4104662
0.49402538,-32.25,115.25,2023-01-02,2.1077306,8.070096,2.41064
0.49402538,-32.25,115.25,2023-01-03,2.1082923,8.069884,2.4108489
0.49402538,-32.25,115.25,2023-01-04,2.1088512,8.068094,2.4111362
0.49402538,-32.25,115.25,2023-01-05,2.1083963,8.062401,2.410909
0.49402538,-32.25,115.25,2023-01-06,2.1085505,8.062988,2.4110875
0.49402538,-32.25,115.25,2023-01-07,2.1086764,8.070269,2.4110827
0.49402538,-32.25,115.25,2023-01-08,2.1086533,8.072643,2.4109597
0.49402538,-32.25,115.25,2023-01-09,2.1079268,8.071052,2.4105015
0.49402538,-32.25,115.25,2023-01-10,2.1073873,8.067738,2.4102604
0.49402538,-32.25,115.25,2023-01-11,2.1079285,8.067013,2.4107134
0.49402538,-32.25,115.25,2023-01-12,2.1082785,8.066466,2.4109647
0.49402538,-32.25,115.25,2023-01-13,2.1081705,8.065907,2.4109304
0.49402538,-32.25,115.25,2023-01-14,2.107416,8.068447,2.410487
0.49402538,-32.25,115.25,2023-01-15,2.1065593,8.069953,2.409904
0.49402538,-32.25,115.25,2023-01-16,2.1064856,8.071893,2.4098098
0.49402538,-32.25,115.25,2023-01-17,2.106675,8.07464,2.40992
0.49402538,-32.25,115.25,2023-01-18,2.1071036,8.074868,2.410159
0.49402538,-32.25,115.25,2023-01-19,2.1075463,8.072004,2.4103823
0.49402538,-32.25,115.25,2023-01-20,2.1082408,8.065522,2.4109223
0.49402538,-32.25,115.25,2023-01-21,2.110511,8.057806,2.4127944
0.49402538,-32.25,115.25,2023-01-22,2.1111977,8.049001,2.4135892
0.49402538,-32.25,115.25,2023-01-23,2.1106637,8.043726,2.413497
0.49402538,-32.25,115.25,2023-01-24,2.1107166,8.049477,2.4137695
0.49402538,-32.25,115.25,2023-01-25,2.1099916,8.056941,2.4133904
0.49402538,-32.25,115.25,2023-01-26,2.108912,8.057445,2.4127014
0.49402538,-32.25,115.25,2023-01-27,2.1082706,8.058179,2.4122257
0.49402538,-32.25,115.25,2023-01-28,2.1078768,8.060166,2.4119697
0.49402538,-32.25,115.25,2023-01-29,2.1077414,8.059754,2.411876
0.49402538,-32.25,115.25,2023-01-30,2.107411,8.057349,2.411724
0.49402538,-32.25,115.25,2023-01-31,2.106898,8.057463,2.4116426
0.49402538,-32.25,115.25,2023-02-01,2.1064155,8.05851,2.4115725
0.49402538,-32.25,115.25,2023-02-02,2.106115,8.057987,2.4115925
0.49402538,-32.25,115.25,2023-02-03,2.1053886,8.056939,2.4115765
0.49402538,-32.25,115.25,2023-02-04,2.104107,8.054835,2.4109464
0.49402538,-32.25,115.25,2023-02-05,2.1028874,8.051379,2.410171
0.49402538,-32.25,115.25,2023-02-06,2.1023316,8.051019,2.4099288
0.49402538,-32.25,115.25,2023-02-07,2.1016555,8.052465,2.4095519
0.49402538,-32.25,115.25,2023-02-08,2.1007967,8.050975,2.4090788
0.49402538,-32.25,115.25,2023-02-09,2.1001856,8.0501585,2.4087071
0.49402538,-32.25,115.25,2023-02-10,2.1001687,8.050173,2.4086688
0.49402538,-32.25,115.25,2023-02-11,2.1005151,8.051367,2.4088566
0.49402538,-32.25,115.25,2023-02-12,2.1014123,8.052064,2.4094262
0.49402538,-32.25,115.25,2023-02-13,2.1024532,8.049425,2.4100683
0.49402538,-32.25,115.25,2023-02-14,2.1037424,8.048782,2.4109492
0.49402538,-32.25,115.25,2023-02-15,2.104354,8.05019,2.4115376
0.49402538,-32.25,115.25,2023-02-16,2.1048617,8.048215,2.4120584
0.49402538,-32.25,115.25,2023-02-17,2.1048484,8.046823,2.412169
0.49402538,-32.25,115.25,2023-02-18,2.1048343,8.047756,2.4121835
0.49402538,-32.25,115.25,2023-02-19,2.1049428,8.048824,2.412227
0.49402538,-32.25,115.25,2023-02-20,2.1050487,8.048213,2.4124205
0.49402538,-32.25,115.25,2023-02-21,2.1052048,8.044434,2.4127479
0.49402538,-32.25,115.25,2023-02-22,2.1050034,8.044686,2.412435
0.49402538,-32.25,115.25,2023-02-23,2.1052814,8.049654,2.412213
0.49402538,-32.25,115.25,2023-02-24,2.1054971,8.053353,2.4119298
0.49402538,-32.25,115.25,2023-02-25,2.1055787,8.054223,2.4118173
0.49402538,-32.25,115.25,2023-02-26,2.1056583,8.052251,2.412271
0.49402538,-32.25,115.25,2023-02-27,2.104709,8.050522,2.4122736
0.49402538,-32.25,115.25,2023-02-28,2.1029358,8.04978,2.4113002
0.49402538,-32.25,115.25,2023-03-01,2.1008692,8.048468,2.410074
0.49402538,-32.25,115.25,2023-03-02,2.0996358,8.045167,2.4093096
0.49402538,-32.25,115.25,2023-03-03,2.0994978,8.0439005,2.4094036
0.49402538,-32.25,115.25,2023-03-04,2.0995226,8.047019,2.409291
0.49402538,-32.25,115.25,2023-03-05,2.1002529,8.05028,2.4095385
0.49402538,-32.25,115.25,2023-03-06,2.101036,8.051875,2.409858
0.49402538,-32.25,115.25,2023-03-07,2.1013176,8.052443,2.4099045
0.49402538,-32.25,115.25,2023-03-08,2.101178,8.0528145,2.4097004
0.49402538,-32.25,115.25,2023-03-09,2.1023083,8.051614,2.410592
0.49402538,-32.25,115.25,2023-03-10,2.1031857,8.0504675,2.4113917
0.49402538,-32.25,115.25,2023-03-11,2.1037524,8.048686,2.4119155
0.49402538,-32.25,115.25,2023-03-12,2.103917,8.044885,2.412069
0.49402538,-32.25,115.25,2023-03-13,2.1037235,8.04307,2.4119952
0.49402538,-32.25,115.25,2023-03-14,2.1033728,8.041802,2.4119108
0.49402538,-32.25,115.25,2023-03-15,2.102454,8.039056,2.4113145
0.49402538,-32.25,115.25,2023-03-16,2.103189,8.040003,2.411815
0.49402538,-32.25,115.25,2023-03-17,2.1043434,8.043971,2.4126682
0.49402538,-32.25,115.25,2023-03-18,2.1048045,8.046381,2.4130979
0.49402538,-32.25,115.25,2023-03-19,2.1051972,8.047674,2.413456
0.49402538,-32.25,115.25,2023-03-20,2.1060011,8.047562,2.4141893
0.49402538,-32.25,115.25,2023-03-21,2.1051674,8.046982,2.4138718
0.49402538,-32.25,115.25,2023-03-22,2.1018693,8.047056,2.4117103
0.49402538,-32.25,115.25,2023-03-23,2.0993855,8.045255,2.4101598
0.49402538,-32.25,115.25,2023-03-24,2.097561,8.044378,2.408962
0.49402538,-32.25,115.25,2023-03-25,2.0968444,8.04539,2.4084942
0.49402538,-32.25,115.25,2023-03-26,2.0966027,8.046776,2.4081235
0.49402538,-32.25,115.25,2023-03-27,2.0955906,8.0485735,2.4072127
0.49402538,-32.25,115.25,2023-03-28,2.0946715,8.04987,2.406481
0.49402538,-32.25,115.25,2023-03-29,2.0935776,8.051046,2.4055245
0.49402538,-32.25,115.25,2023-03-30,2.0932438,8.051751,2.4050205
0.49402538,-32.25,115.25,2023-03-31,2.0938616,8.052599,2.4056025
0.49402538,-32.25,115.25,2023-04-01,2.0945299,8.053006,2.4062645
0.49402538,-32.25,115.25,2023-04-02,2.0947857,8.052001,2.4066367
0.49402538,-32.25,115.25,2023-04-03,2.094608,8.051137,2.4066355
0.49402538,-32.25,115.25,2023-04-04,2.093816,8.052029,2.4061134
0.49402538,-32.25,115.25,2023-04-05,2.0935264,8.053598,2.4059901
0.49402538,-32.25,115.25,2023-04-06,2.0929487,8.054143,2.405733
0.49402538,-32.25,115.25,2023-04-07,2.0916595,8.055113,2.4049466
0.49402538,-32.25,115.25,2023-04-08,2.0902524,8.057067,2.4041724
0.49402538,-32.25,115.25,2023-04-09,2.0893865,8.057374,2.403808
0.49402538,-32.25,115.25,2023-04-10,2.0898948,8.05714,2.4045298
0.49402538,-32.25,115.25,2023-04-11,2.0882676,8.058412,2.4038234
0.49402538,-32.25,115.25,2023-04-12,2.0876195,8.05773,2.4035752
0.49402538,-32.25,115.25,2023-04-13,2.089632,8.056205,2.4048135
0.49402538,-32.25,115.25,2023-04-14,2.0911388,8.059606,2.4056754
0.49402538,-32.25,115.25,2023-04-15,2.092843,8.063534,2.4068327
0.49402538,-32.25,115.25,2023-04-16,2.0934606,8.063282,2.4074078
0.49402538,-32.25,115.25,2023-04-17,2.0927298,8.062115,2.4070392
0.49402538,-32.25,115.25,2023-04-18,2.091896,8.062983,2.4066114
0.49402538,-32.25,115.25,2023-04-19,2.091004,8.064376,2.4061706
0.49402538,-32.25,115.25,2023-04-20,2.08899,8.065753,2.4050462
0.49402538,-32.25,115.25,2023-04-21,2.0854764,8.067564,2.402789
0.49402538,-32.25,115.25,2023-04-22,2.0827324,8.0674095,2.4007907
0.49402538,-32.25,115.25,2023-04-23,2.0829597,8.064721,2.4005778
0.49402538,-32.25,115.25,2023-04-24,2.0841808,8.064626,2.4010732
0.49402538,-32.25,115.25,2023-04-25,2.0851853,8.067859,2.4014559
0.49402538,-32.25,115.25,2023-04-26,2.0864997,8.071106,2.402443
0.49402538,-32.25,115.25,2023-04-27,2.0869112,8.074267,2.4026535
0.49402538,-32.25,115.25,2023-04-28,2.0877407,8.076524,2.4032679
0.49402538,-32.25,115.25,2023-04-29,2.0891795,8.077878,2.404312
0.49402538,-32.25,115.25,2023-04-30,2.090116,8.078812,2.404898
0.49402538,-32.25,115.25,2023-05-01,2.0912604,8.079223,2.4055016
0.49402538,-32.25,115.25,2023-05-02,2.0920637,8.079257,2.4055188
0.49402538,-32.25,115.25,2023-05-03,2.0913072,8.078899,2.4051838
0.49402538,-32.25,115.25,2023-05-04,2.090985,8.078818,2.405382
0.49402538,-32.25,115.25,2023-05-05,2.0907428,8.079201,2.4053411
0.49402538,-32.25,115.25,2023-05-06,2.0908446,8.079233,2.405352
0.49402538,-32.25,115.25,2023-05-07,2.091551,8.080043,2.4057758
0.49402538,-32.25,115.25,2023-05-08,2.092225,8.078689,2.405883
0.49402538,-32.25,115.25,2023-05-09,2.0925388,8.073676,2.4058876
0.49402538,-32.25,115.25,2023-05-10,2.0931528,8.072137,2.406483
0.49402538,-32.25,115.25,2023-05-11,2.0928078,8.074471,2.406308
0.49402538,-32.25,115.25,2023-05-12,2.0921872,8.075623,2.4058225
0.49402538,-32.25,115.25,2023-05-13,2.092008,8.076349,2.4057076
0.49402538,-32.25,115.25,2023-05-14,2.091299,8.077785,2.405203
0.49402538,-32.25,115.25,2023-05-15,2.0908167,8.078115,2.4048705
0.49402538,-32.25,115.25,2023-05-16,2.0904803,8.077752,2.404614
0.49402538,-32.25,115.25,2023-05-17,2.08999,8.0777855,2.4041753
0.49402538,-32.25,115.25,2023-05-18,2.089452,8.078111,2.4037015
0.49402538,-32.25,115.25,2023-05-19,2.08898,8.0784235,2.4033756
0.49402538,-32.25,115.25,2023-05-20,2.0883126,8.078905,2.4029381
0.49402538,-32.25,115.25,2023-05-21,2.0874887,8.07921,2.4024117
0.49402538,-32.25,115.25,2023-05-22,2.0867467,8.079276,2.4018936
0.49402538,-32.25,115.25,2023-05-23,2.086463,8.079218,2.401566
0.49402538,-32.25,115.25,2023-05-24,2.086623,8.080452,2.4016209
0.49402538,-32.25,115.25,2023-05-25,2.086655,8.083233,2.4016688
0.49402538,-32.25,115.25,2023-05-26,2.0867436,8.085746,2.4017444
0.49402538,-32.25,115.25,2023-05-27,2.08706,8.086769,2.401811
0.49402538,-32.25,115.25,2023-05-28,2.0883281,8.084455,2.4023767
0.49402538,-32.25,115.25,2023-05-29,2.089099,8.08045,2.4027627
0.49402538,-32.25,115.25,2023-05-30,2.0882814,8.078871,2.4020097
0.49402538,-32.25,115.25,2023-05-31,2.0877528,8.078269,2.4016688
0.49402538,-32.25,115.25,2023-06-01,2.0882707,8.077165,2.402239
0.49402538,-32.25,115.25,2023-06-02,2.0887337,8.078796,2.4026814
0.49402538,-32.25,115.25,2023-06-03,2.0889926,8.082168,2.4027689
0.49402538,-32.25,115.25,2023-06-04,2.0896244,8.083979,2.402547
0.49402538,-32.25,115.25,2023-06-05,2.0915968,8.084737,2.4033785
0.49402538,-32.25,115.25,2023-06-06,2.0933776,8.085805,2.4042447
0.49402538,-32.25,115.25,2023-06-07,2.0945463,8.087762,2.4049733
0.49402538,-32.25,115.25,2023-06-08,2.0955832,8.089358,2.4055412
0.49402538,-32.25,115.25,2023-06-09,2.0964777,8.088522,2.405908
0.49402538,-32.25,115.25,2023-06-10,2.0966136,8.085854,2.4057558
0.49402538,-32.25,115.25,2023-06-11,2.0966516,8.085888,2.405792
0.49402538,-32.25,115.25,2023-06-12,2.096512,8.089234,2.4056654
0.49402538,-32.25,115.25,2023-06-13,2.095903,8.092175,2.4052346
0.49402538,-32.25,115.25,2023-06-14,2.0951881,8.094099,2.404699
0.49402538,-32.25,115.25,2023-06-15,2.0954552,8.0954485,2.4046059
0.49402538,-32.25,115.25,2023-06-16,2.0960708,8.096548,2.4050596
0.49402538,-32.25,115.25,2023-06-17,2.0968952,8.095827,2.4057684
0.49402538,-32.25,115.25,2023-06-18,2.0962093,8.09328,2.4052916
0.49402538,-32.25,115.25,2023-06-19,2.0949082,8.092854,2.4042614
0.49402538,-32.25,115.25,2023-06-20,2.0941477,8.095009,2.403801
0.49402538,-32.25,115.25,2023-06-21,2.0940557,8.098242,2.4036992
0.49402538,-32.25,115.25,2023-06-22,2.0942633,8.100901,2.4036772
0.49402538,-32.25,115.25,2023-06-23,2.094276,8.104293,2.4036276
0.49402538,-32.25,115.25,2023-06-24,2.0936916,8.108755,2.4032931
0.49402538,-32.25,115.25,2023-06-25,2.0932462,8.111425,2.4032648
0.49402538,-32.25,115.25,2023-06-26,2.0932276,8.112897,2.403393
0.49402538,-32.25,115.25,2023-06-27,2.093692,8.113104,2.4037817
0.49402538,-32.25,115.25,2023-06-28,2.094407,8.112245,2.4041862
0.49402538,-32.25,115.25,2023-06-29,2.0940607,8.112065,2.4041324
0.49402538,-32.25,115.25,2023-06-30,2.0929427,8.111501,2.4036245
0.49402538,-32.25,115.25,2023-07-01,2.0917556,8.111195,2.402825
0.49402538,-32.25,115.25,2023-07-02,2.0918045,8.111618,2.4024382
0.49402538,-32.25,115.25,2023-07-03,2.0932517,8.112102,2.4028022
0.49402538,-32.25,115.25,2023-07-04,2.0938573,8.111053,2.4030333
0.49402538,-32.25,115.25,2023-07-05,2.0935962,8.108698,2.403016
0.49402538,-32.25,115.25,2023-07-06,2.0932505,8.108622,2.4028685
0.49402538,-32.25,115.25,2023-07-07,2.0931573,8.110976,2.4027174
0.49402538,-32.25,115.25,2023-07-08,2.093235,8.112624,2.4027603
0.49402538,-32.25,115.25,2023-07-09,2.0932698,8.112086,2.4028046
0.49402538,-32.25,115.25,2023-07-10,2.0929515,8.110003,2.4027026
0.49402538,-32.25,115.25,2023-07-11,2.0925467,8.107704,2.4024086
0.49402538,-32.25,115.25,2023-07-12,2.0924265,8.107285,2.4020944
0.49402538,-32.25,115.25,2023-07-13,2.092441,8.108308,2.402099
0.49402538,-32.25,115.25,2023-07-14,2.092583,8.109877,2.4021726
0.49402538,-32.25,115.25,2023-07-15,2.0931115,8.111219,2.4024034
0.49402538,-32.25,115.25,2023-07-16,2.0935771,8.111346,2.4025767
0.49402538,-32.25,115.25,2023-07-17,2.0934532,8.110353,2.4024217
0.49402538,-32.25,115.25,2023-07-18,2.0941153,8.10861,2.4019659
0.49402538,-32.25,115.25,2023-07-19,2.0947726,8.107873,2.4018602
0.49402538,-32.25,115.25,2023-07-20,2.0941615,8.108882,2.401937
0.49402538,-32.25,115.25,2023-07-21,2.0934832,8.108682,2.4020844
0.49402538,-32.25,115.25,2023-07-22,2.092684,8.108474,2.4023275
0.49402538,-32.25,115.25,2023-07-23,2.0924037,8.108235,2.4024389
0.49402538,-32.25,115.25,2023-07-24,2.0918968,8.107834,2.4021206
0.49402538,-32.25,115.25,2023-07-25,2.0914993,8.108276,2.401704
0.49402538,-32.25,115.25,2023-07-26,2.092004,8.109689,2.402648
0.49402538,-32.25,115.25,2023-07-27,2.0921628,8.109129,2.4031584
0.49402538,-32.25,115.25,2023-07-28,2.0924578,8.105668,2.403089
0.49402538,-32.25,115.25,2023-07-29,2.0925279,8.104582,2.4028249
0.49402538,-32.25,115.25,2023-07-30,2.0923119,8.107057,2.4027176
0.49402538,-32.25,115.25,2023-07-31,2.0921402,8.107855,2.402861
0.49402538,-32.25,115.25,2023-08-01,2.0922413,8.105252,2.4029434
0.49402538,-32.25,115.25,2023-08-02,2.0922673,8.103347,2.402586
0.49402538,-32.25,115.25,2023-08-03,2.0922234,8.1060295,2.4028869
0.49402538,-32.25,115.25,2023-08-04,2.0921962,8.109494,2.4030948
0.49402538,-32.25,115.25,2023-08-05,2.0922263,8.111229,2.4031825
0.49402538,-32.25,115.25,2023-08-06,2.092277,8.112788,2.403225
0.49402538,-32.25,115.25,2023-08-07,2.0923533,8.112994,2.4032118
0.49402538,-32.25,115.25,2023-08-08,2.0928319,8.112707,2.4034445
0.49402538,-32.25,115.25,2023-08-09,2.093235,8.11194,2.403829
0.49402538,-32.25,115.25,2023-08-10,2.093766,8.110811,2.4038427
0.49402538,-32.25,115.25,2023-08-11,2.0943232,8.110898,2.4041567
0.49402538,-32.25,115.25,2023-08-12,2.0948575,8.111088,2.404406
0.49402538,-32.25,115.25,2023-08-13,2.095074,8.109893,2.4044106
0.49402538,-32.25,115.25,2023-08-14,2.0949554,8.109717,2.4040012
0.49402538,-32.25,115.25,2023-08-15,2.0950508,8.111063,2.4036381
0.49402538,-32.25,115.25,2023-08-16,2.0955095,8.111992,2.4038532
0.49402538,-32.25,115.25,2023-08-17,2.0957015,8.112668,2.4039423
0.49402538,-32.25,115.25,2023-08-18,2.0962226,8.111651,2.4043198
0.49402538,-32.25,115.25,2023-08-19,2.0966964,8.109598,2.4045234
0.49402538,-32.25,115.25,2023-08-20,2.0973108,8.108292,2.4045742
0.49402538,-32.25,115.25,2023-08-21,2.0977504,8.107922,2.4046252
0.49402538,-32.25,115.25,2023-08-22,2.0979571,8.107455,2.4047737
0.49402538,-32.25,115.25,2023-08-23,2.098055,8.106859,2.4049377
0.49402538,-32.25,115.25,2023-08-24,2.0979369,8.106324,2.4048622
0.49402538,-32.25,115.25,2023-08-25,2.0975945,8.106604,2.4045725
0.49402538,-32.25,115.25,2023-08-26,2.0971127,8.107024,2.4044042
0.49402538,-32.25,115.25,2023-08-27,2.0965996,8.10703,2.404392
0.49402538,-32.25,115.25,2023-08-28,2.0959213,8.106667,2.4044294
0.49402538,-32.25,115.25,2023-08-29,2.0957026,8.106489,2.404533
0.49402538,-32.25,115.25,2023-08-30,2.0956929,8.10691,2.4045386
0.49402538,-32.25,115.25,2023-08-31,2.0955825,8.106428,2.4044867
0.49402538,-32.25,115.25,2023-09-01,2.095825,8.1059265,2.4038558
0.49402538,-32.25,115.25,2023-09-02,2.0968378,8.106499,2.4036736
0.49402538,-32.25,115.25,2023-09-03,2.0972178,8.10879,2.4039645
0.49402538,-32.25,115.25,2023-09-04,2.0972385,8.110806,2.404047
0.49402538,-32.25,115.25,2023-09-05,2.0974405,8.111179,2.4040422
0.49402538,-32.25,115.25,2023-09-06,2.0977082,8.111914,2.4041383
0.49402538,-32.25,115.25,2023-09-07,2.097965,8.112571,2.4044816
0.49402538,-32.25,115.25,2023-09-08,2.0981565,8.111606,2.404739
0.49402538,-32.25,115.25,2023-09-09,2.0982614,8.109453,2.4048085
0.49402538,-32.25,115.25,2023-09-10,2.0987964,8.108314,2.4050899
0.49402538,-32.25,115.25,2023-09-11,2.099902,8.105879,2.405786
0.49402538,-32.25,115.25,2023-09-12,2.1003067,8.099518,2.4058375
0.49402538,-32.25,115.25,2023-09-13,2.1010466,8.095707,2.4059854
0.49402538,-32.25,115.25,2023-09-14,2.101256,8.096128,2.40614
0.49402538,-32.25,115.25,2023-09-15,2.1011274,8.096167,2.406162
0.49402538,-32.25,115.25,2023-09-16,2.1012363,8.09422,2.406354
0.49402538,-32.25,115.25,2023-09-17,2.101085,8.093864,2.406231
0.49402538,-32.25,115.25,2023-09-18,2.101092,8.095203,2.4060287
0.49402538,-32.25,115.25,2023-09-19,2.1012151,8.096293,2.4059877
0.49402538,-32.25,115.25,2023-09-20,2.1016135,8.096722,2.4061985
0.49402538,-32.25,115.25,2023-09-21,2.1021438,8.094342,2.4062939
0.49402538,-32.25,115.25,2023-09-22,2.1027648,8.093052,2.4062884
0.49402538,-32.25,115.25,2023-09-23,2.103332,8.094856,2.4064481
0.49402538,-32.25,115.25,2023-09-24,2.1038084,8.094815,2.406713
0.49402538,-32.25,115.25,2023-09-25,2.10388,8.094328,2.4067042
0.49402538,-32.25,115.25,2023-09-26,2.1041098,8.093563,2.4068274
0.49402538,-32.25,115.25,2023-09-27,2.1044734,8.089663,2.407004
0.49402538,-32.25,115.25,2023-09-28,2.1046174,8.086884,2.4069123
0.49402538,-32.25,115.25,2023-09-29,2.1046474,8.088832,2.4068549
0.49402538,-32.25,115.25,2023-09-30,2.1042514,8.091786,2.40656
0.49402538,-32.25,115.25,2023-10-01,2.1041682,8.093713,2.4064155
0.49402538,-32.25,115.25,2023-10-02,2.1042585,8.096144,2.4065468
0.49402538,-32.25,115.25,2023-10-03,2.1044111,8.098179,2.4068313
0.49402538,-32.25,115.25,2023-10-04,2.1048284,8.096671,2.4070163
0.49402538,-32.25,115.25,2023-10-05,2.105123,8.09526,2.4069874
0.49402538,-32.25,115.25,2023-10-06,2.1055052,8.094274,2.4072416
0.49402538,-32.25,115.25,2023-10-07,2.1053753,8.090961,2.4077456
0.49402538,-32.25,115.25,2023-10-08,2.1052256,8.088945,2.4080079
0.49402538,-32.25,115.25,2023-10-09,2.104866,8.087895,2.4076333
0.49402538,-32.25,115.25,2023-10-10,2.104814,8.090447,2.4074833
0.49402538,-32.25,115.25,2023-10-11,2.10488,8.094935,2.4074667
0.49402538,-32.25,115.25,2023-10-12,2.1053448,8.0955305,2.4075177
0.49402538,-32.25,115.25,2023-10-13,2.1059124,8.093396,2.4076672
0.49402538,-32.25,115.25,2023-10-14,2.1062021,8.091178,2.4079936
0.49402538,-32.25,115.25,2023-10-15,2.1064887,8.089103,2.4085345
0.49402538,-32.25,115.25,2023-10-16,2.1065755,8.085277,2.4088097
0.49402538,-32.25,115.25,2023-10-17,2.1068344,8.082726,2.4086149
0.49402538,-32.25,115.25,2023-10-18,2.107005,8.083553,2.4085686
0.49402538,-32.25,115.25,2023-10-19,2.1071382,8.0851555,2.4085422
0.49402538,-32.25,115.25,2023-10-20,2.1074252,8.085371,2.40873
0.49402538,-32.25,115.25,2023-10-21,2.1070244,8.08222,2.4086936
0.49402538,-32.25,115.25,2023-10-22,2.1067889,8.08324,2.4085863
0.49402538,-32.25,115.25,2023-10-23,2.1068664,8.088919,2.4086444
0.49402538,-32.25,115.25,2023-10-24,2.1074471,8.090744,2.4089646
0.49402538,-32.25,115.25,2023-10-25,2.1077433,8.089548,2.4091477
0.49402538,-32.25,115.25,2023-10-26,2.1075485,8.089155,2.408937
0.49402538,-32.25,115.25,2023-10-27,2.1076472,8.091664,2.408807
0.49402538,-32.25,115.25,2023-10-28,2.1086493,8.092518,2.4090543
0.49402538,-32.25,115.25,2023-10-29,2.1095235,8.0921,2.4092872
0.49402538,-32.25,115.25,2023-10-30,2.1101925,8.0931015,2.4098072
0.49402538,-32.25,115.25,2023-10-31,2.1108172,8.092878,2.4104087
0.49402538,-32.25,115.25,2023-11-01,2.1112561,8.09081,2.4107485
0.49402538,-32.25,115.25,2023-11-02,2.111576,8.089441,2.4109154
0.49402538,-32.25,115.25,2023-11-03,2.1117797,8.088423,2.410995
0.49402538,-32.25,115.25,2023-11-04,2.1115696,8.085792,2.4106412
0.49402538,-32.25,115.25,2023-11-05,2.1109805,8.079782,2.4101937
0.49402538,-32.25,115.25,2023-11-06,2.1110609,8.077896,2.410427
0.49402538,-32.25,115.25,2023-11-07,2.111356,8.082292,2.4109447
0.49402538,-32.25,115.25,2023-11-08,2.1116266,8.081132,2.4114344
0.49402538,-32.25,115.25,2023-11-09,2.1117237,8.080362,2.411671
0.49402538,-32.25,115.25,2023-11-10,2.1117744,8.083315,2.4116955
0.49402538,-32.25,115.25,2023-11-11,2.1120198,8.083908,2.4116673
0.49402538,-32.25,115.25,2023-11-12,2.1121573,8.084316,2.4114828
0.49402538,-32.25,115.25,2023-11-13,2.1124556,8.083453,2.4115386
0.49402538,-32.25,115.25,2023-11-14,2.1126547,8.080476,2.411715
0.49402538,-32.25,115.25,2023-11-15,2.1124659,8.074371,2.411691
0.49402538,-32.25,115.25,2023-11-16,2.1127408,8.072972,2.4119606
0.49402538,-32.25,115.25,2023-11-17,2.113257,8.071685,2.412296
0.49402538,-32.25,115.25,2023-11-18,2.1137545,8.070298,2.4125211
0.49402538,-32.25,115.25,2023-11-19,2.11375,8.070329,2.4124303
0.49402538,-32.25,115.25,2023-11-20,2.1136158,8.071785,2.4123054
0.49402538,-32.25,115.25,2023-11-21,2.1137013,8.072098,2.4123242
0.49402538,-32.25,115.25,2023-11-22,2.1139219,8.070041,2.4124796
0.49402538,-32.25,115.25,2023-11-23,2.114016,8.064702,2.4126017
0.49402538,-32.25,115.25,2023-11-24,2.1141138,8.058724,2.412643
0.49402538,-32.25,115.25,2023-11-25,2.1143827,8.053482,2.4129288
0.49402538,-32.25,115.25,2023-11-26,2.1141658,8.05212,2.4129558
0.49402538,-32.25,115.25,2023-11-27,2.1137803,8.051617,2.4129658
0.49402538,-32.25,115.25,2023-11-28,2.1136167,8.049722,2.4130964
0.49402538,-32.25,115.25,2023-11-29,2.1140501,8.04947,2.4134383
0.49402538,-32.25,115.25,2023-11-30,2.1146076,8.050325,2.4137828
0.49402538,-32.25,115.25,2023-12-01,2.1148012,8.050326,2.4139464
0.49402538,-32.25,115.25,2023-12-02,2.1145563,8.050293,2.413974
0.49402538,-32.25,115.25,2023-12-03,2.1145678,8.050018,2.4142678
0.49402538,-32.25,115.25,2023-12-04,2.1148813,8.048312,2.414589
0.49402538,-32.25,115.25,2023-12-05,2.114203,8.050053,2.413961
0.49402538,-32.25,115.25,2023-12-06,2.11364,8.053789,2.4134152
0.49402538,-32.25,115.25,2023-12-07,2.1131403,8.057704,2.4129183
0.49402538,-32.25,115.25,2023-12-08,2.1132066,8.061278,2.4129689
0.49402538,-32.25,115.25,2023-12-09,2.1135828,8.063181,2.413309
0.49402538,-32.25,115.25,2023-12-10,2.113975,8.063636,2.4136925
0.49402538,-32.25,115.25,2023-12-11,2.1143267,8.061666,2.4140112
0.49402538,-32.25,115.25,2023-12-12,2.114551,8.057476,2.4142313
0.49402538,-32.25,115.25,2023-12-13,2.114501,8.055346,2.4142437
0.49402538,-32.25,115.25,2023-12-14,2.1145742,8.055796,2.4143224
0.49402538,-32.25,115.25,2023-12-15,2.114868,8.055309,2.4146218
0.49402538,-32.25,115.25,2023-12-16,2.1150696,8.053559,2.4147737
0.49402538,-32.25,115.25,2023-12-17,2.1146863,8.053127,2.4140832
0.49402538,-32.25,115.25,2023-12-18,2.1150796,8.05349,2.4141848
0.49402538,-32.25,115.25,2023-12-19,2.1157846,8.052523,2.4148974
0.49402538,-32.25,115.25,2023-12-20,2.1165032,8.050629,2.4157567
0.49402538,-32.25,115.25,2023-12-21,2.1169233,8.048972,2.4162688
0.49402538,-32.25,115.25,2023-12-22,2.1171284,8.044605,2.4165406
0.49402538,-32.25,115.25,2023-12-23,2.1172807,8.041255,2.4166753
0.49402538,-32.25,115.25,2023-12-24,2.1178515,8.041243,2.4173255
0.49402538,-32.25,115.25,2023-12-25,2.1185637,8.039203,2.4182901
0.49402538,-32.25,115.25,2023-12-26,2.11877,8.038295,2.4186049
0.49402538,-32.25,115.25,2023-12-27,2.1189432,8.039628,2.4188051
0.49402538,-32.25,115.25,2023-12-28,2.1187468,8.040827,2.418517
0.49402538,-32.25,115.25,2023-12-29,2.118295,8.042446,2.4178388
0.49402538,-32.25,115.25,2023-12-30,2.1180248,8.042721,2.4173868
0.49402538,-32.25,115.25,2023-12-31,2.118106,8.041268,2.417492
0.49402538,-32.25,115.25,2024-01-01,2.1180122,8.040642,2.4175172
0.49402538,-32.25,115.25,2024-01-02,2.1175299,8.0417185,2.4170403
0.49402538,-32.25,115.25,2024-01-03,2.1169791,8.043174,2.4163625
0.49402538,-32.25,115.25,2024-01-04,2.116689,8.044113,2.415977
0.49402538,-32.25,115.25,2024-01-05,2.1165607,8.044558,2.415887
0.49402538,-32.25,115.25,2024-01-06,2.1166017,8.043699,2.416002
0.49402538,-32.25,115.25,2024-01-07,2.116783,8.041658,2.4162896
0.49402538,-32.25,115.25,2024-01-08,2.1168191,8.040143,2.4163568
0.49402538,-32.25,115.25,2024-01-09,2.1168272,8.042184,2.4160917
0.49402538,-32.25,115.25,2024-01-10,2.116894,8.044274,2.4157832
0.49402538,-32.25,115.25,2024-01-11,2.1171646,8.043119,2.4158113
0.49402538,-32.25,115.25,2024-01-12,2.117391,8.0409565,2.4158618
0.49402538,-32.25,115.25,2024-01-13,2.117564,8.035518,2.4160178
0.49402538,-32.25,115.25,2024-01-14,2.117721,8.026141,2.4163146
0.49402538,-32.25,115.25,2024-01-15,2.1180258,8.019784,2.4169848
0.49402538,-32.25,115.25,2024-01-16,2.1182888,8.016286,2.4180279
0.49402538,-32.25,115.25,2024-01-17,2.1182199,8.014606,2.4190075
0.49402538,-32.25,115.25,2024-01-18,2.118394,8.019349,2.420038
0.49402538,-32.25,115.25,2024-01-19,2.1187227,8.024902,2.4209135
0.49402538,-32.25,115.25,2024-01-20,2.1188848,8.026295,2.4211617
0.49402538,-32.25,115.25,2024-01-21,2.1188726,8.026857,2.4208198
0.49402538,-32.25,115.25,2024-01-22,2.1193702,8.026836,2.4208684
0.49402538,-32.25,115.25,2024-01-23,2.1191535,8.027057,2.4202058
0.49402538,-32.25,115.25,2024-01-24,2.1182966,8.029889,2.4186962
0.49402538,-32.25,115.25,2024-01-25,2.116731,8.03747,2.4164999
0.49402538,-32.25,115.25,2024-01-26,2.1163626,8.045212,2.416036
0.49402538,-32.25,115.25,2024-01-27,2.1167312,8.044155,2.4163697
0.49402538,-32.25,115.25,2024-01-28,2.1172235,8.042599,2.416785
0.49402538,-32.25,115.25,2024-01-29,2.1175842,8.045471,2.41706
0.49402538,-32.25,115.25,2024-01-30,2.1174848,8.04665,2.4168127
0.49402538,-32.25,115.25,2024-01-31,2.1172798,8.04348,2.4166665
0.49402538,-32.25,115.25,2024-02-01,2.1168816,8.037225,2.416458
0.49402538,-32.25,115.25,2024-02-02,2.1165514,8.034522,2.4160664
0.49402538,-32.25,115.25,2024-02-03,2.1164384,8.038046,2.4155076
0.49402538,-32.25,115.25,2024-02-04,2.1163123,8.044163,2.4148693
0.49402538,-32.25,115.25,2024-02-05,2.1163452,8.047981,2.4144194
0.49402538,-32.25,115.25,2024-02-06,2.116653,8.0473,2.4144006
0.49402538,-32.25,115.25,2024-02-07,2.1171095,8.0429,2.4148557
0.49402538,-32.25,115.25,2024-02-08,2.1172166,8.038168,2.4151545
0.49402538,-32.25,115.25,2024-02-09,2.1172066,8.035318,2.4153333
0.49402538,-32.25,115.25,2024-02-10,2.1172318,8.034493,2.41557
0.49402538,-32.25,115.25,2024-02-11,2.1168716,8.033868,2.4156418
0.49402538,-32.25,115.25,2024-02-12,2.1167605,8.034678,2.41604
0.49402538,-32.25,115.25,2024-02-13,2.1171968,8.038413,2.4166596
0.49402538,-32.25,115.25,2024-02-14,2.1176033,8.040621,2.4170082
0.49402538,-32.25,115.25,2024-02-15,2.1180995,8.039816,2.4174826
0.49402538,-32.25,115.25,2024-02-16,2.1189861,8.038305,2.4188383
0.49402538,-32.25,115.25,2024-02-17,2.1201758,8.037011,2.4205217
0.49402538,-32.25,115.25,2024-02-18,2.1206882,8.036385,2.4212043
0.49402538,-32.25,115.25,2024-02-19,2.120346,8.03294,2.4207895
0.49402538,-32.25,115.25,2024-02-20,2.119502,8.023747,2.4200356
0.49402538,-32.25,115.25,2024-02-21,2.1192312,8.024705,2.4197245
0.49402538,-32.25,115.25,2024-02-22,2.1189122,8.036177,2.4193263
0.49402538,-32.25,115.25,2024-02-23,2.1187534,8.040499,2.419159
0.49402538,-32.25,115.25,2024-02-24,2.118079,8.041831,2.4183676
0.49402538,-32.25,115.25,2024-02-25,2.1173959,8.043484,2.417658
0.49402538,-32.25,115.25,2024-02-26,2.1175075,8.04188,2.4177911
0.49402538,-32.25,115.25,2024-02-27,2.117465,8.043307,2.4176342
0.49402538,-32.25,115.25,2024-02-28,2.1175117,8.045624,2.417484
0.49402538,-32.25,115.25,2024-02-29,2.1173851,8.04584,2.4169343
0.49402538,-32.25,115.25,2024-03-01,2.117312,8.046096,2.41649
0.49402538,-32.25,115.25,2024-03-02,2.1164415,8.042209,2.4157932
0.49402538,-32.25,115.25,2024-03-03,2.1155791,8.032556,2.4150894
0.49402538,-32.25,115.25,2024-03-04,2.1159277,8.032272,2.4155374
0.49402538,-32.25,115.25,2024-03-05,2.11594,8.039485,2.4156897
0.49402538,-32.25,115.25,2024-03-06,2.1157866,8.037901,2.4156816
0.49402538,-32.25,115.25,2024-03-07,2.1154308,8.03096,2.4156446
0.49402538,-32.25,115.25,2024-03-08,2.114987,8.030879,2.4154
0.49402538,-32.25,115.25,2024-03-09,2.115193,8.03942,2.4154499
0.49402538,-32.25,115.25,2024-03-10,2.1155815,8.0441065,2.4155748
0.49402538,-32.25,115.25,2024-03-11,2.1157792,8.043495,2.4156373
0.49402538,-32.25,115.25,2024-03-12,2.115661,8.041277,2.4154978
0.49402538,-32.25,115.25,2024-03-13,2.1154797,8.039084,2.4152174
0.49402538,-32.25,115.25,2024-03-14,2.1154778,8.039151,2.4150488
0.49402538,-32.25,115.25,2024-03-15,2.1155941,8.038477,2.4150927
0.49402538,-32.25,115.25,2024-03-16,2.1152933,8.036269,2.4150372
0.49402538,-32.25,115.25,2024-03-17,2.1147192,8.037739,2.41492
0.49402538,-32.25,115.25,2024-03-18,2.1145916,8.04309,2.4146478
0.49402538,-32.25,115.25,2024-03-19,2.1145682,8.047373,2.4145567
0.49402538,-32.25,115.25,2024-03-20,2.114674,8.04795,2.414729
0.49402538,-32.25,115.25,2024-03-21,2.1151261,8.047057,2.414951
0.49402538,-32.25,115.25,2024-03-22,2.1154068,8.047658,2.4148216
0.49402538,-32.25,115.25,2024-03-23,2.114646,8.049778,2.4148328
0.49402538,-32.25,115.25,2024-03-24,2.113318,8.050716,2.41526
0.49402538,-32.25,115.25,2024-03-25,2.1123986,8.049789,2.4154832
0.49402538,-32.25,115.25,2024-03-26,2.1119092,8.049056,2.4154756
0.49402538,-32.25,115.25,2024-03-27,2.1122863,8.048224,2.4157567
0.49402538,-32.25,115.25,2024-03-28,2.1140037,8.048038,2.4168987
0.49402538,-32.25,115.25,2024-03-29,2.1139672,8.048861,2.4173732
0.49402538,-32.25,115.25,2024-03-30,2.1117063,8.047506,2.4163733
0.49402538,-32.25,115.25,2024-03-31,2.1097164,8.047584,2.4150863
0.49402538,-32.25,115.25,2024-04-01,2.1091342,8.049037,2.4146147
0.49402538,-32.25,115.25,2024-04-02,2.1086266,8.049748,2.4141593
0.49402538,-32.25,115.25,2024-04-03,2.108267,8.0500965,2.4139245
0.49402538,-32.25,115.25,2024-04-04,2.1091242,8.049703,2.4147053
0.49402538,-32.25,115.25,2024-04-05,2.1105626,8.049327,2.4160357
0.49402538,-32.25,115.25,2024-04-06,2.1108322,8.047383,2.4164932
0.49402538,-32.25,115.25,2024-04-07,2.1104336,8.045804,2.4162774
0.49402538,-32.25,115.25,2024-04-08,2.1102986,8.048061,2.416224
0.49402538,-32.25,115.25,2024-04-09,2.1102912,8.051305,2.416242
0.49402538,-32.25,115.25,2024-04-10,2.1101193,8.052789,2.416152
0.49402538,-32.25,115.25,2024-04-11,2.1091342,8.052657,2.4156165
0.49402538,-32.25,115.25,2024-04-12,2.1074722,8.050841,2.4148
0.49402538,-32.25,115.25,2024-04-13,2.106358,8.049227,2.4142466
0.49402538,-32.25,115.25,2024-04-14,2.1059618,8.05005,2.4140513
0.49402538,-32.25,115.25,2024-04-15,2.1059022,8.050873,2.4140658
0.49402538,-32.25,115.25,2024-04-16,2.1059337,8.050824,2.4140973
0.49402538,-32.25,115.25,2024-04-17,2.1063688,8.050125,2.414387
0.49402538,-32.25,115.25,2024-04-18,2.106115,8.050357,2.4144282
0.49402538,-32.25,115.25,2024-04-19,2.1039526,8.048446,2.4133897
0.49402538,-32.25,115.25,2024-04-20,2.1016335,8.043776,2.4121137
0.49402538,-32.25,115.25,2024-04-21,2.1012652,8.041477,2.4119384
0.49402538,-32.25,115.25,2024-04-22,2.1022682,8.045155,2.4125218
0.49402538,-32.25,115.25,2024-04-23,2.102866,8.050977,2.4127848
0.49402538,-32.25,115.25,2024-04-24,2.1033297,8.053856,2.4129689
0.49402538,-32.25,115.25,2024-04-25,2.103356,8.05547,2.4127996
0.49402538,-32.25,115.25,2024-04-26,2.1041994,8.056241,2.413569
0.49402538,-32.25,115.25,2024-04-27,2.1047256,8.054917,2.414132
0.49402538,-32.25,115.25,2024-04-28,2.104685,8.052611,2.4140487
0.49402538,-32.25,115.25,2024-04-29,2.1038742,8.052714,2.413215
0.49402538,-32.25,115.25,2024-04-30,2.1026237,8.054035,2.411542
0.49402538,-32.25,115.25,2024-05-01,2.1001525,8.054559,2.4094262
0.49402538,-32.25,115.25,2024-05-02,2.0976427,8.050411,2.4086137
0.49402538,-32.25,115.25,2024-05-03,2.097946,8.045235,2.4094648
0.49402538,-32.25,115.25,2024-05-04,2.0982265,8.045892,2.4097302
0.49402538,-32.25,115.25,2024-05-05,2.0977943,8.0480795,2.409474
0.49402538,-32.25,115.25,2024-05-06,2.0979443,8.04984,2.4097266
0.49402538,-32.25,115.25,2024-05-07,2.0991166,8.0512905,2.4107811
0.49402538,-32.25,115.25,2024-05-08,2.1003768,8.052975,2.4117596
0.49402538,-32.25,115.25,2024-05-09,2.0990083,8.055887,2.410707
0.49402538,-32.25,115.25,2024-05-10,2.0976644,8.056705,2.409797
0.49402538,-32.25,115.25,2024-05-11,2.097846,8.055208,2.4101892
0.49402538,-32.25,115.25,2024-05-12,2.0982187,8.05473,2.4106386
0.49402538,-32.25,115.25,2024-05-13,2.0973597,8.05502,2.4103258
0.49402538,-32.25,115.25,2024-05-14,2.0942388,8.05475,2.408718
0.49402538,-32.25,115.25,2024-05-15,2.0905235,8.052505,2.4068048
0.49402538,-32.25,115.25,2024-05-16,2.0899918,8.049218,2.406664
0.49402538,-32.25,115.25,2024-05-17,2.0914125,8.048627,2.4076807
0.49402538,-32.25,115.25,2024-05-18,2.090792,8.049953,2.4074006
0.49402538,-32.25,115.25,2024-05-19,2.0879984,8.051353,2.405805
0.49402538,-32.25,115.25,2024-05-20,2.0839741,8.052109,2.403333
0.49402538,-32.25,115.25,2024-05-21,2.0821292,8.050462,2.4021878
0.49402538,-32.25,115.25,2024-05-22,2.0821228,8.049832,2.4022245
0.49402538,-32.25,115.25,2024-05-23,2.0832982,8.050885,2.4030223
0.49402538,-32.25,115.25,2024-05-24,2.0854447,8.051943,2.4044764
0.49402538,-32.25,115.25,2024-05-25,2.0872674,8.054935,2.4060242
0.49402538,-32.25,115.25,2024-05-26,2.0877347,8.056792,2.406371
0.49402538,-32.25,115.25,2024-05-27,2.087112,8.055853,2.4052825
0.49402538,-32.25,115.25,2024-05-28,2.0862498,8.055567,2.4039304
0.49402538,-32.25,115.25,2024-05-29,2.08676,8.057945,2.4035504
0.49402538,-32.25,115.25,2024-05-30,2.0872476,8.060877,2.403517
0.49402538,-32.25,115.25,2024-05-31,2.0878232,8.060075,2.4036443
0.49402538,-32.25,115.25,2024-06-01,2.0893512,8.056921,2.403397
0.49402538,-32.25,115.25,2024-06-02,2.0894449,8.0581455,2.403301
0.49402538,-32.25,115.25,2024-06-03,2.089141,8.06055,2.4033148
0.49402538,-32.25,115.25,2024-06-04,2.0886345,8.061787,2.4031622
0.49402538,-32.25,115.25,2024-06-05,2.087874,8.063523,2.4028943
0.49402538,-32.25,115.25,2024-06-06,2.0868735,8.066938,2.4024365
0.49402538,-32.25,115.25,2024-06-07,2.0864348,8.068912,2.402356
0.49402538,-32.25,115.25,2024-06-08,2.0857332,8.0680275,2.4019923
0.49402538,-32.25,115.25,2024-06-09,2.0853226,8.067146,2.4015253
0.49402538,-32.25,115.25,2024-06-10,2.0853305,8.068953,2.4012475
0.49402538,-32.25,115.25,2024-06-11,2.085296,8.070349,2.4012454
0.49402538,-32.25,115.25,2024-06-12,2.0853307,8.069807,2.4012933
0.49402538,-32.25,115.25,2024-06-13,2.0854976,8.069101,2.4015703
0.49402538,-32.25,115.25,2024-06-14,2.0856807,8.068547,2.4018626
0.49402538,-32.25,115.25,2024-06-15,2.0855606,8.0690775,2.401787
0.49402538,-32.25,115.25,2024-06-16,2.085348,8.0700245,2.4016824
0.49402538,-32.25,115.25,2024-06-17,2.0860956,8.070846,2.402453
0.49402538,-32.25,115.25,2024-06-18,2.0871592,8.073088,2.4032218
0.49402538,-32.25,115.25,2024-06-19,2.0884984,8.074979,2.4040174
0.49402538,-32.25,115.25,2024-06-20,2.0901635,8.074388,2.4048345
0.49402538,-32.25,115.25,2024-06-21,2.0918367,8.072671,2.4050636
0.49402538,-32.25,115.25,2024-06-22,2.0927596,8.07346,2.4053638
0.49402538,-32.25,115.25,2024-06-23,2.093106,8.075222,2.4055045
0.49402538,-32.25,115.25,2024-06-24,2.0931618,8.077067,2.4055636
0.49402538,-32.25,115.25,2024-06-25,2.0929208,8.078704,2.4055543
0.49402538,-32.25,115.25,2024-06-26,2.09201,8.079017,2.4051766
0.49402538,-32.25,115.25,2024-06-27,2.0913217,8.078869,2.405191
0.49402538,-32.25,115.25,2024-06-28,2.091556,8.07916,2.4055274
0.49402538,-32.25,115.25,2024-06-29,2.0915623,8.079913,2.405705
0.49402538,-32.25,115.25,2024-06-30,2.0912511,8.080476,2.405614
0.49402538,-32.25,115.25,2024-07-01,2.0909688,8.081366,2.405375
0.49402538,-32.25,115.25,2024-07-02,2.0907238,8.083704,2.4052658
0.49402538,-32.25,115.25,2024-07-03,2.0904996,8.084706,2.4052513
0.49402538,-32.25,115.25,2024-07-04,2.0903182,8.082996,2.405311
0.49402538,-32.25,115.25,2024-07-05,2.090435,8.0818405,2.4053826
0.49402538,-32.25,115.25,2024-07-06,2.0906844,8.082138,2.4051619
0.49402538,-32.25,115.25,2024-07-07,2.0909898,8.083776,2.4053636
0.49402538,-32.25,115.25,2024-07-08,2.0914314,8.083423,2.4057407
0.49402538,-32.25,115.25,2024-07-09,2.0912347,8.080586,2.4055092
0.49402538,-32.25,115.25,2024-07-10,2.0907865,8.079683,2.4052966
0.49402538,-32.25,115.25,2024-07-11,2.0906174,8.081403,2.4053123
0.49402538,-32.25,115.25,2024-07-12,2.090776,8.081902,2.405494
0.49402538,-32.25,115.25,2024-07-13,2.0912209,8.0818,2.4057608
0.49402538,-32.25,115.25,2024-07-14,2.0915196,8.082463,2.4057326
0.49402538,-32.25,115.25,2024-07-15,2.0918794,8.082581,2.4058833
0.49402538,-32.25,115.25,2024-07-16,2.0917878,8.081326,2.405855
0.49402538,-32.25,115.25,2024-07-17,2.0920162,8.079785,2.4055755
0.49402538,-32.25,115.25,2024-07-18,2.094392,8.080049,2.4061923
0.49402538,-32.25,115.25,2024-07-19,2.0960143,8.083041,2.4067748
0.49402538,-32.25,115.25,2024-07-20,2.096496,8.086166,2.407026
0.49402538,-32.25,115.25,2024-07-21,2.0967996,8.08824,2.4071217
0.49402538,-32.25,115.25,2024-07-22,2.0967157,8.087004,2.4068005
0.49402538,-32.25,115.25,2024-07-23,2.0965717,8.084386,2.4066362
0.49402538,-32.25,115.25,2024-07-24,2.096628,8.085093,2.4066691
0.49402538,-32.25,115.25,2024-07-25,2.0964944,8.08851,2.4063883
0.49402538,-32.25,115.25,2024-07-26,2.0964239,8.088809,2.4062696
0.49402538,-32.25,115.25,2024-07-27,2.096216,8.086373,2.4060535
0.49402538,-32.25,115.25,2024-07-28,2.0958757,8.086938,2.4056742
0.49402538,-32.25,115.25,2024-07-29,2.0952716,8.087791,2.4053745
0.49402538,-32.25,115.25,2024-07-30,2.0943255,8.086653,2.404967
0.49402538,-32.25,115.25,2024-07-31,2.0937786,8.086276,2.404571
0.49402538,-32.25,115.25,2024-08-01,2.0935674,8.088203,2.4044635
0.49402538,-32.25,115.25,2024-08-02,2.0932722,8.089861,2.4043648
0.49402538,-32.25,115.25,2024-08-03,2.0929983,8.0900345,2.404248
0.49402538,-32.25,115.25,2024-08-04,2.0928187,8.091034,2.4041255
0.49402538,-32.25,115.25,2024-08-05,2.0925574,8.092412,2.4039328
0.49402538,-32.25,115.25,2024-08-06,2.0918107,8.092585,2.4033642
0.49402538,-32.25,115.25,2024-08-07,2.090947,8.092965,2.4028308
0.49402538,-32.25,115.25,2024-08-08,2.090621,8.09349,2.4025447
0.49402538,-32.25,115.25,2024-08-09,2.0907238,8.0934,2.4025152
0.49402538,-32.25,115.25,2024-08-10,2.0906475,8.09286,2.4023178
0.49402538,-32.25,115.25,2024-08-11,2.0906641,8.0939665,2.402211
0.49402538,-32.25,115.25,2024-08-12,2.0908072,8.096621,2.4022324
0.49402538,-32.25,115.25,2024-08-13,2.0908647,8.097587,2.4022498
0.49402538,-32.25,115.25,2024-08-14,2.090905,8.097188,2.4022553
0.49402538,-32.25,115.25,2024-08-15,2.0908394,8.097656,2.4021864
0.49402538,-32.25,115.25,2024-08-16,2.0904357,8.098506,2.4016209
0.49402538,-32.25,115.25,2024-08-17,2.0899231,8.099459,2.4006362
0.49402538,-32.25,115.25,2024-08-18,2.0900989,8.1012745,2.4004295
0.49402538,-32.25,115.25,2024-08-19,2.0904467,8.103044,2.400496
0.49402538,-32.25,115.25,2024-08-20,2.0906415,8.1037035,2.4005306
0.49402538,-32.25,115.25,2024-08-21,2.090451,8.103212,2.4002154
0.49402538,-32.25,115.25,2024-08-22,2.090287,8.103626,2.4000568
0.49402538,-32.25,115.25,2024-08-23,2.0903122,8.104386,2.4000633
0.49402538,-32.25,115.25,2024-08-24,2.0908213,8.104145,2.4004385
0.49402538,-32.25,115.25,2024-08-25,2.0915549,8.103178,2.4008152
0.49402538,-32.25,115.25,2024-08-26,2.092393,8.102331,2.4011807
0.49402538,-32.25,115.25,2024-08-27,2.093618,8.102264,2.402016
0.49402538,-32.25,115.25,2024-08-28,2.0954535,8.100338,2.4032404
0.49402538,-32.25,115.25,2024-08-29,2.0971186,8.097588,2.404197
0.49402538,-32.25,115.25,2024-08-30,2.0978665,8.096876,2.404515
0.49402538,-32.25,115.25,2024-08-31,2.098154,8.097067,2.4045804
0.49402538,-32.25,115.25,2024-09-01,2.0982096,8.097269,2.4045663
0.49402538,-32.25,115.25,2024-09-02,2.0981865,8.095092,2.404567
0.49402538,-32.25,115.25,2024-09-03,2.0982163,8.092904,2.4044268
0.49402538,-32.25,115.25,2024-09-04,2.098446,8.094262,2.4043193
0.49402538,-32.25,115.25,2024-09-05,2.0988092,8.097572,2.4042635
0.49402538,-32.25,115.25,2024-09-06,2.0989416,8.099934,2.4040165
0.49402538,-32.25,115.25,2024-09-07,2.099049,8.098421,2.403724
0.49402538,-32.25,115.25,2024-09-08,2.0993521,8.094805,2.4037988
0.49402538,-32.25,115.25,2024-09-09,2.0995595,8.093038,2.4041035
0.49402538,-32.25,115.25,2024-09-10,2.099725,8.093643,2.404521
0.49402538,-32.25,115.25,2024-09-11,2.1000683,8.093163,2.404883
0.49402538,-32.25,115.25,2024-09-12,2.1004934,8.090747,2.4052198
0.49402538,-32.25,115.25,2024-09-13,2.1007864,8.089169,2.405654
0.49402538,-32.25,115.25,2024-09-14,2.1007993,8.089203,2.4061923
0.49402538,-32.25,115.25,2024-09-15,2.1008024,8.089222,2.4066942
0.49402538,-32.25,115.25,2024-09-16,2.1008158,8.089137,2.4070513
0.49402538,-32.25,115.25,2024-09-17,2.1008265,8.088167,2.4071867
0.49402538,-32.25,115.25,2024-09-18,2.1005251,8.088565,2.4068954
0.49402538,-32.25,115.25,2024-09-19,2.1006773,8.09011,2.4069078
0.49402538,-32.25,115.25,2024-09-20,2.1010754,8.090674,2.406955
0.49402538,-32.25,115.25,2024-09-21,2.1017263,8.090961,2.4071403
0.49402538,-32.25,115.25,2024-09-22,2.1024485,8.090893,2.4073844
0.49402538,-32.25,115.25,2024-09-23,2.1031194,8.091291,2.407545
0.49402538,-32.25,115.25,2024-09-24,2.1036165,8.092582,2.4077098
0.49402538,-32.25,115.25,2024-09-25,2.1038978,8.093044,2.407947
0.49402538,-32.25,115.25,2024-09-26,2.1036615,8.092653,2.4078112
0.49402538,-32.25,115.25,2024-09-27,2.1035523,8.093098,2.4075358
0.49402538,-32.25,115.25,2024-09-28,2.1035955,8.094555,2.4075534
0.49402538,-32.25,115.25,2024-09-29,2.1035748,8.094724,2.4076898
0.49402538,-32.25,115.25,2024-09-30,2.1040168,8.09333,2.4079275
0.49402538,-32.25,115.25,2024-10-01,2.1041493,8.092789,2.4077604
0.49402538,-32.25,115.25,2024-10-02,2.1041324,8.094704,2.4071853
0.49402538,-32.25,115.25,2024-10-03,2.1048963,8.097771,2.4072366
0.49402538,-32.25,115.25,2024-10-04,2.1054733,8.098816,2.407394
0.49402538,-32.25,115.25,2024-10-05,2.1061976,8.096392,2.4076495
0.49402538,-32.25,115.25,2024-10-06,2.1072206,8.092364,2.40805
0.49402538,-32.25,115.25,2024-10-07,2.108083,8.089935,2.4083807
0.49402538,-32.25,115.25,2024-10-08,2.1083162,8.090061,2.4083881
0.49402538,-32.25,115.25,2024-10-09,2.1084177,8.091852,2.4085357
0.49402538,-32.25,115.25,2024-10-10,2.1085958,8.091706,2.4088056
0.49402538,-32.25,115.25,2024-10-11,2.1089914,8.089853,2.409171
