depth,latitude,longitude,time,fe,no3,po4,si
0.49402538,-32.0,115.25,2021-11-01,0.0009370616,0.0020822962,0.1314437,2.4855213
0.49402538,-32.0,115.25,2021-11-02,0.0010572771,0.0022700566,0.13127883,2.5051265
0.49402538,-32.0,115.25,2021-11-03,0.0011123503,0.0023064187,0.13165976,2.5059185
0.49402538,-32.0,115.25,2021-11-04,0.0010638118,0.0015551602,0.13209762,2.4932642
0.49402538,-32.0,115.25,2021-11-05,0.0010014572,0.0013620837,0.13251661,2.4812396
0.49402538,-32.0,115.25,2021-11-06,0.0009572373,0.0012832019,0.13298708,2.473573
0.49402538,-32.0,115.25,2021-11-07,0.00093939714,0.0012972277,0.13334571,2.47091
0.49402538,-32.0,115.25,2021-11-08,0.00093294674,0.0014866113,0.13363256,2.469713
0.49402538,-32.0,115.25,2021-11-09,0.0009752542,0.0018563996,0.13353378,2.4792016
0.49402538,-32.0,115.25,2021-11-10,0.0011305308,0.002199757,0.1325417,2.5146873
0.49402538,-32.0,115.25,2021-11-11,0.0013515161,0.001971832,0.13119861,2.5564022
0.49402538,-32.0,115.25,2021-11-12,0.0014637662,0.0016534847,0.13055442,2.575605
0.49402538,-32.0,115.25,2021-11-13,0.0014797703,0.0014536695,0.13052958,2.5831861
0.49402538,-32.0,115.25,2021-11-14,0.00146894,0.0018941455,0.13072725,2.593414
0.49402538,-32.0,115.25,2021-11-15,0.0013777495,0.0027654688,0.13131514,2.5893464
0.49402538,-32.0,115.25,2021-11-16,0.0012157138,0.0029146788,0.13214704,2.5688977
0.49402538,-32.0,115.25,2021-11-17,0.0011280498,0.0023363042,0.13219996,2.5564024
0.49402538,-32.0,115.25,2021-11-18,0.0010904078,0.0012042334,0.13197476,2.5532262
0.49402538,-32.0,115.25,2021-11-19,0.0010494177,0.0011310538,0.13195243,2.5513916
0.49402538,-32.0,115.25,2021-11-20,0.0010260267,0.0015375316,0.13199067,2.5506375
0.49402538,-32.0,115.25,2021-11-21,0.0010408002,0.0014628342,0.13180085,2.5526779
0.49402538,-32.0,115.25,2021-11-22,0.0011099179,0.001142186,0.13165006,2.5550535
0.49402538,-32.0,115.25,2021-11-23,0.0011745951,0.0012363896,0.1314683,2.556354
0.49402538,-32.0,115.25,2021-11-24,0.0011971935,0.0016000968,0.13122469,2.55792
0.49402538,-32.0,115.25,2021-11-25,0.001221792,0.0017984665,0.13093445,2.5598085
0.49402538,-32.0,115.25,2021-11-26,0.0012560576,0.0020910448,0.13062182,2.5637589
0.49402538,-32.0,115.25,2021-11-27,0.0013528764,0.0030904429,0.13002728,2.5759141
0.49402538,-32.0,115.25,2021-11-28,0.001466542,0.0026178157,0.12938875,2.5899022
0.49402538,-32.0,115.25,2021-11-29,0.0015601375,0.0015760756,0.12899187,2.6013393
0.49402538,-32.0,115.25,2021-11-30,0.0015207165,0.0011256909,0.12926885,2.5989041
0.49402538,-32.0,115.25,2021-12-01,0.0013657456,0.0010800214,0.13002263,2.5871835
0.49402538,-32.0,115.25,2021-12-02,0.0011698044,0.0011393211,0.1311075,2.5717673
0.49402538,-32.0,115.25,2021-12-03,0.0009934991,0.0015900738,0.1322465,2.556738
0.49402538,-32.0,115.25,2021-12-04,0.00088350824,0.0018752811,0.13305637,2.5459685
0.49402538,-32.0,115.25,2021-12-05,0.000803884,0.0018504234,0.13398537,2.5356147
0.49402538,-32.0,115.25,2021-12-06,0.0007048173,0.0020199285,0.1352956,2.523844
0.49402538,-32.0,115.25,2021-12-07,0.0006349014,0.002098953,0.13579695,2.520418
0.49402538,-32.0,115.25,2021-12-08,0.000661984,0.002606453,0.13423021,2.533126
0.49402538,-32.0,115.25,2021-12-09,0.00076287606,0.002372733,0.13085121,2.5643418
0.49402538,-32.0,115.25,2021-12-10,0.0008390765,0.0018631796,0.12809339,2.591786
0.49402538,-32.0,115.25,2021-12-11,0.00090813445,0.0016795929,0.126979,2.6067266
0.49402538,-32.0,115.25,2021-12-12,0.0010148227,0.0012943094,0.12693594,2.6110008
0.49402538,-32.0,115.25,2021-12-13,0.000989761,0.0012633849,0.12713763,2.6101413
0.49402538,-32.0,115.25,2021-12-14,0.0009536791,0.0013544969,0.12730324,2.6082492
0.49402538,-32.0,115.25,2021-12-15,0.000927253,0.0014864593,0.12756176,2.6047084
0.49402538,-32.0,115.25,2021-12-16,0.0009435913,0.0016548599,0.12762667,2.6023638
0.49402538,-32.0,115.25,2021-12-17,0.0011436628,0.0015309884,0.12706089,2.6045423
0.49402538,-32.0,115.25,2021-12-18,0.0012538888,0.0014589201,0.12909764,2.589932
0.49402538,-32.0,115.25,2021-12-19,0.0010935237,0.0017281786,0.13384303,2.5513976
0.49402538,-32.0,115.25,2021-12-20,0.00095515297,0.0014884154,0.13671723,2.525508
0.49402538,-32.0,115.25,2021-12-21,0.0009082406,0.0014142503,0.13755704,2.5150871
0.49402538,-32.0,115.25,2021-12-22,0.00090746855,0.0015383789,0.13826583,2.5050783
0.49402538,-32.0,115.25,2021-12-23,0.00083399314,0.0017134843,0.14207703,2.470959
0.49402538,-32.0,115.25,2021-12-24,0.00073296035,0.0017897205,0.1457645,2.4386945
0.49402538,-32.0,115.25,2021-12-25,0.0007418798,0.0020834594,0.14446902,2.4489691
0.49402538,-32.0,115.25,2021-12-26,0.00091470074,0.0025658307,0.13924862,2.4937253
0.49402538,-32.0,115.25,2021-12-27,0.0013197548,0.003493847,0.13248616,2.5392053
0.49402538,-32.0,115.25,2021-12-28,0.001668922,0.003728306,0.12852749,2.565254
0.49402538,-32.0,115.25,2021-12-29,0.0017093881,0.002744387,0.12724288,2.5755885
0.49402538,-32.0,115.25,2021-12-30,0.0016274566,0.0016605891,0.12715374,2.580185
0.49402538,-32.0,115.25,2021-12-31,0.0015250235,0.0012195115,0.12763985,2.580052
0.49402538,-32.0,115.25,2022-01-01,0.0014200951,0.0011570413,0.12842213,2.5741818
0.49402538,-32.0,115.25,2022-01-02,0.0013615115,0.0013485745,0.12895003,2.5641704
0.49402538,-32.0,115.25,2022-01-03,0.001335804,0.0015514244,0.12906273,2.5578663
0.49402538,-32.0,115.25,2022-01-04,0.001236718,0.001550775,0.12910146,2.5604103
0.49402538,-32.0,115.25,2022-01-05,0.0010957841,0.0018395178,0.12909085,2.5649278
0.49402538,-32.0,115.25,2022-01-06,0.001029566,0.0018358454,0.12892224,2.5676737
0.49402538,-32.0,115.25,2022-01-07,0.001010861,0.0016290852,0.128778,2.569011
0.49402538,-32.0,115.25,2022-01-08,0.000986436,0.0012645,0.12900393,2.569057
0.49402538,-32.0,115.25,2022-01-09,0.0009803703,0.0011881393,0.12955037,2.565427
0.49402538,-32.0,115.25,2022-01-10,0.0010288312,0.0014196665,0.12972423,2.5596306
0.49402538,-32.0,115.25,2022-01-11,0.0011226321,0.0019054825,0.12937531,2.553185
0.49402538,-32.0,115.25,2022-01-12,0.0011645664,0.0019143999,0.1289908,2.5500863
0.49402538,-32.0,115.25,2022-01-13,0.0011680939,0.0016231108,0.1288342,2.5496833
0.49402538,-32.0,115.25,2022-01-14,0.0012001998,0.0015702503,0.12867025,2.5483153
0.49402538,-32.0,115.25,2022-01-15,0.0012392084,0.001450122,0.12853926,2.5458727
0.49402538,-32.0,115.25,2022-01-16,0.0012728821,0.0012842609,0.12858273,2.5415673
0.49402538,-32.0,115.25,2022-01-17,0.0013341602,0.0015546179,0.12856182,2.5333636
0.49402538,-32.0,115.25,2022-01-18,0.0013832296,0.0026705347,0.12824103,2.5279095
0.49402538,-32.0,115.25,2022-01-19,0.0013692913,0.0032680763,0.12785602,2.530701
0.49402538,-32.0,115.25,2022-01-20,0.0014240383,0.0034617765,0.12750195,2.533082
0.49402538,-32.0,115.25,2022-01-21,0.001521004,0.0031520436,0.12687665,2.5404472
0.49402538,-32.0,115.25,2022-01-22,0.0014631173,0.0025863699,0.12543909,2.570804
0.49402538,-32.0,115.25,2022-01-23,0.0014229019,0.0017657769,0.124178395,2.5956445
0.49402538,-32.0,115.25,2022-01-24,0.0014692806,0.001327139,0.12408908,2.6017518
0.49402538,-32.0,115.25,2022-01-25,0.0014717589,0.0013724214,0.124744155,2.598685
0.49402538,-32.0,115.25,2022-01-26,0.0014872893,0.0014433567,0.12567264,2.590047
0.49402538,-32.0,115.25,2022-01-27,0.0015249384,0.0014219724,0.12682588,2.5742977
0.49402538,-32.0,115.25,2022-01-28,0.0015797768,0.0015139095,0.12789123,2.5552998
0.49402538,-32.0,115.25,2022-01-29,0.0017096506,0.0019834996,0.12814596,2.539973
0.49402538,-32.0,115.25,2022-01-30,0.0017750973,0.0016768808,0.1281886,2.5367913
0.49402538,-32.0,115.25,2022-01-31,0.001604331,0.0012510405,0.12936611,2.5429754
0.49402538,-32.0,115.25,2022-02-01,0.0013612075,0.0012105787,0.13166694,2.5410304
0.49402538,-32.0,115.25,2022-02-02,0.0012373851,0.0013723786,0.13326523,2.5347903
0.49402538,-32.0,115.25,2022-02-03,0.0012452519,0.0022710497,0.13336234,2.5318758
0.49402538,-32.0,115.25,2022-02-04,0.001291058,0.0033700422,0.13276689,2.5332077
0.49402538,-32.0,115.25,2022-02-05,0.0013214651,0.0029579927,0.13217576,2.5355756
0.49402538,-32.0,115.25,2022-02-06,0.001351929,0.0013535104,0.13208055,2.5361915
0.49402538,-32.0,115.25,2022-02-07,0.0014589918,0.0012159855,0.1318061,2.5350862
0.49402538,-32.0,115.25,2022-02-08,0.0015030755,0.0015398186,0.13155612,2.534292
0.49402538,-32.0,115.25,2022-02-09,0.0015788468,0.0013035471,0.13135923,2.531047
0.49402538,-32.0,115.25,2022-02-10,0.001732206,0.0017342964,0.13095187,2.5260699
0.49402538,-32.0,115.25,2022-02-11,0.0018033644,0.0021865906,0.13102607,2.522336
0.49402538,-32.0,115.25,2022-02-12,0.0015589363,0.0014460093,0.13342029,2.5114353
0.49402538,-32.0,115.25,2022-02-13,0.0012407299,0.0015177618,0.13556676,2.5018346
0.49402538,-32.0,115.25,2022-02-14,0.0011248494,0.0021368153,0.13513735,2.5118725
0.49402538,-32.0,115.25,2022-02-15,0.0012034305,0.0023277802,0.13227846,2.5390377
0.49402538,-32.0,115.25,2022-02-16,0.0014061151,0.0019757627,0.12969618,2.5654142
0.49402538,-32.0,115.25,2022-02-17,0.0015342928,0.0017580701,0.128213,2.5868454
0.49402538,-32.0,115.25,2022-02-18,0.0016072815,0.0020250056,0.12668206,2.605331
0.49402538,-32.0,115.25,2022-02-19,0.0016272324,0.0019265962,0.12526895,2.6210382
0.49402538,-32.0,115.25,2022-02-20,0.0015732411,0.0013734003,0.124263264,2.6333933
0.49402538,-32.0,115.25,2022-02-21,0.0014967641,0.001343062,0.12330673,2.6440392
0.49402538,-32.0,115.25,2022-02-22,0.0014250856,0.0011129286,0.122519866,2.6526575
0.49402538,-32.0,115.25,2022-02-23,0.0013568411,0.0009996535,0.12234965,2.6563222
0.49402538,-32.0,115.25,2022-02-24,0.0013178858,0.0011157136,0.12228446,2.6572826
0.49402538,-32.0,115.25,2022-02-25,0.0013803388,0.001263064,0.12225039,2.6531289
0.49402538,-32.0,115.25,2022-02-26,0.001473072,0.0010370068,0.12207958,2.647129
0.49402538,-32.0,115.25,2022-02-27,0.0014276128,0.0011387697,0.12186088,2.6461494
0.49402538,-32.0,115.25,2022-02-28,0.0013735996,0.0014639543,0.121534064,2.6467621
0.49402538,-32.0,115.25,2022-03-01,0.0013856345,0.0012216226,0.121386915,2.6424918
0.49402538,-32.0,115.25,2022-03-02,0.0013140701,0.0011160846,0.12147471,2.6390483
0.49402538,-32.0,115.25,2022-03-03,0.00113803,0.0011189814,0.12231665,2.6337988
0.49402538,-32.0,115.25,2022-03-04,0.0009824381,0.0012112841,0.12357397,2.6233647
0.49402538,-32.0,115.25,2022-03-05,0.00089246297,0.0014222591,0.124344155,2.6125317
0.49402538,-32.0,115.25,2022-03-06,0.00092025247,0.0016711688,0.12446089,2.6015747
0.49402538,-32.0,115.25,2022-03-07,0.0010849643,0.0015565885,0.12403541,2.594594
0.49402538,-32.0,115.25,2022-03-08,0.0011235564,0.0016570425,0.1232985,2.603201
0.49402538,-32.0,115.25,2022-03-09,0.0011329133,0.0020642434,0.12268169,2.61192
0.49402538,-32.0,115.25,2022-03-10,0.0011619709,0.0025460112,0.12219193,2.618124
0.49402538,-32.0,115.25,2022-03-11,0.0011500572,0.0031888997,0.12163039,2.624845
0.49402538,-32.0,115.25,2022-03-12,0.0011160314,0.0024312728,0.121120274,2.6297324
0.49402538,-32.0,115.25,2022-03-13,0.0010913518,0.0029742192,0.12041362,2.6351292
0.49402538,-32.0,115.25,2022-03-14,0.0011026927,0.0028060884,0.11950247,2.6422648
0.49402538,-32.0,115.25,2022-03-15,0.0011539115,0.0018923214,0.11880533,2.6479769
0.49402538,-32.0,115.25,2022-03-16,0.0012153374,0.0018451352,0.11833882,2.6512306
0.49402538,-32.0,115.25,2022-03-17,0.001284503,0.0020558974,0.11797185,2.6517503
0.49402538,-32.0,115.25,2022-03-18,0.0013385594,0.0019394057,0.11794558,2.6501923
0.49402538,-32.0,115.25,2022-03-19,0.0013693023,0.0015102976,0.118531466,2.6483226
0.49402538,-32.0,115.25,2022-03-20,0.0013717335,0.0015316508,0.118997216,2.6484206
0.49402538,-32.0,115.25,2022-03-21,0.0013614595,0.0014538558,0.11979132,2.644802
0.49402538,-32.0,115.25,2022-03-22,0.0013398526,0.0013728921,0.12029701,2.6416633
0.49402538,-32.0,115.25,2022-03-23,0.0013170496,0.0013564345,0.12042916,2.6404583
0.49402538,-32.0,115.25,2022-03-24,0.0013542329,0.0014799308,0.12010887,2.6406293
0.49402538,-32.0,115.25,2022-03-25,0.0014365811,0.0023015651,0.119167626,2.6427057
0.49402538,-32.0,115.25,2022-03-26,0.0014189703,0.0023279146,0.11790203,2.6475372
0.49402538,-32.0,115.25,2022-03-27,0.0014710813,0.0016451228,0.117729194,2.6499093
0.49402538,-32.0,115.25,2022-03-28,0.0014531808,0.0019670862,0.11771145,2.652279
0.49402538,-32.0,115.25,2022-03-29,0.0015535395,0.00227306,0.11776633,2.651882
0.49402538,-32.0,115.25,2022-03-30,0.0016983072,0.0021066354,0.11742706,2.6547859
0.49402538,-32.0,115.25,2022-03-31,0.0016969531,0.0018967924,0.11592262,2.667982
0.49402538,-32.0,115.25,2022-04-01,0.0015414419,0.0019037089,0.11357083,2.68896
0.49402538,-32.0,115.25,2022-04-02,0.0013456952,0.002243964,0.11144468,2.7068715
0.49402538,-32.0,115.25,2022-04-03,0.0012957528,0.0017161188,0.11062023,2.713698
0.49402538,-32.0,115.25,2022-04-04,0.0013605752,0.0013376592,0.111108884,2.7136962
0.49402538,-32.0,115.25,2022-04-05,0.0013340657,0.0014126807,0.110828675,2.7199345
0.49402538,-32.0,115.25,2022-04-06,0.001346133,0.0015200535,0.11058555,2.7262514
0.49402538,-32.0,115.25,2022-04-07,0.0013377671,0.0016733129,0.11001569,2.733285
0.49402538,-32.0,115.25,2022-04-08,0.0013408487,0.0013375441,0.1095453,2.7386081
0.49402538,-32.0,115.25,2022-04-09,0.0013287419,0.0014831078,0.10898027,2.7477853
0.49402538,-32.0,115.25,2022-04-10,0.0012456394,0.0015142426,0.10839329,2.758494
0.49402538,-32.0,115.25,2022-04-11,0.0011873674,0.0015880981,0.10825694,2.7642767
0.49402538,-32.0,115.25,2022-04-12,0.0011167867,0.0013452211,0.1083641,2.768229
0.49402538,-32.0,115.25,2022-04-13,0.001019023,0.0013068303,0.10848608,2.770735
0.49402538,-32.0,115.25,2022-04-14,0.0009442164,0.0014143435,0.10870647,2.7723572
0.49402538,-32.0,115.25,2022-04-15,0.0009395426,0.0015341674,0.10896624,2.7717717
0.49402538,-32.0,115.25,2022-04-16,0.0009821058,0.0013209638,0.10929264,2.7691097
0.49402538,-32.0,115.25,2022-04-17,0.0010031534,0.0013579087,0.10956591,2.7666008
0.49402538,-32.0,115.25,2022-04-18,0.0010254581,0.0015180496,0.10971422,2.7643692
0.49402538,-32.0,115.25,2022-04-19,0.001111163,0.0016256274,0.11004468,2.7599678
0.49402538,-32.0,115.25,2022-04-20,0.0011986896,0.0016969048,0.110573,2.754264
0.49402538,-32.0,115.25,2022-04-21,0.0012698323,0.0017765915,0.11094627,2.7501266
0.49402538,-32.0,115.25,2022-04-22,0.0012348463,0.0017692782,0.11070911,2.753766
0.49402538,-32.0,115.25,2022-04-23,0.0010828587,0.001710109,0.11014513,2.7644813
0.49402538,-32.0,115.25,2022-04-24,0.0010654404,0.0020084155,0.11004203,2.7690823
0.49402538,-32.0,115.25,2022-04-25,0.0011574064,0.002595816,0.110457905,2.7699895
0.49402538,-32.0,115.25,2022-04-26,0.0011930391,0.0034463082,0.11069348,2.772078
0.49402538,-32.0,115.25,2022-04-27,0.0012470356,0.005410183,0.111198194,2.774055
0.49402538,-32.0,115.25,2022-04-28,0.0012731445,0.009287822,0.11211151,2.7747593
0.49402538,-32.0,115.25,2022-04-29,0.0012226189,0.008852168,0.112508476,2.7747998
0.49402538,-32.0,115.25,2022-04-30,0.0011687616,0.0058755297,0.11246232,2.7745297
0.49402538,-32.0,115.25,2022-05-01,0.0011307986,0.003731863,0.11233464,2.7739298
0.49402538,-32.0,115.25,2022-05-02,0.0011108629,0.0028724647,0.112263024,2.7730353
0.49402538,-32.0,115.25,2022-05-03,0.0010843012,0.0025532541,0.112589486,2.77047
0.49402538,-32.0,115.25,2022-05-04,0.0010439127,0.0028779875,0.113219626,2.7649226
0.49402538,-32.0,115.25,2022-05-05,0.0010480703,0.0031040169,0.11378264,2.7571347
0.49402538,-32.0,115.25,2022-05-06,0.001100687,0.0029472976,0.113988966,2.7532473
0.49402538,-32.0,115.25,2022-05-07,0.0010401272,0.0025502504,0.11414542,2.754467
0.49402538,-32.0,115.25,2022-05-08,0.0009287534,0.0024292176,0.11422526,2.7567952
0.49402538,-32.0,115.25,2022-05-09,0.0009171282,0.0024224578,0.11390346,2.759587
0.49402538,-32.0,115.25,2022-05-10,0.0009550744,0.0023445976,0.11353728,2.7617755
0.49402538,-32.0,115.25,2022-05-11,0.00089213846,0.0025106631,0.11331331,2.7643626
0.49402538,-32.0,115.25,2022-05-12,0.0009914909,0.0037388618,0.11326741,2.7683008
0.49402538,-32.0,115.25,2022-05-13,0.0011385791,0.0065187984,0.113072895,2.769004
0.49402538,-32.0,115.25,2022-05-14,0.0013076898,0.0072472473,0.112833,2.767148
0.49402538,-32.0,115.25,2022-05-15,0.0013622524,0.00590236,0.11273079,2.7647126
0.49402538,-32.0,115.25,2022-05-16,0.0012788847,0.0039391792,0.11285441,2.7619202
0.49402538,-32.0,115.25,2022-05-17,0.0010242921,0.0030455617,0.11324059,2.757686
0.49402538,-32.0,115.25,2022-05-18,0.00087867543,0.0030180358,0.1133082,2.7601678
0.49402538,-32.0,115.25,2022-05-19,0.000812381,0.003456275,0.11342493,2.7606235
0.49402538,-32.0,115.25,2022-05-20,0.0007439582,0.0035808813,0.1135262,2.7602332
0.49402538,-32.0,115.25,2022-05-21,0.00066162535,0.0034063207,0.112117566,2.7727396
0.49402538,-32.0,115.25,2022-05-22,0.00068796106,0.0050391196,0.11015717,2.7968938
0.49402538,-32.0,115.25,2022-05-23,0.0009738911,0.012267348,0.109644,2.8071609
0.49402538,-32.0,115.25,2022-05-24,0.0012055172,0.016930904,0.10937632,2.806623
0.49402538,-32.0,115.25,2022-05-25,0.00132425,0.017953835,0.10944668,2.8071313
0.49402538,-32.0,115.25,2022-05-26,0.0013880953,0.019124668,0.1108968,2.8023033
0.49402538,-32.0,115.25,2022-05-27,0.0012105088,0.016288929,0.11349372,2.792188
0.49402538,-32.0,115.25,2022-05-28,0.0010834624,0.01732686,0.11567642,2.7866442
0.49402538,-32.0,115.25,2022-05-29,0.0010422674,0.02790059,0.11781322,2.7824326
0.49402538,-32.0,115.25,2022-05-30,0.0009693496,0.027603542,0.11883312,2.7760038
0.49402538,-32.0,115.25,2022-05-31,0.0009499883,0.023521727,0.11890893,2.7721698
0.49402538,-32.0,115.25,2022-06-01,0.0010248784,0.025440764,0.11867576,2.777239
0.49402538,-32.0,115.25,2022-06-02,0.0011860527,0.028136734,0.11782881,2.7922769
0.49402538,-32.0,115.25,2022-06-03,0.0012889509,0.024151376,0.11617,2.8026888
0.49402538,-32.0,115.25,2022-06-04,0.0012428472,0.01781981,0.11486238,2.7988555
0.49402538,-32.0,115.25,2022-06-05,0.0011867448,0.017807188,0.114561185,2.7927766
0.49402538,-32.0,115.25,2022-06-06,0.0012063924,0.024124706,0.1151062,2.7978766
0.49402538,-32.0,115.25,2022-06-07,0.0012148875,0.024841662,0.115199,2.8016486
0.49402538,-32.0,115.25,2022-06-08,0.0011605012,0.02438194,0.114963144,2.7979534
0.49402538,-32.0,115.25,2022-06-09,0.0011934036,0.024924694,0.11407316,2.8064537
0.49402538,-32.0,115.25,2022-06-10,0.0011018274,0.018422788,0.11272928,2.8100543
0.49402538,-32.0,115.25,2022-06-11,0.0010074213,0.012980283,0.112800956,2.8002567
0.49402538,-32.0,115.25,2022-06-12,0.0010879148,0.014135054,0.113734476,2.8019514
0.49402538,-32.0,115.25,2022-06-13,0.0011305732,0.019555137,0.11439044,2.8069353
0.49402538,-32.0,115.25,2022-06-14,0.0010868605,0.01845551,0.11394064,2.8073723
0.49402538,-32.0,115.25,2022-06-15,0.0010396078,0.016947698,0.11339599,2.809189
0.49402538,-32.0,115.25,2022-06-16,0.0010174558,0.015868742,0.112171315,2.816809
0.49402538,-32.0,115.25,2022-06-17,0.0010549536,0.015823735,0.111657985,2.8247814
0.49402538,-32.0,115.25,2022-06-18,0.0011080627,0.023102587,0.11304397,2.8283186
0.49402538,-32.0,115.25,2022-06-19,0.001117204,0.026610753,0.113512516,2.8285792
0.49402538,-32.0,115.25,2022-06-20,0.0011213305,0.025422955,0.11345155,2.8284934
0.49402538,-32.0,115.25,2022-06-21,0.0010940505,0.020735225,0.11315919,2.828867
0.49402538,-32.0,115.25,2022-06-22,0.00096529117,0.016192982,0.11407569,2.8231733
0.49402538,-32.0,115.25,2022-06-23,0.00081675174,0.011722773,0.11610695,2.8106756
0.49402538,-32.0,115.25,2022-06-24,0.0007170313,0.00936902,0.11668044,2.8057263
0.49402538,-32.0,115.25,2022-06-25,0.000792111,0.008884287,0.11349021,2.8241477
0.49402538,-32.0,115.25,2022-06-26,0.0009663818,0.010127947,0.11036599,2.8550014
0.49402538,-32.0,115.25,2022-06-27,0.0011657238,0.011510108,0.10879483,2.8809626
0.49402538,-32.0,115.25,2022-06-28,0.0011897404,0.0112059675,0.10814744,2.8879464
0.49402538,-32.0,115.25,2022-06-29,0.0010485232,0.010462671,0.10858262,2.8890574
0.49402538,-32.0,115.25,2022-06-30,0.0008286244,0.010684981,0.11042882,2.879461
0.49402538,-32.0,115.25,2022-07-01,0.00065331865,0.010159351,0.11281249,2.860462
0.49402538,-32.0,115.25,2022-07-02,0.00065908476,0.013237825,0.110749245,2.8752527
0.49402538,-32.0,115.25,2022-07-03,0.0007448695,0.018003615,0.108215325,2.9037743
0.49402538,-32.0,115.25,2022-07-04,0.00079138175,0.027129477,0.10883399,2.9089613
0.49402538,-32.0,115.25,2022-07-05,0.0007985405,0.02317154,0.11104542,2.8919477
0.49402538,-32.0,115.25,2022-07-06,0.00072614715,0.015902184,0.112757705,2.8708165
0.49402538,-32.0,115.25,2022-07-07,0.0006833677,0.011582909,0.11466982,2.8557196
0.49402538,-32.0,115.25,2022-07-08,0.0006731552,0.01328242,0.117019914,2.8412473
0.49402538,-32.0,115.25,2022-07-09,0.00067333266,0.017113708,0.11924154,2.833909
0.49402538,-32.0,115.25,2022-07-10,0.0006834091,0.016606594,0.11828345,2.8385274
0.49402538,-32.0,115.25,2022-07-11,0.0006564551,0.01633121,0.118903756,2.8341439
0.49402538,-32.0,115.25,2022-07-12,0.00065093476,0.014340137,0.11907716,2.8340058
0.49402538,-32.0,115.25,2022-07-13,0.0007113592,0.009077259,0.11635549,2.8473535
0.49402538,-32.0,115.25,2022-07-14,0.00083154486,0.010296397,0.113480404,2.8766053
0.49402538,-32.0,115.25,2022-07-15,0.0009226539,0.010464126,0.1105633,2.9036314
0.49402538,-32.0,115.25,2022-07-16,0.00090455625,0.008063065,0.10937305,2.9001477
0.49402538,-32.0,115.25,2022-07-17,0.00088934426,0.008732468,0.11071111,2.8976896
0.49402538,-32.0,115.25,2022-07-18,0.0009473014,0.012420008,0.11126091,2.9057276
0.49402538,-32.0,115.25,2022-07-19,0.001022348,0.0129809035,0.11105098,2.90779
0.49402538,-32.0,115.25,2022-07-20,0.0010667146,0.013105563,0.1123491,2.896854
0.49402538,-32.0,115.25,2022-07-21,0.00097129954,0.014130476,0.11498867,2.8780522
0.49402538,-32.0,115.25,2022-07-22,0.00084357476,0.014133706,0.11792046,2.8637066
0.49402538,-32.0,115.25,2022-07-23,0.0008476178,0.022567447,0.12119644,2.8704646
0.49402538,-32.0,115.25,2022-07-24,0.0008577526,0.027271902,0.12177074,2.8713348
0.49402538,-32.0,115.25,2022-07-25,0.0008649497,0.03500254,0.122210085,2.8726268
0.49402538,-32.0,115.25,2022-07-26,0.000892819,0.045603994,0.12341538,2.8718984
0.49402538,-32.0,115.25,2022-07-27,0.00083593384,0.03529405,0.12125565,2.8504026
0.49402538,-32.0,115.25,2022-07-28,0.0007273637,0.018973753,0.12073291,2.8293884
0.49402538,-32.0,115.25,2022-07-29,0.00067275495,0.018141719,0.1233333,2.8232532
0.49402538,-32.0,115.25,2022-07-30,0.00065627834,0.01952059,0.12477001,2.8207502
0.49402538,-32.0,115.25,2022-07-31,0.0006438381,0.018411634,0.12539138,2.8166223
0.49402538,-32.0,115.25,2022-08-01,0.00062096195,0.0322299,0.12881581,2.8120987
0.49402538,-32.0,115.25,2022-08-02,0.0005576595,0.0587901,0.13344336,2.8021247
0.49402538,-32.0,115.25,2022-08-03,0.0005365502,0.096010566,0.13749048,2.8028026
0.49402538,-32.0,115.25,2022-08-04,0.00056164054,0.10736749,0.13718696,2.8066816
0.49402538,-32.0,115.25,2022-08-05,0.0006023947,0.088302426,0.13370183,2.8120844
0.49402538,-32.0,115.25,2022-08-06,0.00066167215,0.07036019,0.12984824,2.8225615
0.49402538,-32.0,115.25,2022-08-07,0.0006835457,0.048937805,0.12562703,2.8208954
0.49402538,-32.0,115.25,2022-08-08,0.00067736086,0.034940705,0.12542127,2.8059142
0.49402538,-32.0,115.25,2022-08-09,0.0005939056,0.03705149,0.13045114,2.7653108
0.49402538,-32.0,115.25,2022-08-10,0.00049158133,0.04121539,0.13500935,2.72267
0.49402538,-32.0,115.25,2022-08-11,0.00044099696,0.03696682,0.13577086,2.7030773
0.49402538,-32.0,115.25,2022-08-12,0.0004559466,0.04894166,0.13669705,2.710068
0.49402538,-32.0,115.25,2022-08-13,0.00045860247,0.0678837,0.13997865,2.7144675
0.49402538,-32.0,115.25,2022-08-14,0.0004339786,0.06097337,0.13853991,2.7104433
0.49402538,-32.0,115.25,2022-08-15,0.0004341002,0.043474376,0.13374034,2.718425
0.49402538,-32.0,115.25,2022-08-16,0.00048701352,0.046382964,0.13250402,2.7443743
0.49402538,-32.0,115.25,2022-08-17,0.0005353622,0.055206943,0.132762,2.758324
0.49402538,-32.0,115.25,2022-08-18,0.0005392638,0.058392987,0.13333026,2.7488008
0.49402538,-32.0,115.25,2022-08-19,0.00054588856,0.057525303,0.13415805,2.7430212
0.49402538,-32.0,115.25,2022-08-20,0.0005929601,0.047446437,0.13342115,2.7558777
0.49402538,-32.0,115.25,2022-08-21,0.0007176374,0.04110024,0.13284695,2.7902362
0.49402538,-32.0,115.25,2022-08-22,0.00077844295,0.052488282,0.13381344,2.7880898
0.49402538,-32.0,115.25,2022-08-23,0.0007786101,0.050827198,0.13227183,2.7634633
0.49402538,-32.0,115.25,2022-08-24,0.0008268509,0.03775511,0.13019818,2.7855675
0.49402538,-32.0,115.25,2022-08-25,0.00088287157,0.025160981,0.12883283,2.8162258
0.49402538,-32.0,115.25,2022-08-26,0.0010056169,0.019396866,0.1284253,2.8495462
0.49402538,-32.0,115.25,2022-08-27,0.0011718317,0.03295791,0.12887885,2.8658109
0.49402538,-32.0,115.25,2022-08-28,0.001141976,0.030571464,0.12639293,2.8253999
0.49402538,-32.0,115.25,2022-08-29,0.0009941171,0.020400265,0.12313816,2.7788506
0.49402538,-32.0,115.25,2022-08-30,0.00091607944,0.017580513,0.12203857,2.7668705
0.49402538,-32.0,115.25,2022-08-31,0.00088685856,0.019443935,0.122316934,2.7698836
0.49402538,-32.0,115.25,2022-09-01,0.000864982,0.018263297,0.12237716,2.7657812
0.49402538,-32.0,115.25,2022-09-02,0.0008625913,0.022616005,0.123665914,2.7629418
0.49402538,-32.0,115.25,2022-09-03,0.0008925649,0.03370956,0.1262493,2.773377
0.49402538,-32.0,115.25,2022-09-04,0.0009419369,0.043434244,0.12724447,2.7867832
0.49402538,-32.0,115.25,2022-09-05,0.0009655239,0.037655734,0.12434847,2.7919788
0.49402538,-32.0,115.25,2022-09-06,0.0009195358,0.026022067,0.12143337,2.7782843
0.49402538,-32.0,115.25,2022-09-07,0.00081080047,0.015222329,0.119190164,2.759397
0.49402538,-32.0,115.25,2022-09-08,0.00068124104,0.007918457,0.11781713,2.7430239
0.49402538,-32.0,115.25,2022-09-09,0.00060231664,0.0056690886,0.11763044,2.7274954
0.49402538,-32.0,115.25,2022-09-10,0.00058646395,0.005108038,0.11850261,2.7103338
0.49402538,-32.0,115.25,2022-09-11,0.0005780094,0.0047137123,0.11939663,2.6942031
0.49402538,-32.0,115.25,2022-09-12,0.000575871,0.0054652956,0.1207941,2.6836276
0.49402538,-32.0,115.25,2022-09-13,0.00064738916,0.027248397,0.12383766,2.6968484
0.49402538,-32.0,115.25,2022-09-14,0.0006616645,0.052207064,0.12617749,2.6966639
0.49402538,-32.0,115.25,2022-09-15,0.00066076743,0.05380101,0.12643905,2.6919312
0.49402538,-32.0,115.25,2022-09-16,0.0006672508,0.034474604,0.12487518,2.6876514
0.49402538,-32.0,115.25,2022-09-17,0.00066290796,0.016833851,0.12352415,2.6798258
0.49402538,-32.0,115.25,2022-09-18,0.0006288269,0.009338642,0.12320423,2.6737561
0.49402538,-32.0,115.25,2022-09-19,0.0006390351,0.017789023,0.12478873,2.684151
0.49402538,-32.0,115.25,2022-09-20,0.00059321756,0.022812152,0.12589328,2.6797934
0.49402538,-32.0,115.25,2022-09-21,0.0005515429,0.020811575,0.12655012,2.6741405
0.49402538,-32.0,115.25,2022-09-22,0.0005204393,0.022325365,0.12818973,2.6627543
0.49402538,-32.0,115.25,2022-09-23,0.0004824944,0.017850352,0.1295669,2.6366615
0.49402538,-32.0,115.25,2022-09-24,0.0005035932,0.019910397,0.13075998,2.6295385
0.49402538,-32.0,115.25,2022-09-25,0.00050443265,0.018510303,0.13116261,2.6118357
0.49402538,-32.0,115.25,2022-09-26,0.00049525255,0.011678523,0.13080226,2.5922747
0.49402538,-32.0,115.25,2022-09-27,0.00049760967,0.008239373,0.13055007,2.5838249
0.49402538,-32.0,115.25,2022-09-28,0.00050691806,0.0068036285,0.13047935,2.5801773
0.49402538,-32.0,115.25,2022-09-29,0.00052438525,0.0060780942,0.13050945,2.5843651
0.49402538,-32.0,115.25,2022-09-30,0.000550046,0.0044399947,0.13082959,2.582239
0.49402538,-32.0,115.25,2022-10-01,0.00059768494,0.0042414935,0.13180123,2.5699542
0.49402538,-32.0,115.25,2022-10-02,0.00059698266,0.0063034995,0.13350122,2.5247672
0.49402538,-32.0,115.25,2022-10-03,0.0005366197,0.006234999,0.13495935,2.4870474
0.49402538,-32.0,115.25,2022-10-04,0.00048634023,0.005583654,0.13556607,2.4766314
0.49402538,-32.0,115.25,2022-10-05,0.0005427203,0.006257438,0.13545418,2.5142827
0.49402538,-32.0,115.25,2022-10-06,0.00057513994,0.006985903,0.13539214,2.5197587
0.49402538,-32.0,115.25,2022-10-07,0.0005555326,0.0062841284,0.13520978,2.5018198
0.49402538,-32.0,115.25,2022-10-08,0.0005458437,0.0050145965,0.13491951,2.4930484
0.49402538,-32.0,115.25,2022-10-09,0.0005619735,0.0048877117,0.13476261,2.4972258
0.49402538,-32.0,115.25,2022-10-10,0.00063567096,0.012498174,0.1351647,2.5195682
0.49402538,-32.0,115.25,2022-10-11,0.00068242464,0.016655715,0.13491715,2.5352216
0.49402538,-32.0,115.25,2022-10-12,0.00069845986,0.015213747,0.13401364,2.5456603
0.49402538,-32.0,115.25,2022-10-13,0.00068769674,0.009623493,0.13276117,2.5549488
0.49402538,-32.0,115.25,2022-10-14,0.00066056265,0.0050944695,0.13171686,2.5620866
0.49402538,-32.0,115.25,2022-10-15,0.00067180005,0.0031112584,0.13134345,2.5765646
0.49402538,-32.0,115.25,2022-10-16,0.0007206929,0.0024661755,0.13129699,2.5938616
0.49402538,-32.0,115.25,2022-10-17,0.00079347845,0.0028546073,0.13170457,2.608573
0.49402538,-32.0,115.25,2022-10-18,0.00079626753,0.0029156262,0.13223954,2.585363
0.49402538,-32.0,115.25,2022-10-19,0.00074113737,0.0027191117,0.1327775,2.5565908
0.49402538,-32.0,115.25,2022-10-20,0.00066735176,0.0026906056,0.1334404,2.5239909
0.49402538,-32.0,115.25,2022-10-21,0.00059782143,0.002616316,0.13385595,2.4950044
0.49402538,-32.0,115.25,2022-10-22,0.0005600572,0.0027269847,0.13347495,2.4873312
0.49402538,-32.0,115.25,2022-10-23,0.0005542006,0.002451622,0.13238761,2.5009978
0.49402538,-32.0,115.25,2022-10-24,0.0006127575,0.003318301,0.13155785,2.526914
0.49402538,-32.0,115.25,2022-10-25,0.00064366247,0.003530496,0.13116345,2.5395465
0.49402538,-32.0,115.25,2022-10-26,0.00064155867,0.0032407,0.13095233,2.5414991
0.49402538,-32.0,115.25,2022-10-27,0.0006332821,0.006716989,0.13146542,2.53794
0.49402538,-32.0,115.25,2022-10-28,0.0006293087,0.028819427,0.13416241,2.5320442
0.49402538,-32.0,115.25,2022-10-29,0.0006770071,0.0825313,0.14010061,2.5354257
0.49402538,-32.0,115.25,2022-10-30,0.000770611,0.13004735,0.1447538,2.5516388
0.49402538,-32.0,115.25,2022-10-31,0.00086997874,0.10313284,0.1420717,2.5693204
0.49402538,-32.0,115.25,2022-11-01,0.0009392072,0.047904424,0.1366054,2.5799835
0.49402538,-32.0,115.25,2022-11-02,0.0009871795,0.020104269,0.13327496,2.5833747
0.49402538,-32.0,115.25,2022-11-03,0.0010559638,0.0090354765,0.13176471,2.5880716
0.49402538,-32.0,115.25,2022-11-04,0.0012237694,0.0053528766,0.13117857,2.6077073
0.49402538,-32.0,115.25,2022-11-05,0.0013450307,0.0060215336,0.13187607,2.6177628
0.49402538,-32.0,115.25,2022-11-06,0.0013279517,0.006642217,0.13287058,2.6074748
0.49402538,-32.0,115.25,2022-11-07,0.0012470427,0.004534948,0.1331283,2.5921137
0.49402538,-32.0,115.25,2022-11-08,0.0010645044,0.002484589,0.13322504,2.566318
0.49402538,-32.0,115.25,2022-11-09,0.0009124977,0.0020252059,0.13340966,2.5455022
0.49402538,-32.0,115.25,2022-11-10,0.0007961141,0.0015223076,0.13358577,2.5326097
0.49402538,-32.0,115.25,2022-11-11,0.00069079385,0.00167356,0.13386178,2.517679
0.49402538,-32.0,115.25,2022-11-12,0.00061518257,0.0022913748,0.13427664,2.50209
0.49402538,-32.0,115.25,2022-11-13,0.00059989904,0.0026568444,0.13422555,2.503052
0.49402538,-32.0,115.25,2022-11-14,0.00060634693,0.0027755618,0.13386288,2.508808
0.49402538,-32.0,115.25,2022-11-15,0.0006240265,0.0025847703,0.13350675,2.5160277
0.49402538,-32.0,115.25,2022-11-16,0.0006496021,0.0021057415,0.13306889,2.5247276
0.49402538,-32.0,115.25,2022-11-17,0.00080045493,0.002014674,0.13218072,2.5495732
0.49402538,-32.0,115.25,2022-11-18,0.0010298559,0.0030292978,0.13160989,2.5811188
0.49402538,-32.0,115.25,2022-11-19,0.0011440066,0.0031989885,0.13149926,2.5973043
0.49402538,-32.0,115.25,2022-11-20,0.0011451328,0.0024595014,0.13155785,2.5996304
0.49402538,-32.0,115.25,2022-11-21,0.0010697693,0.0018518498,0.13208671,2.5893295
0.49402538,-32.0,115.25,2022-11-22,0.00097225176,0.0020125431,0.13287255,2.5734963
0.49402538,-32.0,115.25,2022-11-23,0.0009738411,0.0021029592,0.1333474,2.571116
0.49402538,-32.0,115.25,2022-11-24,0.000916872,0.0023880608,0.13506304,2.560292
0.49402538,-32.0,115.25,2022-11-25,0.0006898133,0.002035442,0.1376471,2.5290391
0.49402538,-32.0,115.25,2022-11-26,0.00061568606,0.0013988168,0.13828307,2.526326
0.49402538,-32.0,115.25,2022-11-27,0.000617542,0.0013862172,0.13830745,2.5295613
0.49402538,-32.0,115.25,2022-11-28,0.00060817006,0.0013863834,0.13820213,2.5301535
0.49402538,-32.0,115.25,2022-11-29,0.0006397105,0.0017321127,0.13786688,2.534627
0.49402538,-32.0,115.25,2022-11-30,0.00075574854,0.0019855292,0.1370263,2.5493712
0.49402538,-32.0,115.25,2022-12-01,0.0008860097,0.001906361,0.13571697,2.5679479
0.49402538,-32.0,115.25,2022-12-02,0.0008854263,0.0017486977,0.13454056,2.5713415
0.49402538,-32.0,115.25,2022-12-03,0.0008529351,0.0013506954,0.13380532,2.5698779
0.49402538,-32.0,115.25,2022-12-04,0.00086221343,0.001216918,0.13375203,2.5690475
0.49402538,-32.0,115.25,2022-12-05,0.0009071812,0.0012558033,0.13402267,2.5696778
0.49402538,-32.0,115.25,2022-12-06,0.0009909302,0.0013667013,0.13405909,2.5715487
0.49402538,-32.0,115.25,2022-12-07,0.0010791485,0.0019273905,0.13365534,2.5730872
0.49402538,-32.0,115.25,2022-12-08,0.001150531,0.0022196313,0.1327298,2.5735552
0.49402538,-32.0,115.25,2022-12-09,0.0012164337,0.0021519994,0.1319603,2.573461
0.49402538,-32.0,115.25,2022-12-10,0.0012379318,0.0015837341,0.13165669,2.5710285
0.49402538,-32.0,115.25,2022-12-11,0.0012214312,0.0015927525,0.1315917,2.5667157
0.49402538,-32.0,115.25,2022-12-12,0.0012052122,0.0019343203,0.13166142,2.5608666
0.49402538,-32.0,115.25,2022-12-13,0.0011970632,0.0020576552,0.13171189,2.5556993
0.49402538,-32.0,115.25,2022-12-14,0.0012031924,0.0019380822,0.13161308,2.5534117
0.49402538,-32.0,115.25,2022-12-15,0.0012041643,0.0017869449,0.13146581,2.5546327
0.49402538,-32.0,115.25,2022-12-16,0.0012184549,0.0016607504,0.1313222,2.560594
0.49402538,-32.0,115.25,2022-12-17,0.0012374768,0.0018352869,0.13108006,2.5679028
0.49402538,-32.0,115.25,2022-12-18,0.0012316572,0.0020434766,0.13074061,2.5744197
0.49402538,-32.0,115.25,2022-12-19,0.0012082821,0.0019061178,0.13039927,2.5793746
0.49402538,-32.0,115.25,2022-12-20,0.0012234849,0.0019290432,0.13009295,2.5840507
0.49402538,-32.0,115.25,2022-12-21,0.0012899756,0.0023965517,0.12974922,2.5907133
0.49402538,-32.0,115.25,2022-12-22,0.0013431011,0.0024757874,0.12932457,2.5959818
0.49402538,-32.0,115.25,2022-12-23,0.0013445402,0.002355214,0.12896366,2.5960116
0.49402538,-32.0,115.25,2022-12-24,0.0013485146,0.0017557142,0.1288091,2.5944507
0.49402538,-32.0,115.25,2022-12-25,0.0014246879,0.0015269746,0.12874617,2.5960255
0.49402538,-32.0,115.25,2022-12-26,0.0015115093,0.001379524,0.128736,2.5966258
0.49402538,-32.0,115.25,2022-12-27,0.0015126604,0.001267545,0.12896547,2.591279
0.49402538,-32.0,115.25,2022-12-28,0.0015073915,0.0014210986,0.12907355,2.5826378
0.49402538,-32.0,115.25,2022-12-29,0.0015863513,0.001828857,0.12883548,2.5738966
0.49402538,-32.0,115.25,2022-12-30,0.001697724,0.0017851857,0.1285742,2.571002
0.49402538,-32.0,115.25,2022-12-31,0.0017595149,0.0013653985,0.12852296,2.5736747
0.49402538,-32.0,115.25,2023-01-01,0.0017217299,0.0012566235,0.12868714,2.5703623
0.49402538,-32.0,115.25,2023-01-02,0.0016641614,0.0013218592,0.12884493,2.560698
0.49402538,-32.0,115.25,2023-01-03,0.0016639367,0.0015639965,0.12878376,2.5517116
0.49402538,-32.0,115.25,2023-01-04,0.0017284221,0.0019512649,0.12853628,2.5465958
0.49402538,-32.0,115.25,2023-01-05,0.0018221744,0.0024829584,0.12822446,2.545908
0.49402538,-32.0,115.25,2023-01-06,0.0018101454,0.0015610497,0.12828292,2.544409
0.49402538,-32.0,115.25,2023-01-07,0.0017615819,0.0013863972,0.12847568,2.5398822
0.49402538,-32.0,115.25,2023-01-08,0.0017274625,0.001445792,0.12845078,2.532934
0.49402538,-32.0,115.25,2023-01-09,0.0018220705,0.0017496084,0.12807159,2.5262327
0.49402538,-32.0,115.25,2023-01-10,0.0019515111,0.0020102833,0.12772168,2.5206313
0.49402538,-32.0,115.25,2023-01-11,0.0020953277,0.0020444212,0.12738128,2.5180333
0.49402538,-32.0,115.25,2023-01-12,0.0022274805,0.0020539612,0.12705095,2.5174491
0.49402538,-32.0,115.25,2023-01-13,0.0022581408,0.00170127,0.12701435,2.5148814
0.49402538,-32.0,115.25,2023-01-14,0.00212543,0.0014948603,0.12747347,2.5086133
0.49402538,-32.0,115.25,2023-01-15,0.0018438761,0.0014419578,0.12854077,2.498827
0.49402538,-32.0,115.25,2023-01-16,0.0016362692,0.002150459,0.1300825,2.4878726
0.49402538,-32.0,115.25,2023-01-17,0.0015307788,0.0034711782,0.1313124,2.4784405
0.49402538,-32.0,115.25,2023-01-18,0.0014741927,0.0036261487,0.13191141,2.472432
0.49402538,-32.0,115.25,2023-01-19,0.0015272542,0.003213296,0.1317709,2.4728842
0.49402538,-32.0,115.25,2023-01-20,0.0018398713,0.0035875398,0.13078626,2.486806
0.49402538,-32.0,115.25,2023-01-21,0.0018244379,0.0044084648,0.13271233,2.496817
0.49402538,-32.0,115.25,2023-01-22,0.001308437,0.004174823,0.13618301,2.494491
0.49402538,-32.0,115.25,2023-01-23,0.0011696796,0.0030736483,0.13682488,2.502423
0.49402538,-32.0,115.25,2023-01-24,0.0012688314,0.001949162,0.13637538,2.5165062
0.49402538,-32.0,115.25,2023-01-25,0.0012383353,0.0016301823,0.13611682,2.5230987
0.49402538,-32.0,115.25,2023-01-26,0.0011280774,0.0014570312,0.13615605,2.5281093
0.49402538,-32.0,115.25,2023-01-27,0.0010812987,0.0012705129,0.13580371,2.5322647
0.49402538,-32.0,115.25,2023-01-28,0.0011139319,0.001308465,0.1351864,2.5371106
0.49402538,-32.0,115.25,2023-01-29,0.0011521252,0.0014691061,0.13452369,2.5425828
0.49402538,-32.0,115.25,2023-01-30,0.0012589785,0.0017557412,0.13350834,2.5471117
0.49402538,-32.0,115.25,2023-01-31,0.0014983732,0.0014436634,0.13213468,2.554854
0.49402538,-32.0,115.25,2023-02-01,0.0016712048,0.0013338145,0.13135901,2.5633821
0.49402538,-32.0,115.25,2023-02-02,0.0016769437,0.0013101565,0.13099025,2.5739865
0.49402538,-32.0,115.25,2023-02-03,0.0016146546,0.0015422762,0.13058388,2.5856357
0.49402538,-32.0,115.25,2023-02-04,0.0015683724,0.0019422664,0.13025834,2.5961835
0.49402538,-32.0,115.25,2023-02-05,0.0014995362,0.002036537,0.12972738,2.6117759
0.49402538,-32.0,115.25,2023-02-06,0.0014637357,0.0014945049,0.12891643,2.6279917
0.49402538,-32.0,115.25,2023-02-07,0.0014465483,0.001354949,0.12829395,2.6365838
0.49402538,-32.0,115.25,2023-02-08,0.0013893369,0.0014241888,0.12774701,2.643555
0.49402538,-32.0,115.25,2023-02-09,0.001307111,0.001332115,0.1272283,2.6498191
0.49402538,-32.0,115.25,2023-02-10,0.0012777852,0.0010950236,0.12720934,2.6496017
0.49402538,-32.0,115.25,2023-02-11,0.0012854509,0.0010230364,0.12739514,2.6470308
0.49402538,-32.0,115.25,2023-02-12,0.0013088954,0.0011590448,0.12731776,2.6456697
0.49402538,-32.0,115.25,2023-02-13,0.0013630552,0.0013994202,0.12699714,2.6442978
0.49402538,-32.0,115.25,2023-02-14,0.0014300201,0.0011926171,0.12666486,2.6419027
0.49402538,-32.0,115.25,2023-02-15,0.0014729967,0.0014014886,0.12642738,2.639371
0.49402538,-32.0,115.25,2023-02-16,0.001481584,0.0017118048,0.12620884,2.6378312
0.49402538,-32.0,115.25,2023-02-17,0.0015177848,0.0013393511,0.12615874,2.6347566
0.49402538,-32.0,115.25,2023-02-18,0.0015396146,0.0012233695,0.12642029,2.6305225
0.49402538,-32.0,115.25,2023-02-19,0.0015799161,0.0012184398,0.12695353,2.6233683
0.49402538,-32.0,115.25,2023-02-20,0.0016815657,0.0016606802,0.12736252,2.611229
0.49402538,-32.0,115.25,2023-02-21,0.0016734302,0.0018332165,0.12781627,2.5979176
0.49402538,-32.0,115.25,2023-02-22,0.0014114464,0.0012208977,0.12881482,2.5922399
0.49402538,-32.0,115.25,2023-02-23,0.0012295295,0.0010779523,0.13077888,2.5848897
0.49402538,-32.0,115.25,2023-02-24,0.0011077119,0.0011921417,0.13268587,2.5713527
0.49402538,-32.0,115.25,2023-02-25,0.0011127343,0.0013838583,0.1326535,2.5650003
0.49402538,-32.0,115.25,2023-02-26,0.0013169715,0.0017345336,0.13122596,2.5687025
0.49402538,-32.0,115.25,2023-02-27,0.0013971019,0.0018331457,0.1304687,2.5805094
0.49402538,-32.0,115.25,2023-02-28,0.0012707392,0.0016279268,0.12983912,2.6006336
0.49402538,-32.0,115.25,2023-03-01,0.001186686,0.00226575,0.12888949,2.6184745
0.49402538,-32.0,115.25,2023-03-02,0.0012554758,0.00286637,0.12772314,2.6297572
0.49402538,-32.0,115.25,2023-03-03,0.0012820106,0.0017770437,0.12703922,2.634828
0.49402538,-32.0,115.25,2023-03-04,0.0012526868,0.0012372436,0.12708537,2.6336832
0.49402538,-32.0,115.25,2023-03-05,0.0011845086,0.0011578212,0.12749086,2.6281173
0.49402538,-32.0,115.25,2023-03-06,0.0011109437,0.0012181952,0.12812875,2.6212997
0.49402538,-32.0,115.25,2023-03-07,0.0010838017,0.0013126978,0.12886932,2.6119967
0.49402538,-32.0,115.25,2023-03-08,0.0012277974,0.0016609621,0.12911206,2.5996823
0.49402538,-32.0,115.25,2023-03-09,0.0015379214,0.0019254806,0.128605,2.5877917
0.49402538,-32.0,115.25,2023-03-10,0.0015829431,0.0017986137,0.1280131,2.5825095
0.49402538,-32.0,115.25,2023-03-11,0.0013433121,0.002024281,0.12768069,2.5819726
0.49402538,-32.0,115.25,2023-03-12,0.0011565033,0.00207273,0.1272619,2.5864637
0.49402538,-32.0,115.25,2023-03-13,0.0010523311,0.0018457471,0.12676637,2.5946946
0.49402538,-32.0,115.25,2023-03-14,0.0009837782,0.0021296316,0.12621675,2.6018195
0.49402538,-32.0,115.25,2023-03-15,0.000983011,0.002530847,0.12565272,2.6055162
0.49402538,-32.0,115.25,2023-03-16,0.0011726874,0.00168411,0.12550072,2.6024508
0.49402538,-32.0,115.25,2023-03-17,0.0014279989,0.0013622169,0.12574257,2.5966399
0.49402538,-32.0,115.25,2023-03-18,0.0015098538,0.001370952,0.12595488,2.59435
0.49402538,-32.0,115.25,2023-03-19,0.0014848715,0.0014209488,0.12603952,2.5931191
0.49402538,-32.0,115.25,2023-03-20,0.0014001975,0.0015846099,0.12590334,2.5967345
0.49402538,-32.0,115.25,2023-03-21,0.0012872304,0.0018031774,0.12517339,2.6117783
0.49402538,-32.0,115.25,2023-03-22,0.0011560024,0.0017883047,0.12419587,2.6280987
0.49402538,-32.0,115.25,2023-03-23,0.0010885034,0.0023489834,0.12347936,2.6355708
0.49402538,-32.0,115.25,2023-03-24,0.0011710353,0.0025505763,0.122800305,2.640117
0.49402538,-32.0,115.25,2023-03-25,0.0012894103,0.0017860981,0.12205905,2.6452284
0.49402538,-32.0,115.25,2023-03-26,0.0013164015,0.0013564223,0.12177356,2.648685
0.49402538,-32.0,115.25,2023-03-27,0.001281978,0.0013461171,0.1216287,2.6516135
0.49402538,-32.0,115.25,2023-03-28,0.0012539506,0.0014055399,0.121587075,2.6539197
0.49402538,-32.0,115.25,2023-03-29,0.0012434038,0.0016572507,0.121635266,2.6560583
0.49402538,-32.0,115.25,2023-03-30,0.0013290482,0.0020440617,0.121622495,2.654867
0.49402538,-32.0,115.25,2023-03-31,0.0014538942,0.0025531002,0.12168575,2.654447
0.49402538,-32.0,115.25,2023-04-01,0.0015213912,0.002841768,0.12142811,2.6577425
0.49402538,-32.0,115.25,2023-04-02,0.0015279575,0.0023127364,0.12047603,2.6692305
0.49402538,-32.0,115.25,2023-04-03,0.0014921728,0.0017214986,0.1191721,2.6836686
0.49402538,-32.0,115.25,2023-04-04,0.001446292,0.001442707,0.11812691,2.695612
0.49402538,-32.0,115.25,2023-04-05,0.0014032176,0.0015498375,0.11738785,2.7038343
0.49402538,-32.0,115.25,2023-04-06,0.001395085,0.0016789369,0.11670396,2.7104106
0.49402538,-32.0,115.25,2023-04-07,0.0014080649,0.001586978,0.11580553,2.717844
0.49402538,-32.0,115.25,2023-04-08,0.0014065772,0.0014557127,0.114941426,2.7284615
0.49402538,-32.0,115.25,2023-04-09,0.0013477523,0.001629355,0.11379294,2.742105
0.49402538,-32.0,115.25,2023-04-10,0.0012711574,0.0013716278,0.1125885,2.7557578
0.49402538,-32.0,115.25,2023-04-11,0.0011244742,0.001486442,0.11155251,2.7683938
0.49402538,-32.0,115.25,2023-04-12,0.0010400476,0.0014008026,0.110913575,2.7758799
0.49402538,-32.0,115.25,2023-04-13,0.0011373818,0.0014647706,0.11142801,2.772572
0.49402538,-32.0,115.25,2023-04-14,0.0011656861,0.0018744973,0.11199791,2.7718437
0.49402538,-32.0,115.25,2023-04-15,0.0010645475,0.0021837156,0.11224892,2.7748468
0.49402538,-32.0,115.25,2023-04-16,0.0009877093,0.0021647476,0.11218203,2.7765386
0.49402538,-32.0,115.25,2023-04-17,0.0010683022,0.0019547397,0.11233067,2.7733886
0.49402538,-32.0,115.25,2023-04-18,0.0012601109,0.0018457851,0.11284766,2.765283
0.49402538,-32.0,115.25,2023-04-19,0.0013460155,0.0018658411,0.11270681,2.7658274
0.49402538,-32.0,115.25,2023-04-20,0.0012551064,0.0020635603,0.112238884,2.7787936
0.49402538,-32.0,115.25,2023-04-21,0.0010365132,0.0022277515,0.1120605,2.7920897
0.49402538,-32.0,115.25,2023-04-22,0.0009135916,0.0022619527,0.11197104,2.7992353
0.49402538,-32.0,115.25,2023-04-23,0.000892563,0.0021484217,0.11224563,2.797564
0.49402538,-32.0,115.25,2023-04-24,0.001025561,0.0032373988,0.11313857,2.7911546
0.49402538,-32.0,115.25,2023-04-25,0.0011090186,0.0073897946,0.114155345,2.7892206
0.49402538,-32.0,115.25,2023-04-26,0.001202175,0.00800604,0.11463443,2.7872338
0.49402538,-32.0,115.25,2023-04-27,0.0012801758,0.00709701,0.11503563,2.7838604
0.49402538,-32.0,115.25,2023-04-28,0.001245511,0.0072014616,0.11543202,2.7800813
0.49402538,-32.0,115.25,2023-04-29,0.0012032143,0.006217004,0.11548498,2.7778401
0.49402538,-32.0,115.25,2023-04-30,0.0011972333,0.00565967,0.11552118,2.7765074
0.49402538,-32.0,115.25,2023-05-01,0.0012118238,0.0077145607,0.11581379,2.7779107
0.49402538,-32.0,115.25,2023-05-02,0.0012810461,0.0116593,0.116356194,2.7790282
0.49402538,-32.0,115.25,2023-05-03,0.0013957785,0.010326317,0.11640552,2.777369
0.49402538,-32.0,115.25,2023-05-04,0.0014462743,0.00703306,0.11625512,2.775624
0.49402538,-32.0,115.25,2023-05-05,0.001451988,0.0055459915,0.116092116,2.7758403
0.49402538,-32.0,115.25,2023-05-06,0.0015115646,0.0068494095,0.11616257,2.7761261
0.49402538,-32.0,115.25,2023-05-07,0.0013554477,0.0066847745,0.116771914,2.7726674
0.49402538,-32.0,115.25,2023-05-08,0.0009904121,0.0048907544,0.11869987,2.7642322
0.49402538,-32.0,115.25,2023-05-09,0.0009154138,0.004816979,0.11887656,2.7674873
0.49402538,-32.0,115.25,2023-05-10,0.0010263487,0.0070376117,0.11825134,2.7751997
0.49402538,-32.0,115.25,2023-05-11,0.0011232644,0.008674049,0.11774464,2.7798893
0.49402538,-32.0,115.25,2023-05-12,0.0012154854,0.005940267,0.11670852,2.7846932
0.49402538,-32.0,115.25,2023-05-13,0.0013062921,0.0044033052,0.11590191,2.7896059
0.49402538,-32.0,115.25,2023-05-14,0.0013321326,0.0040189377,0.1153357,2.794235
0.49402538,-32.0,115.25,2023-05-15,0.0013458686,0.0038753145,0.11495706,2.79699
0.49402538,-32.0,115.25,2023-05-16,0.0013655704,0.0039049047,0.11475686,2.7983994
0.49402538,-32.0,115.25,2023-05-17,0.001365389,0.0039062302,0.11457319,2.8000157
0.49402538,-32.0,115.25,2023-05-18,0.0013387124,0.004274959,0.11430419,2.8028998
0.49402538,-32.0,115.25,2023-05-19,0.0012358065,0.004378049,0.11373906,2.8085735
0.49402538,-32.0,115.25,2023-05-20,0.0011031987,0.0038970923,0.11302035,2.8161457
0.49402538,-32.0,115.25,2023-05-21,0.0010407947,0.0046210927,0.11261922,2.8232517
0.49402538,-32.0,115.25,2023-05-22,0.0010234668,0.0076038283,0.11271117,2.8274632
0.49402538,-32.0,115.25,2023-05-23,0.0010372689,0.01015684,0.11288886,2.8294427
0.49402538,-32.0,115.25,2023-05-24,0.0011076598,0.011264574,0.113078274,2.8302655
0.49402538,-32.0,115.25,2023-05-25,0.0011653824,0.010020388,0.1131068,2.8283443
0.49402538,-32.0,115.25,2023-05-26,0.0012021295,0.00782053,0.11320605,2.8223433
0.49402538,-32.0,115.25,2023-05-27,0.0011707941,0.0057419385,0.114106975,2.8091066
0.49402538,-32.0,115.25,2023-05-28,0.0009995151,0.00447278,0.11584326,2.793499
0.49402538,-32.0,115.25,2023-05-29,0.0009492328,0.00540367,0.11652234,2.7953553
0.49402538,-32.0,115.25,2023-05-30,0.0008613529,0.0058200853,0.11582532,2.8003354
0.49402538,-32.0,115.25,2023-05-31,0.0007807339,0.0052633043,0.11533314,2.796136
0.49402538,-32.0,115.25,2023-06-01,0.00087529066,0.005207761,0.11497754,2.801511
0.49402538,-32.0,115.25,2023-06-02,0.000950446,0.0048002293,0.11483167,2.8034625
0.49402538,-32.0,115.25,2023-06-03,0.00094988314,0.00438927,0.11532264,2.7967544
0.49402538,-32.0,115.25,2023-06-04,0.0009116278,0.0073860786,0.11771201,2.7790108
0.49402538,-32.0,115.25,2023-06-05,0.0008597243,0.016563177,0.121432,2.7603693
0.49402538,-32.0,115.25,2023-06-06,0.0007963578,0.0238266,0.124129936,2.7435846
0.49402538,-32.0,115.25,2023-06-07,0.00073884346,0.023106618,0.12530516,2.730439
0.49402538,-32.0,115.25,2023-06-08,0.0007048684,0.017049618,0.1253332,2.7239726
0.49402538,-32.0,115.25,2023-06-09,0.00069341273,0.01168739,0.12518476,2.7154622
0.49402538,-32.0,115.25,2023-06-10,0.0007345356,0.010582551,0.12532084,2.712981
0.49402538,-32.0,115.25,2023-06-11,0.0008025596,0.01341197,0.12550795,2.7228432
0.49402538,-32.0,115.25,2023-06-12,0.00084313273,0.014116309,0.12524556,2.7276704
0.49402538,-32.0,115.25,2023-06-13,0.00089388626,0.0149035305,0.12439595,2.730488
0.49402538,-32.0,115.25,2023-06-14,0.0009867986,0.0151195405,0.12340343,2.7328017
0.49402538,-32.0,115.25,2023-06-15,0.0010264475,0.016582916,0.12384063,2.7276635
0.49402538,-32.0,115.25,2023-06-16,0.00088430016,0.014733757,0.12511516,2.7160225
0.49402538,-32.0,115.25,2023-06-17,0.0007479411,0.009367683,0.12615468,2.7008789
0.49402538,-32.0,115.25,2023-06-18,0.0007201068,0.0071168607,0.12598874,2.7007592
0.49402538,-32.0,115.25,2023-06-19,0.00077384285,0.007793157,0.12539506,2.7113318
0.49402538,-32.0,115.25,2023-06-20,0.0008262372,0.010645298,0.12414141,2.7294714
0.49402538,-32.0,115.25,2023-06-21,0.00083560066,0.013685257,0.1232613,2.7382286
0.49402538,-32.0,115.25,2023-06-22,0.0008451894,0.017854778,0.12309153,2.7488172
0.49402538,-32.0,115.25,2023-06-23,0.00089735177,0.023594746,0.123044804,2.7687328
0.49402538,-32.0,115.25,2023-06-24,0.00091225054,0.025668394,0.12216182,2.7772934
0.49402538,-32.0,115.25,2023-06-25,0.0009121935,0.027822915,0.12156019,2.778987
0.49402538,-32.0,115.25,2023-06-26,0.0009165921,0.03332549,0.1218347,2.7814634
0.49402538,-32.0,115.25,2023-06-27,0.0008966955,0.029374054,0.12045838,2.7823195
0.49402538,-32.0,115.25,2023-06-28,0.00093137287,0.025569046,0.1198893,2.7969115
0.49402538,-32.0,115.25,2023-06-29,0.0010428758,0.029974416,0.1206825,2.8334405
0.49402538,-32.0,115.25,2023-06-30,0.0011000993,0.025574824,0.12022326,2.837735
0.49402538,-32.0,115.25,2023-07-01,0.0010775233,0.022916157,0.12008369,2.82621
0.49402538,-32.0,115.25,2023-07-02,0.0009720452,0.028397074,0.12296809,2.8042467
0.49402538,-32.0,115.25,2023-07-03,0.00083632726,0.028535498,0.12634815,2.7751162
0.49402538,-32.0,115.25,2023-07-04,0.00078750646,0.027078947,0.12664859,2.7651415
0.49402538,-32.0,115.25,2023-07-05,0.0007957868,0.025224121,0.12544113,2.7645514
0.49402538,-32.0,115.25,2023-07-06,0.00083348283,0.021911215,0.12406418,2.7671707
0.49402538,-32.0,115.25,2023-07-07,0.0008959554,0.021020241,0.12334045,2.7734847
0.49402538,-32.0,115.25,2023-07-08,0.00095499685,0.02246832,0.12296009,2.785133
0.49402538,-32.0,115.25,2023-07-09,0.001057456,0.026664048,0.12348714,2.817716
0.49402538,-32.0,115.25,2023-07-10,0.0011117667,0.024612296,0.12370395,2.826021
0.49402538,-32.0,115.25,2023-07-11,0.0010377587,0.022565264,0.12368909,2.80421
0.49402538,-32.0,115.25,2023-07-12,0.00094460294,0.025529785,0.12473951,2.781128
0.49402538,-32.0,115.25,2023-07-13,0.00089737494,0.026331838,0.1255617,2.7636764
0.49402538,-32.0,115.25,2023-07-14,0.00089834374,0.02956897,0.12597714,2.7538826
0.49402538,-32.0,115.25,2023-07-15,0.00086149893,0.027513046,0.12586677,2.7374394
0.49402538,-32.0,115.25,2023-07-16,0.0008371603,0.02174336,0.12641121,2.7249618
0.49402538,-32.0,115.25,2023-07-17,0.0008324533,0.02416719,0.12786941,2.724726
0.49402538,-32.0,115.25,2023-07-18,0.0008738825,0.06825591,0.13384631,2.7521014
0.49402538,-32.0,115.25,2023-07-19,0.00088118104,0.09345577,0.13542451,2.7683778
0.49402538,-32.0,115.25,2023-07-20,0.00078854366,0.06955477,0.13083483,2.7481833
0.49402538,-32.0,115.25,2023-07-21,0.00072860107,0.053984955,0.12741722,2.7309368
0.49402538,-32.0,115.25,2023-07-22,0.00069885026,0.04456072,0.12548308,2.7278845
0.49402538,-32.0,115.25,2023-07-23,0.00069139694,0.039257813,0.12497613,2.7359939
0.49402538,-32.0,115.25,2023-07-24,0.00074237795,0.04294108,0.12585156,2.7722015
0.49402538,-32.0,115.25,2023-07-25,0.00074501795,0.03959492,0.1266992,2.7893763
0.49402538,-32.0,115.25,2023-07-26,0.00066347205,0.029605648,0.12629154,2.7732368
0.49402538,-32.0,115.25,2023-07-27,0.00063302496,0.025038661,0.12517628,2.770354
0.49402538,-32.0,115.25,2023-07-28,0.0007134472,0.029343266,0.1257258,2.7974503
0.49402538,-32.0,115.25,2023-07-29,0.00079070905,0.02953831,0.12557864,2.8079588
0.49402538,-32.0,115.25,2023-07-30,0.0007872626,0.020823063,0.124150425,2.7905898
0.49402538,-32.0,115.25,2023-07-31,0.0007942448,0.013957252,0.12310493,2.7802749
0.49402538,-32.0,115.25,2023-08-01,0.00086792203,0.012451696,0.1230848,2.7903008
0.49402538,-32.0,115.25,2023-08-02,0.0009503768,0.02116375,0.12507391,2.8021002
0.49402538,-32.0,115.25,2023-08-03,0.0009926107,0.036553085,0.12651728,2.808166
0.49402538,-32.0,115.25,2023-08-04,0.0009941824,0.03649899,0.124914326,2.796367
0.49402538,-32.0,115.25,2023-08-05,0.0009751805,0.025843812,0.12380041,2.7767
0.49402538,-32.0,115.25,2023-08-06,0.00092542416,0.016791297,0.123543486,2.7503107
0.49402538,-32.0,115.25,2023-08-07,0.0008047442,0.010397024,0.1243863,2.7133315
0.49402538,-32.0,115.25,2023-08-08,0.0007022644,0.009070557,0.1263845,2.6927614
0.49402538,-32.0,115.25,2023-08-09,0.00062144495,0.009134076,0.12787975,2.6789105
0.49402538,-32.0,115.25,2023-08-10,0.00055522774,0.010289639,0.12991071,2.6632738
0.49402538,-32.0,115.25,2023-08-11,0.0005033488,0.010494443,0.13056104,2.6417346
0.49402538,-32.0,115.25,2023-08-12,0.00047326004,0.009966337,0.13129376,2.6226113
0.49402538,-32.0,115.25,2023-08-13,0.00048232373,0.013410919,0.13220724,2.630216
0.49402538,-32.0,115.25,2023-08-14,0.0005221573,0.013297027,0.13302115,2.6401508
0.49402538,-32.0,115.25,2023-08-15,0.00055371324,0.013237673,0.1338665,2.6292355
0.49402538,-32.0,115.25,2023-08-16,0.00056340115,0.016358323,0.1343481,2.6185112
0.49402538,-32.0,115.25,2023-08-17,0.0005314067,0.017908592,0.13471977,2.5919142
0.49402538,-32.0,115.25,2023-08-18,0.00050462654,0.017135974,0.13530134,2.5708346
0.49402538,-32.0,115.25,2023-08-19,0.00048690347,0.015163109,0.13599658,2.5500934
0.49402538,-32.0,115.25,2023-08-20,0.0004770894,0.016795643,0.1372075,2.542997
0.49402538,-32.0,115.25,2023-08-21,0.00048911414,0.021447187,0.13845272,2.5632148
0.49402538,-32.0,115.25,2023-08-22,0.0005396366,0.021732254,0.1384994,2.5915277
0.49402538,-32.0,115.25,2023-08-23,0.0006129026,0.016816352,0.13764729,2.6117108
0.49402538,-32.0,115.25,2023-08-24,0.0006877741,0.016505742,0.13741815,2.6464734
0.49402538,-32.0,115.25,2023-08-25,0.00078003155,0.019010158,0.13726428,2.6985738
0.49402538,-32.0,115.25,2023-08-26,0.00078799203,0.011887156,0.13422881,2.7043054
0.49402538,-32.0,115.25,2023-08-27,0.00071281166,0.00724668,0.13068117,2.677893
0.49402538,-32.0,115.25,2023-08-28,0.0007117996,0.0073033953,0.12926887,2.676779
0.49402538,-32.0,115.25,2023-08-29,0.00080870185,0.010925019,0.12994826,2.7218547
0.49402538,-32.0,115.25,2023-08-30,0.0009339196,0.019347139,0.13132308,2.7521653
0.49402538,-32.0,115.25,2023-08-31,0.0009961842,0.019649636,0.13094653,2.7426376
0.49402538,-32.0,115.25,2023-09-01,0.0009631432,0.015416758,0.13136844,2.6963742
0.49402538,-32.0,115.25,2023-09-02,0.00083127,0.021729877,0.13400082,2.6355553
0.49402538,-32.0,115.25,2023-09-03,0.0007640687,0.026961433,0.13598955,2.607892
0.49402538,-32.0,115.25,2023-09-04,0.0007422628,0.026960285,0.13694194,2.5927088
0.49402538,-32.0,115.25,2023-09-05,0.00074059214,0.027221257,0.13762459,2.5854537
0.49402538,-32.0,115.25,2023-09-06,0.0007965039,0.034511264,0.13862213,2.6004481
0.49402538,-32.0,115.25,2023-09-07,0.0008747275,0.04166381,0.13869452,2.632581
0.49402538,-32.0,115.25,2023-09-08,0.00094490073,0.03686705,0.13802908,2.6589468
0.49402538,-32.0,115.25,2023-09-09,0.0009029665,0.026377952,0.13754414,2.6352372
0.49402538,-32.0,115.25,2023-09-10,0.0007456663,0.015355761,0.13741319,2.5843935
0.49402538,-32.0,115.25,2023-09-11,0.00057201105,0.007936246,0.13764581,2.547441
0.49402538,-32.0,115.25,2023-09-12,0.0005262791,0.008350946,0.13840967,2.545042
0.49402538,-32.0,115.25,2023-09-13,0.0006058838,0.04387121,0.1423938,2.570296
0.49402538,-32.0,115.25,2023-09-14,0.00061975233,0.059026364,0.14357398,2.5754483
0.49402538,-32.0,115.25,2023-09-15,0.000616314,0.04417597,0.14148533,2.5721755
0.49402538,-32.0,115.25,2023-09-16,0.0006364541,0.02517039,0.13970335,2.5719104
0.49402538,-32.0,115.25,2023-09-17,0.0006565654,0.017341768,0.13909456,2.5710647
0.49402538,-32.0,115.25,2023-09-18,0.00065994257,0.020290636,0.13977201,2.56676
0.49402538,-32.0,115.25,2023-09-19,0.0006733379,0.024594015,0.14073321,2.5663128
0.49402538,-32.0,115.25,2023-09-20,0.0006975202,0.022865215,0.14086175,2.5690432
0.49402538,-32.0,115.25,2023-09-21,0.00071981363,0.01270281,0.14025739,2.5680234
0.49402538,-32.0,115.25,2023-09-22,0.00072886195,0.006654875,0.14037094,2.5591562
0.49402538,-32.0,115.25,2023-09-23,0.0007245417,0.0067255897,0.1412126,2.543273
0.49402538,-32.0,115.25,2023-09-24,0.00070569146,0.0059783463,0.14218217,2.51289
0.49402538,-32.0,115.25,2023-09-25,0.00065257837,0.0045142355,0.14347446,2.4708626
0.49402538,-32.0,115.25,2023-09-26,0.00062034343,0.004015592,0.14412075,2.4500766
0.49402538,-32.0,115.25,2023-09-27,0.00059532776,0.0039154897,0.14422975,2.440946
0.49402538,-32.0,115.25,2023-09-28,0.0006197743,0.0044102767,0.14356852,2.483077
0.49402538,-32.0,115.25,2023-09-29,0.0007643138,0.00393765,0.14286356,2.568988
0.49402538,-32.0,115.25,2023-09-30,0.0008940169,0.003287489,0.14241071,2.6146135
0.49402538,-32.0,115.25,2023-10-01,0.0010075758,0.0041102343,0.14236209,2.6386166
0.49402538,-32.0,115.25,2023-10-02,0.0010778055,0.006870208,0.14250265,2.646106
0.49402538,-32.0,115.25,2023-10-03,0.0010314625,0.006236255,0.14232296,2.6205297
0.49402538,-32.0,115.25,2023-10-04,0.0009712993,0.004439536,0.142043,2.595983
0.49402538,-32.0,115.25,2023-10-05,0.00095690956,0.0038418332,0.14197297,2.5901814
0.49402538,-32.0,115.25,2023-10-06,0.0009390523,0.0037800868,0.1419395,2.5829043
0.49402538,-32.0,115.25,2023-10-07,0.00088359497,0.0037629711,0.14176099,2.5712924
0.49402538,-32.0,115.25,2023-10-08,0.0008531564,0.0033635313,0.14154261,2.5690653
0.49402538,-32.0,115.25,2023-10-09,0.00088986836,0.0032468694,0.14147685,2.586972
0.49402538,-32.0,115.25,2023-10-10,0.0009584022,0.0023699373,0.14150892,2.5929394
0.49402538,-32.0,115.25,2023-10-11,0.0009165153,0.0024953845,0.1416235,2.5677326
0.49402538,-32.0,115.25,2023-10-12,0.00083772925,0.0027207665,0.14181222,2.5344923
0.49402538,-32.0,115.25,2023-10-13,0.0007829851,0.0027998015,0.1421854,2.5078847
0.49402538,-32.0,115.25,2023-10-14,0.00075034343,0.0026513054,0.14253843,2.4891117
0.49402538,-32.0,115.25,2023-10-15,0.00074242835,0.0024978484,0.1426987,2.4824073
0.49402538,-32.0,115.25,2023-10-16,0.0007827124,0.0029780872,0.14244911,2.5025198
0.49402538,-32.0,115.25,2023-10-17,0.0009265465,0.0028690859,0.1418167,2.5598726
0.49402538,-32.0,115.25,2023-10-18,0.001109394,0.0031477152,0.14140253,2.6243477
0.49402538,-32.0,115.25,2023-10-19,0.001190276,0.002571474,0.14155068,2.6381867
0.49402538,-32.0,115.25,2023-10-20,0.0011772781,0.0027232831,0.14185648,2.6246111
0.49402538,-32.0,115.25,2023-10-21,0.0011438119,0.0032509535,0.1422087,2.6062434
0.49402538,-32.0,115.25,2023-10-22,0.0011429054,0.0021774238,0.14282165,2.5907722
0.49402538,-32.0,115.25,2023-10-23,0.0011505972,0.0019395944,0.14339113,2.579122
0.49402538,-32.0,115.25,2023-10-24,0.0010741178,0.0018956701,0.14399727,2.5529883
0.49402538,-32.0,115.25,2023-10-25,0.0010143433,0.0022167596,0.14412268,2.5375202
0.49402538,-32.0,115.25,2023-10-26,0.0010892192,0.0022627641,0.14357236,2.5578644
0.49402538,-32.0,115.25,2023-10-27,0.0011189192,0.0021129337,0.14359728,2.5596352
0.49402538,-32.0,115.25,2023-10-28,0.0010495614,0.003324193,0.14409594,2.533696
0.49402538,-32.0,115.25,2023-10-29,0.0010694076,0.008346522,0.14468329,2.5215967
0.49402538,-32.0,115.25,2023-10-30,0.0011493657,0.018492484,0.14501773,2.5192025
0.49402538,-32.0,115.25,2023-10-31,0.001224132,0.01696364,0.14371936,2.5216336
0.49402538,-32.0,115.25,2023-11-01,0.0012763308,0.009057598,0.14188044,2.5252926
0.49402538,-32.0,115.25,2023-11-02,0.0013088273,0.0050718123,0.14084885,2.5273457
0.49402538,-32.0,115.25,2023-11-03,0.0013123781,0.004045744,0.14075798,2.5253162
0.49402538,-32.0,115.25,2023-11-04,0.0014582615,0.004607729,0.13996765,2.55215
0.49402538,-32.0,115.25,2023-11-05,0.001581775,0.0044273473,0.14060818,2.5918913
0.49402538,-32.0,115.25,2023-11-06,0.0014451022,0.0026397943,0.14359915,2.5722847
0.49402538,-32.0,115.25,2023-11-07,0.0013200698,0.0021752636,0.14548238,2.5420318
0.49402538,-32.0,115.25,2023-11-08,0.001185373,0.0020153485,0.14664647,2.5048327
0.49402538,-32.0,115.25,2023-11-09,0.0011083441,0.0014973257,0.14747967,2.4785447
0.49402538,-32.0,115.25,2023-11-10,0.0010532743,0.0012763661,0.14820096,2.4613502
0.49402538,-32.0,115.25,2023-11-11,0.0009946596,0.0013354692,0.14888188,2.4444797
0.49402538,-32.0,115.25,2023-11-12,0.000977382,0.0016320208,0.14906617,2.4363678
0.49402538,-32.0,115.25,2023-11-13,0.000997054,0.0019444047,0.1487698,2.435964
0.49402538,-32.0,115.25,2023-11-14,0.0010712501,0.0023366539,0.14808458,2.4445887
0.49402538,-32.0,115.25,2023-11-15,0.0011734257,0.0018923122,0.14744803,2.4546845
0.49402538,-32.0,115.25,2023-11-16,0.0012374971,0.001739714,0.14679421,2.461253
0.49402538,-32.0,115.25,2023-11-17,0.0012980229,0.0016175933,0.14578679,2.4673398
0.49402538,-32.0,115.25,2023-11-18,0.0013851243,0.0016692189,0.14452893,2.4753778
0.49402538,-32.0,115.25,2023-11-19,0.0014317929,0.0014720743,0.14361864,2.476323
0.49402538,-32.0,115.25,2023-11-20,0.0014080557,0.0012618337,0.1439547,2.4642267
0.49402538,-32.0,115.25,2023-11-21,0.0013331652,0.00125312,0.14515108,2.4485543
0.49402538,-32.0,115.25,2023-11-22,0.0012727646,0.0014218227,0.14614242,2.4385283
0.49402538,-32.0,115.25,2023-11-23,0.0013110215,0.002013676,0.14579804,2.4418855
0.49402538,-32.0,115.25,2023-11-24,0.0013524189,0.0031577027,0.14514227,2.450057
0.49402538,-32.0,115.25,2023-11-25,0.0014040426,0.0033756765,0.14438176,2.4644802
0.49402538,-32.0,115.25,2023-11-26,0.001392163,0.0027333158,0.14389506,2.4730942
0.49402538,-32.0,115.25,2023-11-27,0.0013361815,0.0024150838,0.14340843,2.476246
0.49402538,-32.0,115.25,2023-11-28,0.0013112377,0.0020160282,0.14290406,2.4793313
0.49402538,-32.0,115.25,2023-11-29,0.0013891404,0.001767298,0.14254154,2.4856272
0.49402538,-32.0,115.25,2023-11-30,0.0015227617,0.0016020099,0.14215031,2.4945447
0.49402538,-32.0,115.25,2023-12-01,0.0015552746,0.0017211157,0.14166512,2.4936764
0.49402538,-32.0,115.25,2023-12-02,0.0015332636,0.0018149484,0.14118147,2.4906855
0.49402538,-32.0,115.25,2023-12-03,0.0015452274,0.0020683466,0.14068867,2.48866
0.49402538,-32.0,115.25,2023-12-04,0.0016063481,0.0018954938,0.14013606,2.486828
0.49402538,-32.0,115.25,2023-12-05,0.0016399961,0.0012252202,0.14021313,2.4827948
0.49402538,-32.0,115.25,2023-12-06,0.0016293402,0.001247095,0.14138287,2.4732034
0.49402538,-32.0,115.25,2023-12-07,0.0015537558,0.0020801732,0.143327,2.4532797
0.49402538,-32.0,115.25,2023-12-08,0.001510453,0.0074239364,0.14507808,2.429564
0.49402538,-32.0,115.25,2023-12-09,0.001445823,0.017177017,0.1461466,2.4146776
0.49402538,-32.0,115.25,2023-12-10,0.0014101845,0.014516162,0.1450636,2.4104548
0.49402538,-32.0,115.25,2023-12-11,0.0014413093,0.006234233,0.1434051,2.4119003
0.49402538,-32.0,115.25,2023-12-12,0.001503868,0.003066658,0.14248793,2.4151587
0.49402538,-32.0,115.25,2023-12-13,0.0015681233,0.0019581793,0.14257912,2.417211
0.49402538,-32.0,115.25,2023-12-14,0.0016985937,0.0017127412,0.1426738,2.421453
0.49402538,-32.0,115.25,2023-12-15,0.001824463,0.0016108652,0.1421895,2.4255924
0.49402538,-32.0,115.25,2023-12-16,0.0018502602,0.0014506906,0.14194117,2.4230666
0.49402538,-32.0,115.25,2023-12-17,0.0015781085,0.0020111252,0.14463921,2.3939111
0.49402538,-32.0,115.25,2023-12-18,0.0014349978,0.0051573412,0.1470289,2.3711226
0.49402538,-32.0,115.25,2023-12-19,0.0014260294,0.00642909,0.14776292,2.3614388
0.49402538,-32.0,115.25,2023-12-20,0.0015039722,0.004354724,0.14699902,2.3609915
0.49402538,-32.0,115.25,2023-12-21,0.0016493935,0.0028042798,0.14550033,2.3655758
0.49402538,-32.0,115.25,2023-12-22,0.0018705694,0.0021342856,0.14359598,2.375638
0.49402538,-32.0,115.25,2023-12-23,0.0019404748,0.0014554774,0.14345509,2.3785477
0.49402538,-32.0,115.25,2023-12-24,0.001925078,0.0015178638,0.1438451,2.3774998
0.49402538,-32.0,115.25,2023-12-25,0.0018907061,0.0015741546,0.14388885,2.3764095
0.49402538,-32.0,115.25,2023-12-26,0.0019267721,0.0013138527,0.14360671,2.3750222
0.49402538,-32.0,115.25,2023-12-27,0.0019378592,0.0012172848,0.14349169,2.371486
0.49402538,-32.0,115.25,2023-12-28,0.0018055746,0.0012320942,0.14451502,2.3585842
0.49402538,-32.0,115.25,2023-12-29,0.0016733471,0.0015189449,0.14558591,2.3432264
0.49402538,-32.0,115.25,2023-12-30,0.0016981171,0.0017287015,0.14517975,2.3412905
0.49402538,-32.0,115.25,2023-12-31,0.0017290446,0.0016252898,0.14462742,2.3435426
0.49402538,-32.0,115.25,2024-01-01,0.001655948,0.0013288729,0.1450469,2.338756
0.49402538,-32.0,115.25,2024-01-02,0.0015357165,0.0014033277,0.1461309,2.3269682
0.49402538,-32.0,115.25,2024-01-03,0.0014425904,0.0016563645,0.14664862,2.3209977
0.49402538,-32.0,115.25,2024-01-04,0.0014392819,0.0017322439,0.1458947,2.324378
0.49402538,-32.0,115.25,2024-01-05,0.0014641273,0.0016008498,0.1451993,2.327106
0.49402538,-32.0,115.25,2024-01-06,0.0015250876,0.001750326,0.14474568,2.3283117
0.49402538,-32.0,115.25,2024-01-07,0.0016266571,0.0019987926,0.14420801,2.3295836
0.49402538,-32.0,115.25,2024-01-08,0.0016764068,0.0015708448,0.14403261,2.3284569
0.49402538,-32.0,115.25,2024-01-09,0.0017233776,0.001322262,0.14458205,2.3191252
0.49402538,-32.0,115.25,2024-01-10,0.0017526597,0.0014225764,0.14476568,2.30917
0.49402538,-32.0,115.25,2024-01-11,0.0018266676,0.0015256343,0.14421448,2.3064845
0.49402538,-32.0,115.25,2024-01-12,0.0018998315,0.0017199453,0.14369181,2.304877
0.49402538,-32.0,115.25,2024-01-13,0.002008073,0.0026526346,0.14284037,2.3086786
0.49402538,-32.0,115.25,2024-01-14,0.0022140043,0.0039045596,0.14140885,2.3195722
0.49402538,-32.0,115.25,2024-01-15,0.0022496583,0.0035961422,0.14036779,2.3427365
0.49402538,-32.0,115.25,2024-01-16,0.0018657758,0.003659773,0.1393265,2.3854187
0.49402538,-32.0,115.25,2024-01-17,0.0015102027,0.002407519,0.13840978,2.4192264
0.49402538,-32.0,115.25,2024-01-18,0.0013312632,0.0016268557,0.13802448,2.4376042
0.49402538,-32.0,115.25,2024-01-19,0.0013269153,0.0015586052,0.1379762,2.4417138
0.49402538,-32.0,115.25,2024-01-20,0.0013769438,0.0015159224,0.13823088,2.437611
0.49402538,-32.0,115.25,2024-01-21,0.0014206652,0.0013367451,0.13904218,2.4252865
0.49402538,-32.0,115.25,2024-01-22,0.0014874594,0.0014218637,0.1395181,2.4120307
0.49402538,-32.0,115.25,2024-01-23,0.0014701867,0.0012940575,0.14038792,2.3954873
0.49402538,-32.0,115.25,2024-01-24,0.0014444465,0.0012006086,0.14312825,2.3507974
0.49402538,-32.0,115.25,2024-01-25,0.0013880909,0.010231482,0.1487932,2.283023
0.49402538,-32.0,115.25,2024-01-26,0.001466603,0.01666093,0.15036829,2.257169
0.49402538,-32.0,115.25,2024-01-27,0.0016003164,0.0049978476,0.14756943,2.260954
0.49402538,-32.0,115.25,2024-01-28,0.0016307307,0.0028251149,0.14705081,2.2614698
0.49402538,-32.0,115.25,2024-01-29,0.0015367221,0.0037678226,0.14810058,2.2592769
0.49402538,-32.0,115.25,2024-01-30,0.0014214958,0.0035185602,0.14816844,2.266922
0.49402538,-32.0,115.25,2024-01-31,0.0013899163,0.0022785238,0.1473822,2.2772381
0.49402538,-32.0,115.25,2024-02-01,0.0015430837,0.0021148492,0.14745557,2.2764251
0.49402538,-32.0,115.25,2024-02-02,0.0017981709,0.0014683108,0.14798647,2.270637
0.49402538,-32.0,115.25,2024-02-03,0.0015320544,0.0011774617,0.14928266,2.2634747
0.49402538,-32.0,115.25,2024-02-04,0.0012013635,0.0021944416,0.15175895,2.2403963
0.49402538,-32.0,115.25,2024-02-05,0.0010299691,0.008085248,0.15444699,2.217569
0.49402538,-32.0,115.25,2024-02-06,0.0010065514,0.008463306,0.15458742,2.2143495
0.49402538,-32.0,115.25,2024-02-07,0.0010453834,0.004381178,0.15352136,2.2189276
0.49402538,-32.0,115.25,2024-02-08,0.0011839852,0.0027292483,0.15282802,2.2207463
0.49402538,-32.0,115.25,2024-02-09,0.0014628916,0.002465513,0.15191084,2.2245772
0.49402538,-32.0,115.25,2024-02-10,0.0012229608,0.0018468772,0.15032317,2.2448602
0.49402538,-32.0,115.25,2024-02-11,0.0009744271,0.0013651688,0.14895256,2.2620876
0.49402538,-32.0,115.25,2024-02-12,0.0010168251,0.0011510206,0.14841627,2.266591
0.49402538,-32.0,115.25,2024-02-13,0.001102468,0.0011393665,0.14830971,2.265305
0.49402538,-32.0,115.25,2024-02-14,0.0011640679,0.0012803299,0.14822479,2.26235
0.49402538,-32.0,115.25,2024-02-15,0.0014342837,0.0017235567,0.14786562,2.2623734
0.49402538,-32.0,115.25,2024-02-16,0.0016872244,0.0021616712,0.14776321,2.2635036
0.49402538,-32.0,115.25,2024-02-17,0.0016240369,0.0020808883,0.14836611,2.2610765
0.49402538,-32.0,115.25,2024-02-18,0.0014179931,0.001844385,0.14912933,2.25803
0.49402538,-32.0,115.25,2024-02-19,0.001298986,0.0032707772,0.1492076,2.258341
0.49402538,-32.0,115.25,2024-02-20,0.0012861489,0.0040841354,0.14897458,2.2632728
0.49402538,-32.0,115.25,2024-02-21,0.0013642093,0.0014409005,0.14947732,2.2658372
0.49402538,-32.0,115.25,2024-02-22,0.0014039223,0.0012383192,0.15032709,2.2646422
0.49402538,-32.0,115.25,2024-02-23,0.0014112063,0.0013767758,0.15080088,2.263242
0.49402538,-32.0,115.25,2024-02-24,0.001395202,0.0015540121,0.15123166,2.2612941
0.49402538,-32.0,115.25,2024-02-25,0.0014108191,0.0018038506,0.15117632,2.263468
0.49402538,-32.0,115.25,2024-02-26,0.0014449266,0.0016663001,0.15076888,2.267049
0.49402538,-32.0,115.25,2024-02-27,0.0014184258,0.0013223897,0.1508371,2.271113
0.49402538,-32.0,115.25,2024-02-28,0.00133602,0.0012965548,0.15087253,2.275837
0.49402538,-32.0,115.25,2024-02-29,0.0012055497,0.0012454087,0.15171391,2.2752924
0.49402538,-32.0,115.25,2024-03-01,0.0011252803,0.0016361023,0.15292059,2.2677588
0.49402538,-32.0,115.25,2024-03-02,0.0011030275,0.0023171804,0.1535311,2.2604654
0.49402538,-32.0,115.25,2024-03-03,0.0011410175,0.002242672,0.15311927,2.257282
0.49402538,-32.0,115.25,2024-03-04,0.0011821059,0.0014505611,0.15216896,2.261098
0.49402538,-32.0,115.25,2024-03-05,0.0011232782,0.0012804093,0.15128216,2.264788
0.49402538,-32.0,115.25,2024-03-06,0.0010498276,0.0015822278,0.15084837,2.2644956
0.49402538,-32.0,115.25,2024-03-07,0.0010852128,0.002056815,0.1503636,2.261984
0.49402538,-32.0,115.25,2024-03-08,0.0011632136,0.0014128101,0.14993054,2.2605734
0.49402538,-32.0,115.25,2024-03-09,0.0011476984,0.0013544951,0.14986223,2.2615833
0.49402538,-32.0,115.25,2024-03-10,0.0010484756,0.0015287459,0.1500621,2.2592742
0.49402538,-32.0,115.25,2024-03-11,0.0009847839,0.0028403236,0.15081272,2.2512884
0.49402538,-32.0,115.25,2024-03-12,0.0009800352,0.0032209607,0.15123469,2.2433913
0.49402538,-32.0,115.25,2024-03-13,0.0010512779,0.0022103782,0.15087666,2.239341
0.49402538,-32.0,115.25,2024-03-14,0.0010723923,0.0019101636,0.15026167,2.2415776
0.49402538,-32.0,115.25,2024-03-15,0.0010526057,0.0020117247,0.14973252,2.2447002
0.49402538,-32.0,115.25,2024-03-16,0.0011136271,0.0020117788,0.14930642,2.244052
0.49402538,-32.0,115.25,2024-03-17,0.0011497193,0.0013326751,0.14955033,2.2480416
0.49402538,-32.0,115.25,2024-03-18,0.0011141222,0.0015556421,0.1506797,2.2558913
0.49402538,-32.0,115.25,2024-03-19,0.0010521985,0.0038187448,0.15194887,2.2586865
0.49402538,-32.0,115.25,2024-03-20,0.0010495229,0.005927787,0.15274557,2.251905
0.49402538,-32.0,115.25,2024-03-21,0.0011511291,0.0037515874,0.15249786,2.2408497
0.49402538,-32.0,115.25,2024-03-22,0.0012350595,0.0020498734,0.15110365,2.2650638
0.49402538,-32.0,115.25,2024-03-23,0.0011308596,0.0016914762,0.14826639,2.310289
0.49402538,-32.0,115.25,2024-03-24,0.0010300605,0.0018036785,0.1468999,2.3278415
0.49402538,-32.0,115.25,2024-03-25,0.0010265149,0.0019161234,0.1462508,2.3328617
0.49402538,-32.0,115.25,2024-03-26,0.0012430385,0.0021290109,0.14607286,2.3269424
0.49402538,-32.0,115.25,2024-03-27,0.0015545132,0.0023546815,0.14604685,2.3160093
0.49402538,-32.0,115.25,2024-03-28,0.0015338121,0.001948336,0.14444073,2.3407156
0.49402538,-32.0,115.25,2024-03-29,0.0012701433,0.0020990092,0.14156927,2.3857813
0.49402538,-32.0,115.25,2024-03-30,0.0011140939,0.0017189152,0.13992862,2.4086192
0.49402538,-32.0,115.25,2024-03-31,0.0010627504,0.001229952,0.1397375,2.4136317
0.49402538,-32.0,115.25,2024-04-01,0.0010366546,0.0012572617,0.1398336,2.4127247
0.49402538,-32.0,115.25,2024-04-02,0.0010554376,0.0013589268,0.14009283,2.409471
0.49402538,-32.0,115.25,2024-04-03,0.001223064,0.0015295073,0.14028579,2.4026842
0.49402538,-32.0,115.25,2024-04-04,0.0014835607,0.0018951787,0.14045887,2.3938675
0.49402538,-32.0,115.25,2024-04-05,0.0015185325,0.0024496457,0.1399438,2.3959966
0.49402538,-32.0,115.25,2024-04-06,0.0013611653,0.0025356316,0.13885428,2.40699
0.49402538,-32.0,115.25,2024-04-07,0.001385338,0.0016574324,0.1385356,2.4133449
0.49402538,-32.0,115.25,2024-04-08,0.0015533257,0.0015700351,0.13858,2.4174442
0.49402538,-32.0,115.25,2024-04-09,0.0016252635,0.0015171589,0.13838707,2.4245512
0.49402538,-32.0,115.25,2024-04-10,0.0015619678,0.0014291742,0.13739765,2.438072
0.49402538,-32.0,115.25,2024-04-11,0.0014164842,0.001361179,0.13580862,2.4571335
0.49402538,-32.0,115.25,2024-04-12,0.001359131,0.0016698965,0.13464738,2.4730077
0.49402538,-32.0,115.25,2024-04-13,0.0014143366,0.0018071104,0.13358212,2.4882295
0.49402538,-32.0,115.25,2024-04-14,0.0014380276,0.0016332852,0.13243026,2.5060678
0.49402538,-32.0,115.25,2024-04-15,0.0014247713,0.0015638187,0.13152069,2.5194979
0.49402538,-32.0,115.25,2024-04-16,0.001415175,0.00156382,0.13085751,2.5294814
0.49402538,-32.0,115.25,2024-04-17,0.0014175678,0.001670931,0.13027124,2.5375178
0.49402538,-32.0,115.25,2024-04-18,0.0013523286,0.0020325703,0.12917969,2.5541513
0.49402538,-32.0,115.25,2024-04-19,0.0011878263,0.002050609,0.1279448,2.5733736
0.49402538,-32.0,115.25,2024-04-20,0.0011126503,0.002051664,0.12756701,2.576368
0.49402538,-32.0,115.25,2024-04-21,0.0012231048,0.0018500364,0.12809798,2.5674622
0.49402538,-32.0,115.25,2024-04-22,0.0013999824,0.0014742533,0.12887795,2.5591738
0.49402538,-32.0,115.25,2024-04-23,0.0012384321,0.0018391714,0.12894423,2.5653367
0.49402538,-32.0,115.25,2024-04-24,0.001106765,0.0033262356,0.12963073,2.562804
0.49402538,-32.0,115.25,2024-04-25,0.001268202,0.005120956,0.13087234,2.5517502
0.49402538,-32.0,115.25,2024-04-26,0.0013677183,0.004704196,0.13097844,2.546737
0.49402538,-32.0,115.25,2024-04-27,0.0011366525,0.0041838298,0.13087511,2.545724
0.49402538,-32.0,115.25,2024-04-28,0.0011514243,0.0040685646,0.13115825,2.5465596
0.49402538,-32.0,115.25,2024-04-29,0.0011467389,0.0055949497,0.13134933,2.5540235
0.49402538,-32.0,115.25,2024-04-30,0.0011851054,0.009667167,0.13142851,2.5650303
0.49402538,-32.0,115.25,2024-05-01,0.0010893125,0.005253531,0.12839177,2.5937274
0.49402538,-32.0,115.25,2024-05-02,0.0010139734,0.0024128507,0.12521467,2.6228187
0.49402538,-32.0,115.25,2024-05-03,0.0010497208,0.002174823,0.124122076,2.632415
0.49402538,-32.0,115.25,2024-05-04,0.0010461299,0.002095795,0.123661816,2.6355636
0.49402538,-32.0,115.25,2024-05-05,0.0010436113,0.0020617743,0.12331509,2.6383922
0.49402538,-32.0,115.25,2024-05-06,0.001134043,0.0022872218,0.123401664,2.6387448
0.49402538,-32.0,115.25,2024-05-07,0.0012682093,0.0025105856,0.12381573,2.635754
0.49402538,-32.0,115.25,2024-05-08,0.0012220512,0.0026056503,0.12369289,2.6365948
0.49402538,-32.0,115.25,2024-05-09,0.0010421235,0.0031598709,0.12333983,2.640374
0.49402538,-32.0,115.25,2024-05-10,0.001075892,0.0037820828,0.123520054,2.6387684
0.49402538,-32.0,115.25,2024-05-11,0.0011509374,0.0032149984,0.12297256,2.6411939
0.49402538,-32.0,115.25,2024-05-12,0.0011834126,0.0026573634,0.121781655,2.6497946
0.49402538,-32.0,115.25,2024-05-13,0.0011209847,0.0027405967,0.11914681,2.672931
0.49402538,-32.0,115.25,2024-05-14,0.0009627215,0.0026048226,0.11403448,2.7186434
0.49402538,-32.0,115.25,2024-05-15,0.00088625244,0.0023014063,0.11025915,2.7518268
0.49402538,-32.0,115.25,2024-05-16,0.0009742629,0.002288459,0.11053279,2.7499375
0.49402538,-32.0,115.25,2024-05-17,0.0011605116,0.0023022413,0.11239437,2.733317
0.49402538,-32.0,115.25,2024-05-18,0.0010735965,0.0021415188,0.11012541,2.7496083
0.49402538,-32.0,115.25,2024-05-19,0.00087550323,0.0020486617,0.10541837,2.7873237
0.49402538,-32.0,115.25,2024-05-20,0.0008425641,0.0025353055,0.104483075,2.7944694
0.49402538,-32.0,115.25,2024-05-21,0.0008722616,0.0034173578,0.10518878,2.7895873
0.49402538,-32.0,115.25,2024-05-22,0.00091887364,0.0040035546,0.10638964,2.7794862
0.49402538,-32.0,115.25,2024-05-23,0.0010880581,0.004588419,0.107969545,2.7707105
0.49402538,-32.0,115.25,2024-05-24,0.0013058473,0.0041974257,0.10911446,2.76351
0.49402538,-32.0,115.25,2024-05-25,0.0013717515,0.003878316,0.10989457,2.7549345
0.49402538,-32.0,115.25,2024-05-26,0.0010940542,0.0033060475,0.1105612,2.7323306
0.49402538,-32.0,115.25,2024-05-27,0.00082823134,0.0032587121,0.110085875,2.7156606
0.49402538,-32.0,115.25,2024-05-28,0.0008020358,0.0045498647,0.11039448,2.713433
0.49402538,-32.0,115.25,2024-05-29,0.00086351426,0.013679984,0.11338724,2.713779
0.49402538,-32.0,115.25,2024-05-30,0.0008821772,0.01642582,0.11458444,2.7137964
0.49402538,-32.0,115.25,2024-05-31,0.00090307114,0.030384704,0.11711191,2.7130873
0.49402538,-32.0,115.25,2024-06-01,0.0008840141,0.06219131,0.12048364,2.7081432
0.49402538,-32.0,115.25,2024-06-02,0.00093499897,0.052734677,0.11839127,2.7159863
0.49402538,-32.0,115.25,2024-06-03,0.001017399,0.03833209,0.11614983,2.7246141
0.49402538,-32.0,115.25,2024-06-04,0.0010530642,0.027649,0.114446424,2.730399
0.49402538,-32.0,115.25,2024-06-05,0.00096336275,0.018153131,0.11273412,2.7363005
0.49402538,-32.0,115.25,2024-06-06,0.00083067256,0.01458926,0.11214035,2.743519
0.49402538,-32.0,115.25,2024-06-07,0.00078500836,0.012479654,0.1114179,2.7474968
0.49402538,-32.0,115.25,2024-06-08,0.0008206429,0.012398608,0.111032195,2.751343
0.49402538,-32.0,115.25,2024-06-09,0.0009255994,0.04300323,0.11392276,2.7572181
0.49402538,-32.0,115.25,2024-06-10,0.0009942153,0.067647256,0.11607183,2.757868
0.49402538,-32.0,115.25,2024-06-11,0.0010269119,0.07326265,0.11655354,2.7557065
0.49402538,-32.0,115.25,2024-06-12,0.0010701333,0.06830884,0.1159601,2.7529976
0.49402538,-32.0,115.25,2024-06-13,0.0011154131,0.052989803,0.11482539,2.7513468
0.49402538,-32.0,115.25,2024-06-14,0.0011563399,0.043297,0.114559054,2.7489798
0.49402538,-32.0,115.25,2024-06-15,0.0012576748,0.035320695,0.11428892,2.7484128
0.49402538,-32.0,115.25,2024-06-16,0.0011938983,0.018805843,0.113473825,2.7421496
0.49402538,-32.0,115.25,2024-06-17,0.0010438618,0.010071915,0.11338601,2.7380984
0.49402538,-32.0,115.25,2024-06-18,0.00096254976,0.014262336,0.11447984,2.7312126
0.49402538,-32.0,115.25,2024-06-19,0.00080118864,0.022071851,0.11637068,2.7201607
0.49402538,-32.0,115.25,2024-06-20,0.0007441134,0.038588602,0.11895916,2.71693
0.49402538,-32.0,115.25,2024-06-21,0.0007643056,0.09217654,0.124771096,2.722641
0.49402538,-32.0,115.25,2024-06-22,0.0007745714,0.09363679,0.12512231,2.7280378
0.49402538,-32.0,115.25,2024-06-23,0.0007911374,0.08646942,0.12429557,2.7249331
0.49402538,-32.0,115.25,2024-06-24,0.00083219685,0.07999779,0.12374952,2.726673
0.49402538,-32.0,115.25,2024-06-25,0.00090572645,0.06783397,0.12237406,2.733186
0.49402538,-32.0,115.25,2024-06-26,0.0009559752,0.055310227,0.12028503,2.7364066
0.49402538,-32.0,115.25,2024-06-27,0.00080142036,0.03855135,0.11829613,2.7234514
0.49402538,-32.0,115.25,2024-06-28,0.00072315836,0.024908075,0.11666795,2.708369
0.49402538,-32.0,115.25,2024-06-29,0.00069701805,0.021488396,0.1161682,2.698753
0.49402538,-32.0,115.25,2024-06-30,0.00071520824,0.022146316,0.116556175,2.6998022
0.49402538,-32.0,115.25,2024-07-01,0.0007551969,0.021187421,0.11672199,2.705578
0.49402538,-32.0,115.25,2024-07-02,0.0007605006,0.018044798,0.116452135,2.7030587
0.49402538,-32.0,115.25,2024-07-03,0.0007460875,0.01999506,0.11655988,2.6942112
0.49402538,-32.0,115.25,2024-07-04,0.0007610972,0.02510376,0.11728996,2.698436
0.49402538,-32.0,115.25,2024-07-05,0.00082406367,0.03331172,0.11798176,2.7222695
0.49402538,-32.0,115.25,2024-07-06,0.00092867936,0.051093757,0.120099045,2.750667
0.49402538,-32.0,115.25,2024-07-07,0.00092234847,0.042739645,0.11949799,2.7455873
0.49402538,-32.0,115.25,2024-07-08,0.0008312762,0.029734235,0.119006306,2.7228708
0.49402538,-32.0,115.25,2024-07-09,0.0008860578,0.029790089,0.11787117,2.7294257
0.49402538,-32.0,115.25,2024-07-10,0.0010212016,0.03232451,0.11633023,2.7525403
0.49402538,-32.0,115.25,2024-07-11,0.0010617266,0.03205006,0.115782164,2.7511075
0.49402538,-32.0,115.25,2024-07-12,0.0010452397,0.030240707,0.1165252,2.7481859
0.49402538,-32.0,115.25,2024-07-13,0.0010354473,0.029196974,0.117335275,2.7476592
0.49402538,-32.0,115.25,2024-07-14,0.0010878012,0.034155726,0.118393645,2.750924
0.49402538,-32.0,115.25,2024-07-15,0.0011976555,0.039025404,0.118663855,2.7659507
0.49402538,-32.0,115.25,2024-07-16,0.0012934419,0.034360465,0.118498534,2.7709055
0.49402538,-32.0,115.25,2024-07-17,0.0010377784,0.038600802,0.12379635,2.7003834
0.49402538,-32.0,115.25,2024-07-18,0.00076300267,0.042384323,0.12929347,2.6314998
0.49402538,-32.0,115.25,2024-07-19,0.0007425175,0.035764806,0.1303316,2.6156359
0.49402538,-32.0,115.25,2024-07-20,0.0008446473,0.034245618,0.13015117,2.6382067
0.49402538,-32.0,115.25,2024-07-21,0.00091022183,0.028747972,0.12919873,2.626109
0.49402538,-32.0,115.25,2024-07-22,0.0009136438,0.031008726,0.12880254,2.584914
0.49402538,-32.0,115.25,2024-07-23,0.0009102232,0.03510182,0.12948681,2.5647306
0.49402538,-32.0,115.25,2024-07-24,0.000910569,0.03627955,0.12992874,2.5585554
0.49402538,-32.0,115.25,2024-07-25,0.0009295516,0.035431985,0.12954319,2.5613828
0.49402538,-32.0,115.25,2024-07-26,0.0009925665,0.034465637,0.12881838,2.5854845
0.49402538,-32.0,115.25,2024-07-27,0.0010481488,0.029615968,0.12813443,2.6019492
0.49402538,-32.0,115.25,2024-07-28,0.0009962341,0.021741716,0.12770163,2.5739155
0.49402538,-32.0,115.25,2024-07-29,0.0008768593,0.024270449,0.12736915,2.5319088
0.49402538,-32.0,115.25,2024-07-30,0.00081246736,0.030402066,0.12802838,2.5153668
0.49402538,-32.0,115.25,2024-07-31,0.0007841828,0.031591427,0.12856725,2.514592
0.49402538,-32.0,115.25,2024-08-01,0.00075582246,0.036756586,0.12897553,2.5144227
0.49402538,-32.0,115.25,2024-08-02,0.00070232205,0.037530858,0.12827688,2.5035188
0.49402538,-32.0,115.25,2024-08-03,0.0006788616,0.029162,0.12660748,2.4991517
0.49402538,-32.0,115.25,2024-08-04,0.00070518977,0.022380369,0.12530963,2.506591
0.49402538,-32.0,115.25,2024-08-05,0.0007454405,0.016399588,0.124179535,2.5148494
0.49402538,-32.0,115.25,2024-08-06,0.0007615029,0.023065152,0.124138065,2.5115163
0.49402538,-32.0,115.25,2024-08-07,0.0007432064,0.040857732,0.12596017,2.5011559
0.49402538,-32.0,115.25,2024-08-08,0.00069418823,0.05945796,0.12836862,2.4824896
0.49402538,-32.0,115.25,2024-08-09,0.0006816026,0.06394335,0.12900773,2.4722905
0.49402538,-32.0,115.25,2024-08-10,0.0007406778,0.050638504,0.12721168,2.4931996
0.49402538,-32.0,115.25,2024-08-11,0.00081156497,0.047177907,0.12662554,2.523185
0.49402538,-32.0,115.25,2024-08-12,0.0008541827,0.04508379,0.12656876,2.52813
0.49402538,-32.0,115.25,2024-08-13,0.0009133814,0.037347205,0.12537338,2.535047
0.49402538,-32.0,115.25,2024-08-14,0.0010092184,0.032817017,0.12418297,2.5587637
0.49402538,-32.0,115.25,2024-08-15,0.0011188727,0.03094528,0.12371245,2.5890102
0.49402538,-32.0,115.25,2024-08-16,0.0012039003,0.027862875,0.123215005,2.6056402
0.49402538,-32.0,115.25,2024-08-17,0.001278963,0.027111541,0.123560406,2.616917
0.49402538,-32.0,115.25,2024-08-18,0.0013160523,0.029106464,0.123658165,2.6244493
0.49402538,-32.0,115.25,2024-08-19,0.001332435,0.030004095,0.12337923,2.6351287
0.49402538,-32.0,115.25,2024-08-20,0.0013625616,0.031176545,0.12311843,2.6531024
0.49402538,-32.0,115.25,2024-08-21,0.0014638881,0.035049617,0.12304312,2.7183754
0.49402538,-32.0,115.25,2024-08-22,0.0014664446,0.032391284,0.12342324,2.7082398
0.49402538,-32.0,115.25,2024-08-23,0.0013502056,0.034041602,0.12433274,2.6256511
0.49402538,-32.0,115.25,2024-08-24,0.0012269024,0.048112612,0.12680623,2.5548258
0.49402538,-32.0,115.25,2024-08-25,0.0010938302,0.052517045,0.12895265,2.504106
0.49402538,-32.0,115.25,2024-08-26,0.0009120355,0.050312944,0.13116047,2.4561276
0.49402538,-32.0,115.25,2024-08-27,0.0007551938,0.045557354,0.1328208,2.409219
0.49402538,-32.0,115.25,2024-08-28,0.00063411327,0.0345112,0.13337748,2.3488166
0.49402538,-32.0,115.25,2024-08-29,0.0006358749,0.029776061,0.13353842,2.3266892
0.49402538,-32.0,115.25,2024-08-30,0.00067092024,0.028606568,0.13271739,2.320291
0.49402538,-32.0,115.25,2024-08-31,0.00068436476,0.022706026,0.13162224,2.3094788
0.49402538,-32.0,115.25,2024-09-01,0.00069495436,0.018001048,0.13079834,2.300452
0.49402538,-32.0,115.25,2024-09-02,0.00068926346,0.011342205,0.12957057,2.2900574
0.49402538,-32.0,115.25,2024-09-03,0.00072042755,0.008388092,0.12913513,2.301133
0.49402538,-32.0,115.25,2024-09-04,0.00081897154,0.019576825,0.13017695,2.350222
0.49402538,-32.0,115.25,2024-09-05,0.00090504717,0.044124126,0.13239577,2.3984823
0.49402538,-32.0,115.25,2024-09-06,0.0009833876,0.04689703,0.13228698,2.428546
0.49402538,-32.0,115.25,2024-09-07,0.0010797367,0.03052721,0.13009161,2.4534514
0.49402538,-32.0,115.25,2024-09-08,0.001192309,0.015082529,0.127983,2.4744074
0.49402538,-32.0,115.25,2024-09-09,0.001205728,0.0075034807,0.12632078,2.456033
0.49402538,-32.0,115.25,2024-09-10,0.0010428098,0.005663188,0.12550612,2.3942578
0.49402538,-32.0,115.25,2024-09-11,0.0008758027,0.0048128073,0.1251499,2.344524
0.49402538,-32.0,115.25,2024-09-12,0.0007888395,0.0036171235,0.12498994,2.3246148
0.49402538,-32.0,115.25,2024-09-13,0.0007504142,0.0047183614,0.12507701,2.3264606
0.49402538,-32.0,115.25,2024-09-14,0.0007317466,0.0044773044,0.12521248,2.330231
0.49402538,-32.0,115.25,2024-09-15,0.0007068957,0.0030510535,0.12542038,2.3198707
0.49402538,-32.0,115.25,2024-09-16,0.00069452514,0.0024680076,0.12548672,2.314639
0.49402538,-32.0,115.25,2024-09-17,0.0007039775,0.0024650309,0.1253796,2.3196268
0.49402538,-32.0,115.25,2024-09-18,0.00073366147,0.0035724994,0.1255652,2.331743
0.49402538,-32.0,115.25,2024-09-19,0.0007180937,0.006916275,0.12619549,2.317197
0.49402538,-32.0,115.25,2024-09-20,0.00070692,0.023197485,0.12791814,2.2990606
0.49402538,-32.0,115.25,2024-09-21,0.00071388757,0.035387926,0.12909082,2.293234
0.49402538,-32.0,115.25,2024-09-22,0.00072868523,0.02643389,0.12844127,2.2951436
0.49402538,-32.0,115.25,2024-09-23,0.00076793216,0.016700516,0.12759982,2.3037755
0.49402538,-32.0,115.25,2024-09-24,0.0007997961,0.017105492,0.1278061,2.310797
0.49402538,-32.0,115.25,2024-09-25,0.0008045153,0.012815059,0.12768297,2.314358
0.49402538,-32.0,115.25,2024-09-26,0.00082103134,0.00994401,0.1274478,2.3224878
0.49402538,-32.0,115.25,2024-09-27,0.0009092908,0.020795168,0.12811033,2.3466897
0.49402538,-32.0,115.25,2024-09-28,0.0009920035,0.020132806,0.12774523,2.3684597
0.49402538,-32.0,115.25,2024-09-29,0.0010477672,0.013794615,0.12686482,2.3807957
0.49402538,-32.0,115.25,2024-09-30,0.001098612,0.008661266,0.12585935,2.3950841
0.49402538,-32.0,115.25,2024-10-01,0.0010847169,0.010341332,0.12605791,2.3857057
0.49402538,-32.0,115.25,2024-10-02,0.0011246632,0.04903421,0.12966174,2.392187
0.49402538,-32.0,115.25,2024-10-03,0.00129676,0.040135235,0.12862632,2.4338787
0.49402538,-32.0,115.25,2024-10-04,0.001471313,0.02976256,0.12745002,2.469485
0.49402538,-32.0,115.25,2024-10-05,0.0016863367,0.019032242,0.12534866,2.5194128
0.49402538,-32.0,115.25,2024-10-06,0.0018048675,0.010553975,0.12419723,2.552026
0.49402538,-32.0,115.25,2024-10-07,0.001787201,0.005211184,0.12412536,2.5425673
0.49402538,-32.0,115.25,2024-10-08,0.001672717,0.0031902054,0.12528661,2.5118556
0.49402538,-32.0,115.25,2024-10-09,0.001588386,0.0027750332,0.12667334,2.4926062
0.49402538,-32.0,115.25,2024-10-10,0.0014522474,0.0023669538,0.12778547,2.4677773
0.49402538,-32.0,115.25,2024-10-11,0.0013891392,0.0027512067,0.12777403,2.4546802
