# data_column_name,cf_standard_name,imos_vocabulary_name,unit_name,unit_short_name,uv.definition
# AIRT,air_temperature,Temperature of the atmosphere,Degrees Celsius,degC                                                                                                          ,
# ATMP,air_pressure,Pressure (measured variable) exerted by the atmosphere,Millibars,mbar                                                                                                          ,
# CNDC_2,sea_water_electrical_conductivity,Electrical conductivity of the water body,Siemens per metre,S m-1                                                                                                         ,
# CNDC_3,sea_water_electrical_conductivity,Electrical conductivity of the water body,Siemens per metre,S m-1                                                                                                         ,
# CNDC,sea_water_electrical_conductivity,Electrical conductivity of the water body,Siemens per metre,S m-1                                                                                                         ,
# DEWT,dew_point_temperature,Dew point temperature of the atmosphere,Degrees Celsius,degC                                                                                                          ,
# GPS_HEIGHT,,,Metres,m                                                                                                             ,
# LATITUDE,latitude,Latitude north,Degrees,deg                                                                                                           ,
# LONGITUDE,longitude,Longitude east,Degrees,deg                                                                                                           ,
# PL_CRS,platform_course,Direction of motion (over ground) of measurement platform,Degrees True,deg T                                                                                                         ,
# PL_SPD,platform_speed_wrt_ground,Speed (over ground) of measurement platform,Metres per second,m s-1                                                                                                         ,
# PL_WDIR,,Wind direction (relative to moving platform) in the atmosphere,Degrees True,deg T                                                                                                         ,
# PL_WSPD,,Wind speed (relative to moving platform) in the atmosphere,Metres per second,m s-1                                                                                                         ,
# PSAL_2,sea_water_salinity,Practical salinity of the water body,Practical Salinity Unit,PSU                                                                                                           ,
# PSAL_3,sea_water_salinity,Practical salinity of the water body,Practical Salinity Unit,PSU                                                                                                           ,
# PSAL,sea_water_salinity,Practical salinity of the water body,Practical Salinity Unit,PSU                                                                                                           ,
# RAD_PAR,surface_downwelling_photosynthetic_radiative_flux_in_air,Downwelling vector irradiance as photons (PAR wavelengths) in the atmosphere,Micromoles per second per square metre,umol s-1 m-2                                                                                                  ,
# RELH,relative_humidity,Relative humidity of the atmosphere,Percent,%                                                                                                             ,
# TEMP_2,sea_water_temperature,Temperature of the water body,Degrees Celsius,degC                                                                                                          ,
# TEMP_3,sea_water_temperature,Temperature of the water body,Degrees Celsius,degC                                                                                                          ,
# TEMP_4,sea_water_temperature,Temperature of the water body,Degrees Celsius,degC                                                                                                          ,
# TEMP,sea_water_temperature,Temperature of the water body,Degrees Celsius,degC                                                                                                          ,
# WDIR,wind_from_direction,Wind from direction in the atmosphere,Degrees True,deg T                                                                                                         ,
# WETT,wet_bulb_temperature,Wet bulb temperature of the atmosphere,Degrees Celsius,degC                                                                                                          ,
# WSPD,wind_speed,Wind speed in the atmosphere,Metres per second,m s-1                                                                                                         ,
#
# qc_scheme_short_name,flag_value,flag_meaning,flag_description
# BOM,B,Value out of bounds ,
# BOM,C,Time not sequential ,
# BOM,D,Failed T > Tw > Td test (see Verein 2008) ,This test is not realised yet
# BOM,E,Failed resultant wind recomputation test ,This test gets applied to SST data product
# BOM,F,Platform velocity unrealistic ,
# BOM,G,Value exceeds (climatological) threshold ,
# BOM,H,Discontinuity in data ,
# BOM,J,Erroneous value ,
# BOM,K,Suspect value (visual) ,
# BOM,L,Value located over land ,
# BOM,M,Instrument malfunction ,
# BOM,Q,Pre-flagged as suspect ,
# BOM,S,Spike in data (visual) ,
# BOM,T,Time duplicate ,
# BOM,U,Suspect data (statistical) ,
# BOM,V,Spike in data (statistical) ,
# BOM,X,Step in data (statistical) ,
# BOM,Z,Value passes all test ,

FID,trajectory_id,measurement_id,platform_code,vessel_name,voyage_number,TIME,TIME_quality_control,LATITUDE,LATITUDE_quality_control,LONGITUDE,LONGITUDE_quality_control,AIRT,AIRT_quality_control,ATMP,ATMP_quality_control,CNDC,CNDC_quality_control,CNDC_2,CNDC_2_quality_control,CNDC_3,CNDC_3_quality_control,DEWT,DEWT_quality_control,GPS_HEIGHT,GPS_HEIGHT_quality_control,PL_CRS,PL_CRS_quality_control,PL_SPD,PL_SPD_quality_control,PL_WDIR,PL_WDIR_quality_control,PL_WSPD,PL_WSPD_quality_control,PSAL,PSAL_quality_control,PSAL_2,PSAL_2_quality_control,PSAL_3,PSAL_3_quality_control,RELH,RELH_quality_control,TEMP,TEMP_quality_control,TEMP_2,TEMP_2_quality_control,TEMP_3,TEMP_3_quality_control,TEMP_4,TEMP_4_quality_control,WDIR,WDIR_quality_control,WETT,WETT_quality_control,WSPD,WSPD_quality_control,AIRT_b,ATMP_b,CNDC_b,DEWT_b,PL_CRS_b,PL_SPD_b,PL_WDIR_b,PL_WSPD_b,PSAL_b,RELH_b,TEMP_b,WDIR_b,WETT_b,WSPD_b,geom
soop_sst_nrt_trajectory_data.fid--687f1563_1926bae460b_-183e,28131,522290093,VMFR,Coral Adventurer,Unknown,2024-10-03T13:00:00Z,Z,-31.53,Z,114.99,Z,15.7,Z,1017.7,Z,,,,,,,,,,,130,Z,5.5,Z,85,Z,10,Z,,,,,,,82.3,Z,19.6,M,,,,,,,245,Z,,,10.9,Z,true,true,false,false,true,true,true,true,false,true,true,true,false,true,POINT (114.98999786376953 -31.530000686645508)
soop_sst_nrt_trajectory_data.fid--687f1563_1926bae460b_-183d,28131,522290094,VMFR,Coral Adventurer,Unknown,2024-10-03T14:00:00Z,Z,-31.64,Z,115.14,Z,15.8,Z,1017.4,Z,,,,,,,,,,,130,Z,5,Z,100,Z,7,Z,,,,,,,78.2,Z,20,M,,,,,,,260,Z,,,9.4,Z,true,true,false,false,true,true,true,true,false,true,true,true,false,true,POINT (115.13999938964844 -31.639999389648438)
soop_sst_nrt_trajectory_data.fid--687f1563_1926bae460b_-183c,28131,522290095,VMFR,Coral Adventurer,Unknown,2024-10-03T15:00:00Z,Z,-31.74,Z,115.29,Z,16.3,Z,1016.7,Z,,,,,,,,,,,130,Z,5,Z,95,Z,7,Z,,,,,,,77.4,Z,20,M,,,,,,,260,Z,,,9,Z,true,true,false,false,true,true,true,true,false,true,true,true,false,true,POINT (115.29000091552734 -31.739999771118164)
soop_sst_nrt_trajectory_data.fid--687f1563_1926bae460b_-183b,28131,522290096,VMFR,Coral Adventurer,Unknown,2024-10-03T16:00:00Z,Z,-31.8,Z,115.36,Z,16.2,Z,1016.1,Z,,,,,,,,,,,315,Z,3.5,Z,310,Z,14,Z,,,,,,,80.6,Z,19.9,M,,,,,,,255,Z,,,11.8,Z,true,true,false,false,true,true,true,true,false,true,true,true,false,true,POINT (115.36000061035156 -31.799999237060547)
soop_sst_nrt_trajectory_data.fid--687f1563_1926bae460b_-183a,28131,522290097,VMFR,Coral Adventurer,Unknown,2024-10-03T17:00:00Z,Z,-31.72,Z,115.27,Z,16.8,Z,1015.9,Z,,,,,,,,,,,315,Z,3.5,Z,300,Z,12.5,Z,,,,,,,78.1,Z,20,M,,,,,,,245,Z,,,11.1,Z,true,true,false,false,true,true,true,true,false,true,true,true,false,true,POINT (115.2699966430664 -31.719999313354492)
soop_sst_nrt_trajectory_data.fid--687f1563_1926bae460b_-1839,28131,522290098,VMFR,Coral Adventurer,Unknown,2024-10-03T18:00:00Z,Z,-31.71,Z,115.24,Z,16.9,Z,1015.8,Z,,,,,,,,,,,115,Z,4.5,Z,120,Z,6.5,Z,,,,,,,77,Z,20,M,,,,,,,260,Z,,,10,Z,true,true,false,false,true,true,true,true,false,true,true,true,false,true,POINT (115.23999786376953 -31.709999084472656)
soop_sst_nrt_trajectory_data.fid--687f1563_1926bae460b_-1838,28131,522290099,VMFR,Coral Adventurer,Unknown,2024-10-03T19:00:00Z,Z,-31.81,Z,115.38,Z,17.2,Z,1015.5,Z,,,,,,,,,,,130,Z,5,Z,100,Z,8.5,Z,,,,,,,78.6,Z,19.9,M,,,,,,,260,Z,,,10.6,Z,true,true,false,false,true,true,true,true,false,true,true,true,false,true,POINT (115.37999725341797 -31.809999465942383)
soop_sst_nrt_trajectory_data.fid--687f1563_1926bae460b_-1837,28131,522290100,VMFR,Coral Adventurer,Unknown,2024-10-03T20:00:00Z,Z,-31.78,Z,115.33,Z,16.7,Z,1015.7,Z,,,,,,,,,,,120,Z,5,Z,115,Z,6.5,Z,,,,,,,81.6,Z,20,M,,,,,,,265,Z,,,10.5,Z,true,true,false,false,true,true,true,true,false,true,true,true,false,true,POINT (115.33000183105469 -31.780000686645508)
soop_sst_nrt_trajectory_data.fid--687f1563_1926bae460b_-1836,28131,522290101,VMFR,Coral Adventurer,Unknown,2024-10-03T21:00:00Z,Z,-31.87,Z,115.47,Z,16.3,Z,1016,Z,,,,,,,,,,,130,Z,4.5,Z,90,Z,8.5,Z,,,,,,,86.1,Z,19.4,M,,,,,,,250,Z,,,10,Z,true,true,false,false,true,true,true,true,false,true,true,true,false,true,POINT (115.47000122070312 -31.8700008392334)
soop_sst_nrt_trajectory_data.fid--687f1563_1926bae460b_-1835,28131,522290102,VMFR,Coral Adventurer,Unknown,2024-10-03T22:00:00Z,Z,-31.97,Z,115.61,Z,16.4,Z,1016.2,Z,,,,,,,,,,,130,Z,5,Z,90,Z,7.5,Z,,,,,,,87.9,Z,18.4,M,,,,,,,255,Z,,,8.9,Z,true,true,false,false,true,true,true,true,false,true,true,true,false,true,POINT (115.61000061035156 -31.969999313354492)
soop_sst_nrt_trajectory_data.fid--687f1563_1926bae460b_-1834,28131,522290103,VMFR,Coral Adventurer,Unknown,2024-10-03T23:00:00Z,Z,-32.05,Z,115.73,Z,16,Q,1016.9,Z,,,,,,,,,,,85,Z,4,Z,150,Z,5,Z,,,,,,,87,Q,17.7,M,,,,,,,245,Z,,,8.8,Z,true,true,false,false,true,true,true,true,false,true,true,true,false,true,POINT (115.7300033569336 -32.04999923706055)
soop_sst_nrt_trajectory_data.fid--687f1563_1926bae460b_-1833,28139,522290251,VMFR,Coral Adventurer,Unknown,2024-10-05T09:00:00Z,Z,-32.03,Z,115.69,Z,18.3,Z,1017.7,Z,,,,,,,,,,,340,Z,4,Z,280,Z,4.5,Z,,,,,,,78.8,Z,18,M,,,,,,,210,Z,,,5.5,Z,true,true,false,false,true,true,true,true,false,true,true,true,false,true,POINT (115.69000244140625 -32.029998779296875)
soop_sst_nrt_trajectory_data.fid--687f1563_1926bae460b_-1832,28139,522290252,VMFR,Coral Adventurer,Unknown,2024-10-05T10:00:00Z,Z,-31.97,Z,115.56,Z,18.1,Z,1017.8,Z,,,,,,,,,,,290,Z,4,Z,315,Z,10,Z,,,,,,,80,Z,18.3,M,,,,,,,220,Z,,,7.7,Z,true,true,false,false,true,true,true,true,false,true,true,true,false,true,POINT (115.55999755859375 -31.969999313354492)
soop_sst_nrt_trajectory_data.fid--687f1563_1926bae460b_-1831,28139,522290253,VMFR,Coral Adventurer,Unknown,2024-10-05T11:00:00Z,Z,-32.02,Z,115.43,Z,18,Z,1017.6,Z,,,,,,,,,,,210,Z,4.5,Z,15,Z,9,Z,,,,,,,75.9,Z,18.5,M,,,,,,,235,Z,,,5,Z,true,true,false,false,true,true,true,true,false,true,true,true,false,true,POINT (115.43000030517578 -32.02000045776367)
soop_sst_nrt_trajectory_data.fid--687f1563_1926bae460b_-1830,28139,522290254,VMFR,Coral Adventurer,Unknown,2024-10-05T12:00:00Z,Z,-32.16,Z,115.45,Z,17.7,Z,1018.1,Z,,,,,,,,,,,170,Z,4.5,Z,45,Z,8,Z,,,,,,,81.5,Z,19.4,M,,,,,,,245,Z,,,6,Z,true,true,false,false,true,true,true,true,false,true,true,true,false,true,POINT (115.44999694824219 -32.15999984741211)
soop_sst_nrt_trajectory_data.fid--687f1563_1926bae460b_-182f,28139,522290255,VMFR,Coral Adventurer,Unknown,2024-10-05T13:00:00Z,Z,-32.3,Z,115.48,Z,17.7,Z,1018.2,Z,,,,,,,,,,,170,Z,4.5,Z,45,Z,8.5,Z,,,,,,,79.3,Z,18.6,M,,,,,,,245,Z,,,6,Z,true,true,false,false,true,true,true,true,false,true,true,true,false,true,POINT (115.4800033569336 -32.29999923706055)
soop_sst_nrt_trajectory_data.fid--687f1563_1926bae460b_-182e,28139,522290256,VMFR,Coral Adventurer,Unknown,2024-10-05T14:00:00Z,Z,-32.42,Z,115.5,Z,17.6,Z,1018.1,Z,,,,,,,,,,,170,Z,4,Z,40,Z,7,Z,,,,,,,77.4,Z,18.4,M,,,,,,,245,Z,,,5,Z,true,true,false,false,true,true,true,true,false,true,true,true,false,true,POINT (115.5 -32.41999816894531)
soop_sst_nrt_trajectory_data.fid--687f1563_1926bae460b_-182d,28139,522290257,VMFR,Coral Adventurer,Unknown,2024-10-05T15:00:00Z,Z,-32.54,Z,115.52,Z,17.5,Z,1017.5,Z,,,,,,,,,,,175,Z,4,Z,40,Z,5.5,Z,,,,,,,80.6,Z,17.8,M,,,,,,,260,Z,,,3.7,Z,true,true,false,false,true,true,true,true,false,true,true,true,false,true,POINT (115.5199966430664 -32.540000915527344)
soop_sst_nrt_trajectory_data.fid--687f1563_1926bae460b_-182c,28139,522290258,VMFR,Coral Adventurer,Unknown,2024-10-05T16:00:00Z,Z,-32.67,Z,115.54,Z,17.2,Z,1017.2,Z,,,,,,,,,,,175,Z,4,Z,45,Z,4,Z,,,,,,,82.9,Z,17.7,M,,,,,,,280,Z,,,3.2,Z,true,true,false,false,true,true,true,true,false,true,true,true,false,true,POINT (115.54000091552734 -32.66999816894531)
soop_sst_nrt_trajectory_data.fid--687f1563_1926bae460b_-182b,28139,522290259,VMFR,Coral Adventurer,Unknown,2024-10-05T17:00:00Z,Z,-32.79,Z,115.56,Z,16.7,Z,1016.6,Z,,,,,,,,,,,170,Z,4,Z,30,Z,9,Z,,,,,,,91.8,Z,17.6,M,,,,,,,220,Z,,,5.8,Z,true,true,false,false,true,true,true,true,false,true,true,true,false,true,POINT (115.55999755859375 -32.790000915527344)
