depth,latitude,longitude,time,chl,phyc
0.49402538,-32.5,115.5,2021-11-01,0.28071028,2.1366322
0.49402538,-32.5,115.5,2021-11-02,0.2762376,2.1074862
0.49402538,-32.5,115.5,2021-11-03,0.26091734,2.0457635
0.49402538,-32.5,115.5,2021-11-04,0.26045725,2.0447779
0.49402538,-32.5,115.5,2021-11-05,0.26980278,2.1087632
0.49402538,-32.5,115.5,2021-11-06,0.26354188,2.1200664
0.49402538,-32.5,115.5,2021-11-07,0.2509855,2.1017716
0.49402538,-32.5,115.5,2021-11-08,0.23776814,2.0622165
0.49402538,-32.5,115.5,2021-11-09,0.23171352,2.0185566
0.49402538,-32.5,115.5,2021-11-10,0.22721584,1.99551
0.49402538,-32.5,115.5,2021-11-11,0.22286111,1.9887171
0.49402538,-32.5,115.5,2021-11-12,0.21543993,1.95764
0.49402538,-32.5,115.5,2021-11-13,0.20976494,1.9179442
0.49402538,-32.5,115.5,2021-11-14,0.20640408,1.8934945
0.49402538,-32.5,115.5,2021-11-15,0.19965526,1.9061334
0.49402538,-32.5,115.5,2021-11-16,0.19139908,1.9274014
0.49402538,-32.5,115.5,2021-11-17,0.18591179,1.8592486
0.49402538,-32.5,115.5,2021-11-18,0.2028903,1.8217028
0.49402538,-32.5,115.5,2021-11-19,0.22804642,1.8903831
0.49402538,-32.5,115.5,2021-11-20,0.224245,1.9017974
0.49402538,-32.5,115.5,2021-11-21,0.21180543,1.8562261
0.49402538,-32.5,115.5,2021-11-22,0.2226253,1.8891884
0.49402538,-32.5,115.5,2021-11-23,0.2141116,1.863827
0.49402538,-32.5,115.5,2021-11-24,0.19914946,1.806639
0.49402538,-32.5,115.5,2021-11-25,0.18664059,1.7388393
0.49402538,-32.5,115.5,2021-11-26,0.1747314,1.6724039
0.49402538,-32.5,115.5,2021-11-27,0.16495976,1.6330075
0.49402538,-32.5,115.5,2021-11-28,0.15931427,1.6024667
0.49402538,-32.5,115.5,2021-11-29,0.1766081,1.6530354
0.49402538,-32.5,115.5,2021-11-30,0.20556614,1.787931
0.49402538,-32.5,115.5,2021-12-01,0.19909991,1.7847916
0.49402538,-32.5,115.5,2021-12-02,0.18463925,1.7506825
0.49402538,-32.5,115.5,2021-12-03,0.17349364,1.7211965
0.49402538,-32.5,115.5,2021-12-04,0.16429426,1.6885289
0.49402538,-32.5,115.5,2021-12-05,0.15879111,1.6710216
0.49402538,-32.5,115.5,2021-12-06,0.1548018,1.6600374
0.49402538,-32.5,115.5,2021-12-07,0.14874545,1.6315106
0.49402538,-32.5,115.5,2021-12-08,0.141539,1.5994889
0.49402538,-32.5,115.5,2021-12-09,0.137346,1.5849059
0.49402538,-32.5,115.5,2021-12-10,0.13563535,1.5542381
0.49402538,-32.5,115.5,2021-12-11,0.13633196,1.5268687
0.49402538,-32.5,115.5,2021-12-12,0.15083866,1.5934516
0.49402538,-32.5,115.5,2021-12-13,0.15348421,1.6344107
0.49402538,-32.5,115.5,2021-12-14,0.14624546,1.6264564
0.49402538,-32.5,115.5,2021-12-15,0.14007008,1.6172265
0.49402538,-32.5,115.5,2021-12-16,0.13590781,1.602057
0.49402538,-32.5,115.5,2021-12-17,0.1343463,1.5927093
0.49402538,-32.5,115.5,2021-12-18,0.13431132,1.5835565
0.49402538,-32.5,115.5,2021-12-19,0.13232161,1.5644246
0.49402538,-32.5,115.5,2021-12-20,0.13076623,1.5690241
0.49402538,-32.5,115.5,2021-12-21,0.12857242,1.576462
0.49402538,-32.5,115.5,2021-12-22,0.12636407,1.5736017
0.49402538,-32.5,115.5,2021-12-23,0.12596849,1.5684628
0.49402538,-32.5,115.5,2021-12-24,0.12575932,1.5619507
0.49402538,-32.5,115.5,2021-12-25,0.12477954,1.5508331
0.49402538,-32.5,115.5,2021-12-26,0.12432821,1.552606
0.49402538,-32.5,115.5,2021-12-27,0.12728985,1.5961485
0.49402538,-32.5,115.5,2021-12-28,0.1296918,1.6261263
0.49402538,-32.5,115.5,2021-12-29,0.12516686,1.5741729
0.49402538,-32.5,115.5,2021-12-30,0.1203802,1.5149565
0.49402538,-32.5,115.5,2021-12-31,0.12700666,1.546261
0.49402538,-32.5,115.5,2022-01-01,0.13618751,1.6090405
0.49402538,-32.5,115.5,2022-01-02,0.13810073,1.6348388
0.49402538,-32.5,115.5,2022-01-03,0.13612495,1.6324829
0.49402538,-32.5,115.5,2022-01-04,0.13301824,1.6144588
0.49402538,-32.5,115.5,2022-01-05,0.12908125,1.5856576
0.49402538,-32.5,115.5,2022-01-06,0.12652539,1.5687053
0.49402538,-32.5,115.5,2022-01-07,0.12595513,1.5672208
0.49402538,-32.5,115.5,2022-01-08,0.13041054,1.5976089
0.49402538,-32.5,115.5,2022-01-09,0.1315164,1.6172945
0.49402538,-32.5,115.5,2022-01-10,0.12923087,1.6073426
0.49402538,-32.5,115.5,2022-01-11,0.12611976,1.5852332
0.49402538,-32.5,115.5,2022-01-12,0.123364426,1.5601059
0.49402538,-32.5,115.5,2022-01-13,0.12368353,1.5556749
0.49402538,-32.5,115.5,2022-01-14,0.12479491,1.5626496
0.49402538,-32.5,115.5,2022-01-15,0.12537058,1.5682539
0.49402538,-32.5,115.5,2022-01-16,0.1242912,1.5592281
0.49402538,-32.5,115.5,2022-01-17,0.12234102,1.5394552
0.49402538,-32.5,115.5,2022-01-18,0.12022681,1.5224631
0.49402538,-32.5,115.5,2022-01-19,0.11961792,1.5250463
0.49402538,-32.5,115.5,2022-01-20,0.12056501,1.5382968
0.49402538,-32.5,115.5,2022-01-21,0.121880114,1.5549958
0.49402538,-32.5,115.5,2022-01-22,0.12185692,1.5577316
0.49402538,-32.5,115.5,2022-01-23,0.1174055,1.4990498
0.49402538,-32.5,115.5,2022-01-24,0.12150675,1.5136418
0.49402538,-32.5,115.5,2022-01-25,0.12554662,1.5380285
0.49402538,-32.5,115.5,2022-01-26,0.12722337,1.5433176
0.49402538,-32.5,115.5,2022-01-27,0.12901874,1.5535178
0.49402538,-32.5,115.5,2022-01-28,0.12947167,1.5540488
0.49402538,-32.5,115.5,2022-01-29,0.12960239,1.5517821
0.49402538,-32.5,115.5,2022-01-30,0.129696,1.5506759
0.49402538,-32.5,115.5,2022-01-31,0.13088112,1.5597959
0.49402538,-32.5,115.5,2022-02-01,0.13147582,1.5632708
0.49402538,-32.5,115.5,2022-02-02,0.13074301,1.555611
0.49402538,-32.5,115.5,2022-02-03,0.1299976,1.5614997
0.49402538,-32.5,115.5,2022-02-04,0.12991294,1.5793586
0.49402538,-32.5,115.5,2022-02-05,0.12755214,1.5687505
0.49402538,-32.5,115.5,2022-02-06,0.1233386,1.5097063
0.49402538,-32.5,115.5,2022-02-07,0.12808819,1.5412593
0.49402538,-32.5,115.5,2022-02-08,0.12836562,1.5482711
0.49402538,-32.5,115.5,2022-02-09,0.12798332,1.5498328
0.49402538,-32.5,115.5,2022-02-10,0.12729068,1.5473281
0.49402538,-32.5,115.5,2022-02-11,0.12665902,1.5479662
0.49402538,-32.5,115.5,2022-02-12,0.12662043,1.5457584
0.49402538,-32.5,115.5,2022-02-13,0.12617122,1.5378463
0.49402538,-32.5,115.5,2022-02-14,0.1261912,1.542071
0.49402538,-32.5,115.5,2022-02-15,0.12704039,1.5584594
0.49402538,-32.5,115.5,2022-02-16,0.124398716,1.5320412
0.49402538,-32.5,115.5,2022-02-17,0.12338397,1.5264283
0.49402538,-32.5,115.5,2022-02-18,0.12328261,1.5369364
0.49402538,-32.5,115.5,2022-02-19,0.12273505,1.5372776
0.49402538,-32.5,115.5,2022-02-20,0.12301858,1.5320755
0.49402538,-32.5,115.5,2022-02-21,0.12529719,1.543705
0.49402538,-32.5,115.5,2022-02-22,0.12942289,1.5749031
0.49402538,-32.5,115.5,2022-02-23,0.12949015,1.5801127
0.49402538,-32.5,115.5,2022-02-24,0.1274277,1.5689119
0.49402538,-32.5,115.5,2022-02-25,0.12564957,1.5644602
0.49402538,-32.5,115.5,2022-02-26,0.1249683,1.5722744
0.49402538,-32.5,115.5,2022-02-27,0.12379279,1.5699978
0.49402538,-32.5,115.5,2022-02-28,0.12199304,1.5579975
0.49402538,-32.5,115.5,2022-03-01,0.12120753,1.557268
0.49402538,-32.5,115.5,2022-03-02,0.12142309,1.5629112
0.49402538,-32.5,115.5,2022-03-03,0.12253679,1.5604279
0.49402538,-32.5,115.5,2022-03-04,0.12308468,1.5488195
0.49402538,-32.5,115.5,2022-03-05,0.12344856,1.5336283
0.49402538,-32.5,115.5,2022-03-06,0.12430917,1.5239984
0.49402538,-32.5,115.5,2022-03-07,0.12574041,1.5223951
0.49402538,-32.5,115.5,2022-03-08,0.12710783,1.5208192
0.49402538,-32.5,115.5,2022-03-09,0.12778386,1.5238839
0.49402538,-32.5,115.5,2022-03-10,0.12673695,1.5320522
0.49402538,-32.5,115.5,2022-03-11,0.12594038,1.5338421
0.49402538,-32.5,115.5,2022-03-12,0.12592238,1.534408
0.49402538,-32.5,115.5,2022-03-13,0.12686835,1.5488375
0.49402538,-32.5,115.5,2022-03-14,0.124973096,1.53918
0.49402538,-32.5,115.5,2022-03-15,0.11974076,1.4854944
0.49402538,-32.5,115.5,2022-03-16,0.117446885,1.4586115
0.49402538,-32.5,115.5,2022-03-17,0.117668174,1.4584117
0.49402538,-32.5,115.5,2022-03-18,0.11922024,1.4668782
0.49402538,-32.5,115.5,2022-03-19,0.12459831,1.4881876
0.49402538,-32.5,115.5,2022-03-20,0.12603387,1.4927368
0.49402538,-32.5,115.5,2022-03-21,0.1255719,1.4941778
0.49402538,-32.5,115.5,2022-03-22,0.12528275,1.4946779
0.49402538,-32.5,115.5,2022-03-23,0.12520589,1.4941099
0.49402538,-32.5,115.5,2022-03-24,0.12624978,1.4898243
0.49402538,-32.5,115.5,2022-03-25,0.12912959,1.4958346
0.49402538,-32.5,115.5,2022-03-26,0.13219118,1.495003
0.49402538,-32.5,115.5,2022-03-27,0.12978263,1.4366251
0.49402538,-32.5,115.5,2022-03-28,0.13063408,1.4195243
0.49402538,-32.5,115.5,2022-03-29,0.13238662,1.4194319
0.49402538,-32.5,115.5,2022-03-30,0.13565724,1.430698
0.49402538,-32.5,115.5,2022-03-31,0.13831308,1.4480658
0.49402538,-32.5,115.5,2022-04-01,0.1392354,1.4459312
0.49402538,-32.5,115.5,2022-04-02,0.13878922,1.431879
0.49402538,-32.5,115.5,2022-04-03,0.13398193,1.3825163
0.49402538,-32.5,115.5,2022-04-04,0.13348173,1.381525
0.49402538,-32.5,115.5,2022-04-05,0.13485345,1.406938
0.49402538,-32.5,115.5,2022-04-06,0.13514079,1.420546
0.49402538,-32.5,115.5,2022-04-07,0.13523912,1.4319711
0.49402538,-32.5,115.5,2022-04-08,0.13482441,1.4354587
0.49402538,-32.5,115.5,2022-04-09,0.13400795,1.4262339
0.49402538,-32.5,115.5,2022-04-10,0.13300435,1.4133266
0.49402538,-32.5,115.5,2022-04-11,0.1326342,1.4107463
0.49402538,-32.5,115.5,2022-04-12,0.13229257,1.4111959
0.49402538,-32.5,115.5,2022-04-13,0.1329062,1.4232877
0.49402538,-32.5,115.5,2022-04-14,0.13304682,1.4290669
0.49402538,-32.5,115.5,2022-04-15,0.13227464,1.4234463
0.49402538,-32.5,115.5,2022-04-16,0.13219501,1.4301409
0.49402538,-32.5,115.5,2022-04-17,0.1324186,1.4385912
0.49402538,-32.5,115.5,2022-04-18,0.13237983,1.4417499
0.49402538,-32.5,115.5,2022-04-19,0.13198815,1.4416275
0.49402538,-32.5,115.5,2022-04-20,0.13235617,1.446862
0.49402538,-32.5,115.5,2022-04-21,0.13321537,1.4463468
0.49402538,-32.5,115.5,2022-04-22,0.13435826,1.441809
0.49402538,-32.5,115.5,2022-04-23,0.13552494,1.4327456
0.49402538,-32.5,115.5,2022-04-24,0.13570115,1.4090978
0.49402538,-32.5,115.5,2022-04-25,0.13545498,1.3692929
0.49402538,-32.5,115.5,2022-04-26,0.138162,1.3543613
0.49402538,-32.5,115.5,2022-04-27,0.1395826,1.3501856
0.49402538,-32.5,115.5,2022-04-28,0.14056368,1.3638256
0.49402538,-32.5,115.5,2022-04-29,0.14156178,1.3939612
0.49402538,-32.5,115.5,2022-04-30,0.14254698,1.4219537
0.49402538,-32.5,115.5,2022-05-01,0.14355735,1.4408699
0.49402538,-32.5,115.5,2022-05-02,0.14363009,1.4475747
0.49402538,-32.5,115.5,2022-05-03,0.14433037,1.4521126
0.49402538,-32.5,115.5,2022-05-04,0.14648701,1.4581764
0.49402538,-32.5,115.5,2022-05-05,0.1482853,1.466954
0.49402538,-32.5,115.5,2022-05-06,0.14960136,1.4841661
0.49402538,-32.5,115.5,2022-05-07,0.15008685,1.493076
0.49402538,-32.5,115.5,2022-05-08,0.14873394,1.4720846
0.49402538,-32.5,115.5,2022-05-09,0.14685336,1.4556187
0.49402538,-32.5,115.5,2022-05-10,0.1445201,1.4559703
0.49402538,-32.5,115.5,2022-05-11,0.14327255,1.4630619
0.49402538,-32.5,115.5,2022-05-12,0.13899359,1.4021864
0.49402538,-32.5,115.5,2022-05-13,0.14740916,1.4224846
0.49402538,-32.5,115.5,2022-05-14,0.14723042,1.4470763
0.49402538,-32.5,115.5,2022-05-15,0.14478391,1.4648104
0.49402538,-32.5,115.5,2022-05-16,0.14414054,1.4740794
0.49402538,-32.5,115.5,2022-05-17,0.13924831,1.4455919
0.49402538,-32.5,115.5,2022-05-18,0.13357373,1.3655652
0.49402538,-32.5,115.5,2022-05-19,0.13506669,1.3305222
0.49402538,-32.5,115.5,2022-05-20,0.141763,1.3820829
0.49402538,-32.5,115.5,2022-05-21,0.14932702,1.427803
0.49402538,-32.5,115.5,2022-05-22,0.15526228,1.3909018
0.49402538,-32.5,115.5,2022-05-23,0.1656161,1.3982899
0.49402538,-32.5,115.5,2022-05-24,0.17169677,1.4184766
0.49402538,-32.5,115.5,2022-05-25,0.17480935,1.4480509
0.49402538,-32.5,115.5,2022-05-26,0.17506579,1.4826919
0.49402538,-32.5,115.5,2022-05-27,0.17480473,1.5052104
0.49402538,-32.5,115.5,2022-05-28,0.17632835,1.5211499
0.49402538,-32.5,115.5,2022-05-29,0.1783314,1.5364461
0.49402538,-32.5,115.5,2022-05-30,0.18144114,1.5556178
0.49402538,-32.5,115.5,2022-05-31,0.18295224,1.5757701
0.49402538,-32.5,115.5,2022-06-01,0.18462472,1.6047179
0.49402538,-32.5,115.5,2022-06-02,0.18890592,1.6183251
0.49402538,-32.5,115.5,2022-06-03,0.19455868,1.6291466
0.49402538,-32.5,115.5,2022-06-04,0.19834054,1.6198912
0.49402538,-32.5,115.5,2022-06-05,0.20844379,1.6371297
0.49402538,-32.5,115.5,2022-06-06,0.2166284,1.6617161
0.49402538,-32.5,115.5,2022-06-07,0.21914546,1.6637697
0.49402538,-32.5,115.5,2022-06-08,0.21965122,1.6252737
0.49402538,-32.5,115.5,2022-06-09,0.22417727,1.5578961
0.49402538,-32.5,115.5,2022-06-10,0.2327483,1.4935273
0.49402538,-32.5,115.5,2022-06-11,0.24970846,1.5305523
0.49402538,-32.5,115.5,2022-06-12,0.25659993,1.5555212
0.49402538,-32.5,115.5,2022-06-13,0.26339847,1.5839427
0.49402538,-32.5,115.5,2022-06-14,0.26487872,1.6124378
0.49402538,-32.5,115.5,2022-06-15,0.2582975,1.568031
0.49402538,-32.5,115.5,2022-06-16,0.26101917,1.5464897
0.49402538,-32.5,115.5,2022-06-17,0.266511,1.5456529
0.49402538,-32.5,115.5,2022-06-18,0.27134973,1.548387
0.49402538,-32.5,115.5,2022-06-19,0.27851945,1.5724866
0.49402538,-32.5,115.5,2022-06-20,0.28589302,1.605654
0.49402538,-32.5,115.5,2022-06-21,0.28674236,1.6125431
0.49402538,-32.5,115.5,2022-06-22,0.2861623,1.6356903
0.49402538,-32.5,115.5,2022-06-23,0.28086472,1.5475923
0.49402538,-32.5,115.5,2022-06-24,0.29973745,1.5761954
0.49402538,-32.5,115.5,2022-06-25,0.3057469,1.6520202
0.49402538,-32.5,115.5,2022-06-26,0.315329,1.6879789
0.49402538,-32.5,115.5,2022-06-27,0.3242119,1.6980852
0.49402538,-32.5,115.5,2022-06-28,0.33285546,1.7077291
0.49402538,-32.5,115.5,2022-06-29,0.3365967,1.7308719
0.49402538,-32.5,115.5,2022-06-30,0.33293328,1.7386289
0.49402538,-32.5,115.5,2022-07-01,0.32880092,1.7347296
0.49402538,-32.5,115.5,2022-07-02,0.32945672,1.7362028
0.49402538,-32.5,115.5,2022-07-03,0.33537117,1.7535847
0.49402538,-32.5,115.5,2022-07-04,0.33766726,1.7601982
0.49402538,-32.5,115.5,2022-07-05,0.31931666,1.6012156
0.49402538,-32.5,115.5,2022-07-06,0.3378598,1.5981115
0.49402538,-32.5,115.5,2022-07-07,0.35761598,1.6609869
0.49402538,-32.5,115.5,2022-07-08,0.3626538,1.6915739
0.49402538,-32.5,115.5,2022-07-09,0.3433662,1.610378
0.49402538,-32.5,115.5,2022-07-10,0.35430577,1.6139668
0.49402538,-32.5,115.5,2022-07-11,0.38514978,1.7946473
0.49402538,-32.5,115.5,2022-07-12,0.3962223,1.9205602
0.49402538,-32.5,115.5,2022-07-13,0.39464656,1.985773
0.49402538,-32.5,115.5,2022-07-14,0.3924885,1.9340193
0.49402538,-32.5,115.5,2022-07-15,0.39884263,1.9179642
0.49402538,-32.5,115.5,2022-07-16,0.40090877,1.936171
0.49402538,-32.5,115.5,2022-07-17,0.37322474,1.7321466
0.49402538,-32.5,115.5,2022-07-18,0.38396177,1.7316296
0.49402538,-32.5,115.5,2022-07-19,0.40832952,1.914914
0.49402538,-32.5,115.5,2022-07-20,0.40489027,1.9013273
0.49402538,-32.5,115.5,2022-07-21,0.40431553,1.8783891
0.49402538,-32.5,115.5,2022-07-22,0.4089956,1.8861176
0.49402538,-32.5,115.5,2022-07-23,0.40904313,1.8116858
0.49402538,-32.5,115.5,2022-07-24,0.43029252,1.847771
0.49402538,-32.5,115.5,2022-07-25,0.4436351,1.9027194
0.49402538,-32.5,115.5,2022-07-26,0.43882698,1.8894929
0.49402538,-32.5,115.5,2022-07-27,0.43951333,1.9568096
0.49402538,-32.5,115.5,2022-07-28,0.43358368,2.0214508
0.49402538,-32.5,115.5,2022-07-29,0.43976778,2.04581
0.49402538,-32.5,115.5,2022-07-30,0.45212713,2.099186
0.49402538,-32.5,115.5,2022-07-31,0.45408598,2.0726714
0.49402538,-32.5,115.5,2022-08-01,0.4436519,2.0059552
0.49402538,-32.5,115.5,2022-08-02,0.43102226,1.9617038
0.49402538,-32.5,115.5,2022-08-03,0.43785426,2.008011
0.49402538,-32.5,115.5,2022-08-04,0.45647246,2.1040416
0.49402538,-32.5,115.5,2022-08-05,0.46751937,2.1482205
0.49402538,-32.5,115.5,2022-08-06,0.46443462,2.1588368
0.49402538,-32.5,115.5,2022-08-07,0.453032,2.1785414
0.49402538,-32.5,115.5,2022-08-08,0.43226078,2.027939
0.49402538,-32.5,115.5,2022-08-09,0.44239187,1.9983895
0.49402538,-32.5,115.5,2022-08-10,0.4706537,2.122302
0.49402538,-32.5,115.5,2022-08-11,0.4861914,2.2769165
0.49402538,-32.5,115.5,2022-08-12,0.48735076,2.347952
0.49402538,-32.5,115.5,2022-08-13,0.46620086,2.2074335
0.49402538,-32.5,115.5,2022-08-14,0.4539765,2.1315367
0.49402538,-32.5,115.5,2022-08-15,0.4471088,2.1990728
0.49402538,-32.5,115.5,2022-08-16,0.44207335,2.1503174
0.49402538,-32.5,115.5,2022-08-17,0.44038948,2.0691226
0.49402538,-32.5,115.5,2022-08-18,0.4552207,2.077597
0.49402538,-32.5,115.5,2022-08-19,0.47900516,2.1466746
0.49402538,-32.5,115.5,2022-08-20,0.5023253,2.3105662
0.49402538,-32.5,115.5,2022-08-21,0.5164192,2.3816454
0.49402538,-32.5,115.5,2022-08-22,0.5299946,2.4970462
0.49402538,-32.5,115.5,2022-08-23,0.53717244,2.6472764
0.49402538,-32.5,115.5,2022-08-24,0.5165445,2.57556
0.49402538,-32.5,115.5,2022-08-25,0.4626327,2.38465
0.49402538,-32.5,115.5,2022-08-26,0.4422255,2.3290489
0.49402538,-32.5,115.5,2022-08-27,0.46052593,2.3656447
0.49402538,-32.5,115.5,2022-08-28,0.4849942,2.489647
0.49402538,-32.5,115.5,2022-08-29,0.5022843,2.656054
0.49402538,-32.5,115.5,2022-08-30,0.50461465,2.7512994
0.49402538,-32.5,115.5,2022-08-31,0.5128187,2.81511
0.49402538,-32.5,115.5,2022-09-01,0.52100015,2.8875134
0.49402538,-32.5,115.5,2022-09-02,0.52955896,2.8666
0.49402538,-32.5,115.5,2022-09-03,0.5343338,2.7260814
0.49402538,-32.5,115.5,2022-09-04,0.55847263,2.6722863
0.49402538,-32.5,115.5,2022-09-05,0.58492637,2.8011384
0.49402538,-32.5,115.5,2022-09-06,0.5828587,2.9040685
0.49402538,-32.5,115.5,2022-09-07,0.5742378,2.9065175
0.49402538,-32.5,115.5,2022-09-08,0.556013,2.8449914
0.49402538,-32.5,115.5,2022-09-09,0.5155889,2.7719185
0.49402538,-32.5,115.5,2022-09-10,0.48582193,2.7119493
0.49402538,-32.5,115.5,2022-09-11,0.45627996,2.728144
0.49402538,-32.5,115.5,2022-09-12,0.4458982,2.6376507
0.49402538,-32.5,115.5,2022-09-13,0.48567885,2.5494652
0.49402538,-32.5,115.5,2022-09-14,0.5079259,2.656922
0.49402538,-32.5,115.5,2022-09-15,0.5285641,2.8750255
0.49402538,-32.5,115.5,2022-09-16,0.5270511,3.0245419
0.49402538,-32.5,115.5,2022-09-17,0.5027087,3.0254467
0.49402538,-32.5,115.5,2022-09-18,0.49153706,2.981439
0.49402538,-32.5,115.5,2022-09-19,0.5287119,3.041197
0.49402538,-32.5,115.5,2022-09-20,0.5355229,3.0976224
0.49402538,-32.5,115.5,2022-09-21,0.5239953,3.1316888
0.49402538,-32.5,115.5,2022-09-22,0.51335365,3.1285985
0.49402538,-32.5,115.5,2022-09-23,0.49753004,3.0617938
0.49402538,-32.5,115.5,2022-09-24,0.49391407,3.0272887
0.49402538,-32.5,115.5,2022-09-25,0.48255605,2.9972541
0.49402538,-32.5,115.5,2022-09-26,0.46431985,2.977686
0.49402538,-32.5,115.5,2022-09-27,0.4561313,3.0152082
0.49402538,-32.5,115.5,2022-09-28,0.4437675,2.9872408
0.49402538,-32.5,115.5,2022-09-29,0.423301,2.9068434
0.49402538,-32.5,115.5,2022-09-30,0.40542385,2.808496
0.49402538,-32.5,115.5,2022-10-01,0.43223146,2.848602
0.49402538,-32.5,115.5,2022-10-02,0.46641296,2.9174483
0.49402538,-32.5,115.5,2022-10-03,0.45688838,2.8960865
0.49402538,-32.5,115.5,2022-10-04,0.41933945,2.8048198
0.49402538,-32.5,115.5,2022-10-05,0.42514196,2.7833645
0.49402538,-32.5,115.5,2022-10-06,0.43657625,2.796345
0.49402538,-32.5,115.5,2022-10-07,0.41754785,2.7759864
0.49402538,-32.5,115.5,2022-10-08,0.3735232,2.6663516
0.49402538,-32.5,115.5,2022-10-09,0.38063577,2.6348064
0.49402538,-32.5,115.5,2022-10-10,0.42000386,2.7338338
0.49402538,-32.5,115.5,2022-10-11,0.40390718,2.7193825
0.49402538,-32.5,115.5,2022-10-12,0.38461745,2.6641
0.49402538,-32.5,115.5,2022-10-13,0.35992646,2.5823445
0.49402538,-32.5,115.5,2022-10-14,0.32368186,2.4561386
0.49402538,-32.5,115.5,2022-10-15,0.30907506,2.3626578
0.49402538,-32.5,115.5,2022-10-16,0.3269178,2.3601904
0.49402538,-32.5,115.5,2022-10-17,0.3495878,2.4099674
0.49402538,-32.5,115.5,2022-10-18,0.33303332,2.3716266
0.49402538,-32.5,115.5,2022-10-19,0.29744217,2.256387
0.49402538,-32.5,115.5,2022-10-20,0.28016713,2.1683006
0.49402538,-32.5,115.5,2022-10-21,0.2764122,2.1085095
0.49402538,-32.5,115.5,2022-10-22,0.261157,2.0457146
0.49402538,-32.5,115.5,2022-10-23,0.25398296,1.9452075
0.49402538,-32.5,115.5,2022-10-24,0.32104385,2.0861197
0.49402538,-32.5,115.5,2022-10-25,0.3824879,2.3484504
0.49402538,-32.5,115.5,2022-10-26,0.363629,2.3460505
0.49402538,-32.5,115.5,2022-10-27,0.3328782,2.3000956
0.49402538,-32.5,115.5,2022-10-28,0.31351095,2.2565644
0.49402538,-32.5,115.5,2022-10-29,0.30375993,2.1746047
0.49402538,-32.5,115.5,2022-10-30,0.296442,2.1464412
0.49402538,-32.5,115.5,2022-10-31,0.27710247,2.1097343
0.49402538,-32.5,115.5,2022-11-01,0.2600055,2.0663497
0.49402538,-32.5,115.5,2022-11-02,0.24099597,2.0152178
0.49402538,-32.5,115.5,2022-11-03,0.2230447,1.9596821
0.49402538,-32.5,115.5,2022-11-04,0.2317727,1.9842229
0.49402538,-32.5,115.5,2022-11-05,0.25215524,2.0311017
0.49402538,-32.5,115.5,2022-11-06,0.25723007,2.0181253
0.49402538,-32.5,115.5,2022-11-07,0.24755654,1.9810058
0.49402538,-32.5,115.5,2022-11-08,0.22597696,1.9066484
0.49402538,-32.5,115.5,2022-11-09,0.20798306,1.8387939
0.49402538,-32.5,115.5,2022-11-10,0.2312694,1.8926245
0.49402538,-32.5,115.5,2022-11-11,0.2737079,2.0458288
0.49402538,-32.5,115.5,2022-11-12,0.25468406,2.0239944
0.49402538,-32.5,115.5,2022-11-13,0.23141694,1.9660996
0.49402538,-32.5,115.5,2022-11-14,0.21416722,1.9227208
0.49402538,-32.5,115.5,2022-11-15,0.19704917,1.867326
0.49402538,-32.5,115.5,2022-11-16,0.18523252,1.8102196
0.49402538,-32.5,115.5,2022-11-17,0.1963693,1.836356
0.49402538,-32.5,115.5,2022-11-18,0.20778893,1.8761597
0.49402538,-32.5,115.5,2022-11-19,0.20291188,1.8584026
0.49402538,-32.5,115.5,2022-11-20,0.19368368,1.8276824
0.49402538,-32.5,115.5,2022-11-21,0.1799997,1.7885619
0.49402538,-32.5,115.5,2022-11-22,0.16561224,1.7343885
0.49402538,-32.5,115.5,2022-11-23,0.15852118,1.7097142
0.49402538,-32.5,115.5,2022-11-24,0.15680124,1.6898185
0.49402538,-32.5,115.5,2022-11-25,0.15559937,1.6677611
0.49402538,-32.5,115.5,2022-11-26,0.17547059,1.6892009
0.49402538,-32.5,115.5,2022-11-27,0.1999067,1.7917284
0.49402538,-32.5,115.5,2022-11-28,0.19554384,1.7982931
0.49402538,-32.5,115.5,2022-11-29,0.1812031,1.7503508
0.49402538,-32.5,115.5,2022-11-30,0.172418,1.726754
0.49402538,-32.5,115.5,2022-12-01,0.16981182,1.6897615
0.49402538,-32.5,115.5,2022-12-02,0.16714276,1.6345131
0.49402538,-32.5,115.5,2022-12-03,0.17952606,1.673509
0.49402538,-32.5,115.5,2022-12-04,0.19262256,1.7387918
0.49402538,-32.5,115.5,2022-12-05,0.19386241,1.7540741
0.49402538,-32.5,115.5,2022-12-06,0.19056512,1.7576364
0.49402538,-32.5,115.5,2022-12-07,0.18222962,1.7304169
0.49402538,-32.5,115.5,2022-12-08,0.17317945,1.687679
0.49402538,-32.5,115.5,2022-12-09,0.16620083,1.6510146
0.49402538,-32.5,115.5,2022-12-10,0.17213902,1.6778388
0.49402538,-32.5,115.5,2022-12-11,0.17793226,1.7218461
0.49402538,-32.5,115.5,2022-12-12,0.17437285,1.7214397
0.49402538,-32.5,115.5,2022-12-13,0.17089242,1.7048634
0.49402538,-32.5,115.5,2022-12-14,0.16598824,1.6717694
0.49402538,-32.5,115.5,2022-12-15,0.1617022,1.63784
0.49402538,-32.5,115.5,2022-12-16,0.16099502,1.6321831
0.49402538,-32.5,115.5,2022-12-17,0.15919028,1.619811
0.49402538,-32.5,115.5,2022-12-18,0.15420806,1.5848916
0.49402538,-32.5,115.5,2022-12-19,0.15019009,1.5600356
0.49402538,-32.5,115.5,2022-12-20,0.14881179,1.5600694
0.49402538,-32.5,115.5,2022-12-21,0.14779113,1.5639033
0.49402538,-32.5,115.5,2022-12-22,0.14471304,1.5586097
0.49402538,-32.5,115.5,2022-12-23,0.14000857,1.5332658
0.49402538,-32.5,115.5,2022-12-24,0.14243478,1.5276805
0.49402538,-32.5,115.5,2022-12-25,0.15862082,1.6072009
0.49402538,-32.5,115.5,2022-12-26,0.17767453,1.7121203
0.49402538,-32.5,115.5,2022-12-27,0.18594402,1.7769833
0.49402538,-32.5,115.5,2022-12-28,0.178708,1.7614282
0.49402538,-32.5,115.5,2022-12-29,0.16806607,1.7120053
0.49402538,-32.5,115.5,2022-12-30,0.16066271,1.6676041
0.49402538,-32.5,115.5,2022-12-31,0.16733648,1.7022511
0.49402538,-32.5,115.5,2023-01-01,0.16921453,1.7363394
0.49402538,-32.5,115.5,2023-01-02,0.1634219,1.728726
0.49402538,-32.5,115.5,2023-01-03,0.1564964,1.6981571
0.49402538,-32.5,115.5,2023-01-04,0.14943221,1.6595254
0.49402538,-32.5,115.5,2023-01-05,0.14229238,1.6175181
0.49402538,-32.5,115.5,2023-01-06,0.14871551,1.6308713
0.49402538,-32.5,115.5,2023-01-07,0.15684968,1.687788
0.49402538,-32.5,115.5,2023-01-08,0.15066212,1.6772249
0.49402538,-32.5,115.5,2023-01-09,0.1434823,1.647202
0.49402538,-32.5,115.5,2023-01-10,0.13823079,1.6185482
0.49402538,-32.5,115.5,2023-01-11,0.13622782,1.6087097
0.49402538,-32.5,115.5,2023-01-12,0.13504572,1.6030625
0.49402538,-32.5,115.5,2023-01-13,0.13679902,1.6217213
0.49402538,-32.5,115.5,2023-01-14,0.13566628,1.6240464
0.49402538,-32.5,115.5,2023-01-15,0.13365734,1.6137205
0.49402538,-32.5,115.5,2023-01-16,0.13316235,1.6116415
0.49402538,-32.5,115.5,2023-01-17,0.13234594,1.6067966
0.49402538,-32.5,115.5,2023-01-18,0.130934,1.5959567
0.49402538,-32.5,115.5,2023-01-19,0.12921818,1.5830026
0.49402538,-32.5,115.5,2023-01-20,0.1289135,1.5920484
0.49402538,-32.5,115.5,2023-01-21,0.13104378,1.6233363
0.49402538,-32.5,115.5,2023-01-22,0.1323266,1.6383729
0.49402538,-32.5,115.5,2023-01-23,0.12993684,1.6076626
0.49402538,-32.5,115.5,2023-01-24,0.12918039,1.5635179
0.49402538,-32.5,115.5,2023-01-25,0.13181937,1.5748701
0.49402538,-32.5,115.5,2023-01-26,0.13272905,1.5763736
0.49402538,-32.5,115.5,2023-01-27,0.13616826,1.5969574
0.49402538,-32.5,115.5,2023-01-28,0.13862462,1.618613
0.49402538,-32.5,115.5,2023-01-29,0.13657273,1.6125444
0.49402538,-32.5,115.5,2023-01-30,0.13418017,1.6010983
0.49402538,-32.5,115.5,2023-01-31,0.13350405,1.5956882
0.49402538,-32.5,115.5,2023-02-01,0.13385002,1.5921447
0.49402538,-32.5,115.5,2023-02-02,0.1339871,1.5895804
0.49402538,-32.5,115.5,2023-02-03,0.13249595,1.5778785
0.49402538,-32.5,115.5,2023-02-04,0.13134663,1.5754759
0.49402538,-32.5,115.5,2023-02-05,0.13139667,1.5760434
0.49402538,-32.5,115.5,2023-02-06,0.1306274,1.5439838
0.49402538,-32.5,115.5,2023-02-07,0.13041988,1.5397658
0.49402538,-32.5,115.5,2023-02-08,0.13054313,1.5509433
0.49402538,-32.5,115.5,2023-02-09,0.13052891,1.5581431
0.49402538,-32.5,115.5,2023-02-10,0.13311449,1.5754691
0.49402538,-32.5,115.5,2023-02-11,0.13483544,1.5973171
0.49402538,-32.5,115.5,2023-02-12,0.13230908,1.5900017
0.49402538,-32.5,115.5,2023-02-13,0.129618,1.5769415
0.49402538,-32.5,115.5,2023-02-14,0.12930553,1.58163
0.49402538,-32.5,115.5,2023-02-15,0.128534,1.5759326
0.49402538,-32.5,115.5,2023-02-16,0.12756751,1.5588934
0.49402538,-32.5,115.5,2023-02-17,0.12742905,1.5540025
0.49402538,-32.5,115.5,2023-02-18,0.1277355,1.5583376
0.49402538,-32.5,115.5,2023-02-19,0.12792143,1.5637939
0.49402538,-32.5,115.5,2023-02-20,0.12730168,1.5602211
0.49402538,-32.5,115.5,2023-02-21,0.12632692,1.5503939
0.49402538,-32.5,115.5,2023-02-22,0.12768294,1.5525059
0.49402538,-32.5,115.5,2023-02-23,0.13067941,1.5743295
0.49402538,-32.5,115.5,2023-02-24,0.1307577,1.5690169
0.49402538,-32.5,115.5,2023-02-25,0.13006945,1.5544277
0.49402538,-32.5,115.5,2023-02-26,0.12957175,1.5438086
0.49402538,-32.5,115.5,2023-02-27,0.12937829,1.5330536
0.49402538,-32.5,115.5,2023-02-28,0.12935826,1.5197787
0.49402538,-32.5,115.5,2023-03-01,0.12916136,1.5139335
0.49402538,-32.5,115.5,2023-03-02,0.12752125,1.5161513
0.49402538,-32.5,115.5,2023-03-03,0.12641664,1.5098603
0.49402538,-32.5,115.5,2023-03-04,0.13200572,1.5517411
0.49402538,-32.5,115.5,2023-03-05,0.13253747,1.5671029
0.49402538,-32.5,115.5,2023-03-06,0.13069272,1.557461
0.49402538,-32.5,115.5,2023-03-07,0.12852217,1.542899
0.49402538,-32.5,115.5,2023-03-08,0.12662978,1.527028
0.49402538,-32.5,115.5,2023-03-09,0.12666202,1.5223389
0.49402538,-32.5,115.5,2023-03-10,0.12646326,1.5118709
0.49402538,-32.5,115.5,2023-03-11,0.1254909,1.4919707
0.49402538,-32.5,115.5,2023-03-12,0.12437233,1.4737698
0.49402538,-32.5,115.5,2023-03-13,0.12543711,1.4824634
0.49402538,-32.5,115.5,2023-03-14,0.1269495,1.4978459
0.49402538,-32.5,115.5,2023-03-15,0.12628084,1.4934703
0.49402538,-32.5,115.5,2023-03-16,0.12644255,1.4871945
0.49402538,-32.5,115.5,2023-03-17,0.12982532,1.5110968
0.49402538,-32.5,115.5,2023-03-18,0.13009797,1.5194048
0.49402538,-32.5,115.5,2023-03-19,0.12961671,1.5136445
0.49402538,-32.5,115.5,2023-03-20,0.1286583,1.5006475
0.49402538,-32.5,115.5,2023-03-21,0.12868027,1.4980264
0.49402538,-32.5,115.5,2023-03-22,0.12794077,1.4873232
0.49402538,-32.5,115.5,2023-03-23,0.12476188,1.4671524
0.49402538,-32.5,115.5,2023-03-24,0.12251504,1.456457
0.49402538,-32.5,115.5,2023-03-25,0.12249037,1.4535724
0.49402538,-32.5,115.5,2023-03-26,0.12548988,1.4672508
0.49402538,-32.5,115.5,2023-03-27,0.12593487,1.4791757
0.49402538,-32.5,115.5,2023-03-28,0.124608874,1.4806564
0.49402538,-32.5,115.5,2023-03-29,0.12307371,1.4702746
0.49402538,-32.5,115.5,2023-03-30,0.12200633,1.4587022
0.49402538,-32.5,115.5,2023-03-31,0.1225759,1.4526874
0.49402538,-32.5,115.5,2023-04-01,0.12317148,1.4444507
0.49402538,-32.5,115.5,2023-04-02,0.12209415,1.4278274
0.49402538,-32.5,115.5,2023-04-03,0.12169826,1.4264531
0.49402538,-32.5,115.5,2023-04-04,0.12193683,1.4409591
0.49402538,-32.5,115.5,2023-04-05,0.12161125,1.4499509
0.49402538,-32.5,115.5,2023-04-06,0.12127732,1.4493366
0.49402538,-32.5,115.5,2023-04-07,0.12136097,1.4397088
0.49402538,-32.5,115.5,2023-04-08,0.12189594,1.4265132
0.49402538,-32.5,115.5,2023-04-09,0.12156971,1.4108593
0.49402538,-32.5,115.5,2023-04-10,0.122168645,1.4076089
0.49402538,-32.5,115.5,2023-04-11,0.12236526,1.3993624
0.49402538,-32.5,115.5,2023-04-12,0.12185464,1.3880012
0.49402538,-32.5,115.5,2023-04-13,0.12089477,1.382621
0.49402538,-32.5,115.5,2023-04-14,0.11940096,1.384118
0.49402538,-32.5,115.5,2023-04-15,0.116362624,1.377324
0.49402538,-32.5,115.5,2023-04-16,0.11425784,1.371564
0.49402538,-32.5,115.5,2023-04-17,0.113906465,1.3742274
0.49402538,-32.5,115.5,2023-04-18,0.113834165,1.3753549
0.49402538,-32.5,115.5,2023-04-19,0.113043815,1.3673486
0.49402538,-32.5,115.5,2023-04-20,0.114099376,1.34812
0.49402538,-32.5,115.5,2023-04-21,0.11453677,1.3175868
0.49402538,-32.5,115.5,2023-04-22,0.11388957,1.286124
0.49402538,-32.5,115.5,2023-04-23,0.11355201,1.2620789
0.49402538,-32.5,115.5,2023-04-24,0.11433193,1.2482189
0.49402538,-32.5,115.5,2023-04-25,0.12035234,1.2679459
0.49402538,-32.5,115.5,2023-04-26,0.12592052,1.3023992
0.49402538,-32.5,115.5,2023-04-27,0.125424,1.3212718
0.49402538,-32.5,115.5,2023-04-28,0.12478261,1.3438141
0.49402538,-32.5,115.5,2023-04-29,0.12349951,1.3678327
0.49402538,-32.5,115.5,2023-04-30,0.12214007,1.3794516
0.49402538,-32.5,115.5,2023-05-01,0.12141573,1.3858632
0.49402538,-32.5,115.5,2023-05-02,0.12126306,1.3927131
0.49402538,-32.5,115.5,2023-05-03,0.123399295,1.3906567
0.49402538,-32.5,115.5,2023-05-04,0.12554528,1.372696
0.49402538,-32.5,115.5,2023-05-05,0.12729894,1.3643497
0.49402538,-32.5,115.5,2023-05-06,0.1299692,1.3438884
0.49402538,-32.5,115.5,2023-05-07,0.13821875,1.343569
0.49402538,-32.5,115.5,2023-05-08,0.14650165,1.3814852
0.49402538,-32.5,115.5,2023-05-09,0.14646067,1.3879718
0.49402538,-32.5,115.5,2023-05-10,0.14533213,1.3803426
0.49402538,-32.5,115.5,2023-05-11,0.14451791,1.3879222
0.49402538,-32.5,115.5,2023-05-12,0.14312413,1.3926071
0.49402538,-32.5,115.5,2023-05-13,0.14349328,1.3925017
0.49402538,-32.5,115.5,2023-05-14,0.14238518,1.3835593
0.49402538,-32.5,115.5,2023-05-15,0.13954523,1.370471
0.49402538,-32.5,115.5,2023-05-16,0.13705002,1.3565145
0.49402538,-32.5,115.5,2023-05-17,0.13764325,1.350638
0.49402538,-32.5,115.5,2023-05-18,0.14946292,1.396311
0.49402538,-32.5,115.5,2023-05-19,0.15873632,1.4503235
0.49402538,-32.5,115.5,2023-05-20,0.16188563,1.4715738
0.49402538,-32.5,115.5,2023-05-21,0.1640575,1.4826624
0.49402538,-32.5,115.5,2023-05-22,0.16745435,1.4884377
0.49402538,-32.5,115.5,2023-05-23,0.17303164,1.4964494
0.49402538,-32.5,115.5,2023-05-24,0.17897761,1.5146768
0.49402538,-32.5,115.5,2023-05-25,0.18176992,1.5466131
0.49402538,-32.5,115.5,2023-05-26,0.1824885,1.5772545
0.49402538,-32.5,115.5,2023-05-27,0.1825377,1.5983169
0.49402538,-32.5,115.5,2023-05-28,0.18170393,1.598162
0.49402538,-32.5,115.5,2023-05-29,0.1814758,1.5679945
0.49402538,-32.5,115.5,2023-05-30,0.18909143,1.5681729
0.49402538,-32.5,115.5,2023-05-31,0.1982083,1.574369
0.49402538,-32.5,115.5,2023-06-01,0.20890847,1.5794694
0.49402538,-32.5,115.5,2023-06-02,0.21777707,1.6195723
0.49402538,-32.5,115.5,2023-06-03,0.22598447,1.6635545
0.49402538,-32.5,115.5,2023-06-04,0.22699867,1.6490371
0.49402538,-32.5,115.5,2023-06-05,0.22548175,1.566095
0.49402538,-32.5,115.5,2023-06-06,0.23925449,1.5437897
0.49402538,-32.5,115.5,2023-06-07,0.25424594,1.5620272
0.49402538,-32.5,115.5,2023-06-08,0.2636057,1.610598
0.49402538,-32.5,115.5,2023-06-09,0.26129723,1.6571581
0.49402538,-32.5,115.5,2023-06-10,0.2582906,1.652988
0.49402538,-32.5,115.5,2023-06-11,0.26620722,1.6546594
0.49402538,-32.5,115.5,2023-06-12,0.27000377,1.6605601
0.49402538,-32.5,115.5,2023-06-13,0.27248704,1.6719302
0.49402538,-32.5,115.5,2023-06-14,0.2719191,1.6860695
0.49402538,-32.5,115.5,2023-06-15,0.2697737,1.6739675
0.49402538,-32.5,115.5,2023-06-16,0.2706918,1.6584473
0.49402538,-32.5,115.5,2023-06-17,0.27306715,1.6771423
0.49402538,-32.5,115.5,2023-06-18,0.26892242,1.6682667
0.49402538,-32.5,115.5,2023-06-19,0.2732054,1.6504865
0.49402538,-32.5,115.5,2023-06-20,0.28562722,1.6683698
0.49402538,-32.5,115.5,2023-06-21,0.2969373,1.6857743
0.49402538,-32.5,115.5,2023-06-22,0.29756904,1.6529398
0.49402538,-32.5,115.5,2023-06-23,0.29328793,1.593216
0.49402538,-32.5,115.5,2023-06-24,0.29088032,1.5573767
0.49402538,-32.5,115.5,2023-06-25,0.29649803,1.5909071
0.49402538,-32.5,115.5,2023-06-26,0.2997898,1.6408956
0.49402538,-32.5,115.5,2023-06-27,0.29839027,1.680991
0.49402538,-32.5,115.5,2023-06-28,0.30392686,1.717348
0.49402538,-32.5,115.5,2023-06-29,0.3197712,1.7690344
0.49402538,-32.5,115.5,2023-06-30,0.32748857,1.8090935
0.49402538,-32.5,115.5,2023-07-01,0.3284601,1.8400753
0.49402538,-32.5,115.5,2023-07-02,0.34117353,1.8421468
0.49402538,-32.5,115.5,2023-07-03,0.35036933,1.7707471
0.49402538,-32.5,115.5,2023-07-04,0.358616,1.7369153
0.49402538,-32.5,115.5,2023-07-05,0.3736226,1.7680589
0.49402538,-32.5,115.5,2023-07-06,0.3864174,1.7814561
0.49402538,-32.5,115.5,2023-07-07,0.39905095,1.8319138
0.49402538,-32.5,115.5,2023-07-08,0.40971178,1.9253652
0.49402538,-32.5,115.5,2023-07-09,0.41168064,1.9633439
0.49402538,-32.5,115.5,2023-07-10,0.40712258,1.9510076
0.49402538,-32.5,115.5,2023-07-11,0.40338716,1.9251823
0.49402538,-32.5,115.5,2023-07-12,0.40212575,1.8875463
0.49402538,-32.5,115.5,2023-07-13,0.41557533,1.9282501
0.49402538,-32.5,115.5,2023-07-14,0.4337844,1.996213
0.49402538,-32.5,115.5,2023-07-15,0.4512122,2.0884423
0.49402538,-32.5,115.5,2023-07-16,0.45184717,2.1219769
0.49402538,-32.5,115.5,2023-07-17,0.43634698,2.086026
0.49402538,-32.5,115.5,2023-07-18,0.4176623,1.9490268
0.49402538,-32.5,115.5,2023-07-19,0.4300387,1.9417852
0.49402538,-32.5,115.5,2023-07-20,0.454832,2.0153184
0.49402538,-32.5,115.5,2023-07-21,0.48185644,2.1129415
0.49402538,-32.5,115.5,2023-07-22,0.5080474,2.2954698
0.49402538,-32.5,115.5,2023-07-23,0.5178242,2.3932827
0.49402538,-32.5,115.5,2023-07-24,0.5122416,2.3912783
0.49402538,-32.5,115.5,2023-07-25,0.46508682,2.1138277
0.49402538,-32.5,115.5,2023-07-26,0.4451186,1.9247185
0.49402538,-32.5,115.5,2023-07-27,0.4764652,2.0508008
0.49402538,-32.5,115.5,2023-07-28,0.5085852,2.2229414
0.49402538,-32.5,115.5,2023-07-29,0.5304819,2.386862
0.49402538,-32.5,115.5,2023-07-30,0.536932,2.5420396
0.49402538,-32.5,115.5,2023-07-31,0.50638425,2.574323
0.49402538,-32.5,115.5,2023-08-01,0.45034707,2.3554857
0.49402538,-32.5,115.5,2023-08-02,0.41080362,1.9903013
0.49402538,-32.5,115.5,2023-08-03,0.43307635,1.9618067
0.49402538,-32.5,115.5,2023-08-04,0.46445796,2.1977582
0.49402538,-32.5,115.5,2023-08-05,0.47461918,2.3290746
0.49402538,-32.5,115.5,2023-08-06,0.48596665,2.4321902
0.49402538,-32.5,115.5,2023-08-07,0.4833223,2.4512944
0.49402538,-32.5,115.5,2023-08-08,0.4845287,2.361203
0.49402538,-32.5,115.5,2023-08-09,0.49768087,2.3928683
0.49402538,-32.5,115.5,2023-08-10,0.49391216,2.2216117
0.49402538,-32.5,115.5,2023-08-11,0.5283364,2.325938
0.49402538,-32.5,115.5,2023-08-12,0.57843745,2.626309
0.49402538,-32.5,115.5,2023-08-13,0.62201893,2.9508822
0.49402538,-32.5,115.5,2023-08-14,0.63939273,3.0997276
0.49402538,-32.5,115.5,2023-08-15,0.6406318,3.1225612
0.49402538,-32.5,115.5,2023-08-16,0.6535651,3.1817052
0.49402538,-32.5,115.5,2023-08-17,0.67156756,3.340972
0.49402538,-32.5,115.5,2023-08-18,0.6728522,3.5176053
0.49402538,-32.5,115.5,2023-08-19,0.6403561,3.5884478
0.49402538,-32.5,115.5,2023-08-20,0.62867796,3.490622
0.49402538,-32.5,115.5,2023-08-21,0.64974505,3.5565262
0.49402538,-32.5,115.5,2023-08-22,0.6529213,3.6571507
0.49402538,-32.5,115.5,2023-08-23,0.64295715,3.7772024
0.49402538,-32.5,115.5,2023-08-24,0.6412252,3.9375255
0.49402538,-32.5,115.5,2023-08-25,0.6257286,3.995517
0.49402538,-32.5,115.5,2023-08-26,0.5999944,3.9616551
0.49402538,-32.5,115.5,2023-08-27,0.5900592,3.780682
0.49402538,-32.5,115.5,2023-08-28,0.6037866,3.6032102
0.49402538,-32.5,115.5,2023-08-29,0.6427054,3.5094185
0.49402538,-32.5,115.5,2023-08-30,0.670957,3.603828
0.49402538,-32.5,115.5,2023-08-31,0.63525665,3.642629
0.49402538,-32.5,115.5,2023-09-01,0.59698504,3.4143744
0.49402538,-32.5,115.5,2023-09-02,0.6781862,3.3792338
0.49402538,-32.5,115.5,2023-09-03,0.7465029,3.5645099
0.49402538,-32.5,115.5,2023-09-04,0.7531548,3.7173872
0.49402538,-32.5,115.5,2023-09-05,0.72428066,3.748006
0.49402538,-32.5,115.5,2023-09-06,0.69197255,3.7619948
0.49402538,-32.5,115.5,2023-09-07,0.63524187,3.7127721
0.49402538,-32.5,115.5,2023-09-08,0.574569,3.61738
0.49402538,-32.5,115.5,2023-09-09,0.514476,3.4656727
0.49402538,-32.5,115.5,2023-09-10,0.460631,3.1652586
0.49402538,-32.5,115.5,2023-09-11,0.41636014,2.873505
0.49402538,-32.5,115.5,2023-09-12,0.39878651,2.6689827
0.49402538,-32.5,115.5,2023-09-13,0.45320064,2.5287552
0.49402538,-32.5,115.5,2023-09-14,0.44990674,2.3815067
0.49402538,-32.5,115.5,2023-09-15,0.43317175,2.3729103
0.49402538,-32.5,115.5,2023-09-16,0.40269575,2.3626418
0.49402538,-32.5,115.5,2023-09-17,0.39616007,2.3827105
0.49402538,-32.5,115.5,2023-09-18,0.41533992,2.4506822
0.49402538,-32.5,115.5,2023-09-19,0.42589688,2.482867
0.49402538,-32.5,115.5,2023-09-20,0.42459434,2.5163524
0.49402538,-32.5,115.5,2023-09-21,0.4003143,2.517835
0.49402538,-32.5,115.5,2023-09-22,0.40139812,2.5229807
0.49402538,-32.5,115.5,2023-09-23,0.40881875,2.528094
0.49402538,-32.5,115.5,2023-09-24,0.39688572,2.525027
0.49402538,-32.5,115.5,2023-09-25,0.3794498,2.5065584
0.49402538,-32.5,115.5,2023-09-26,0.3593202,2.4668748
0.49402538,-32.5,115.5,2023-09-27,0.32979456,2.3848362
0.49402538,-32.5,115.5,2023-09-28,0.31246632,2.312427
0.49402538,-32.5,115.5,2023-09-29,0.3226757,2.296141
0.49402538,-32.5,115.5,2023-09-30,0.33805633,2.3013997
0.49402538,-32.5,115.5,2023-10-01,0.39117575,2.3962433
0.49402538,-32.5,115.5,2023-10-02,0.40111274,2.4190574
0.49402538,-32.5,115.5,2023-10-03,0.38246372,2.3557909
0.49402538,-32.5,115.5,2023-10-04,0.35669562,2.290192
0.49402538,-32.5,115.5,2023-10-05,0.3288628,2.243726
0.49402538,-32.5,115.5,2023-10-06,0.30230194,2.192461
0.49402538,-32.5,115.5,2023-10-07,0.28391665,2.2055516
0.49402538,-32.5,115.5,2023-10-08,0.28102487,2.306584
0.49402538,-32.5,115.5,2023-10-09,0.2754551,2.2272065
0.49402538,-32.5,115.5,2023-10-10,0.31612265,2.1709166
0.49402538,-32.5,115.5,2023-10-11,0.35902822,2.2835495
0.49402538,-32.5,115.5,2023-10-12,0.332622,2.25925
0.49402538,-32.5,115.5,2023-10-13,0.29491025,2.1673055
0.49402538,-32.5,115.5,2023-10-14,0.26792043,2.0796692
0.49402538,-32.5,115.5,2023-10-15,0.24584353,1.9997144
0.49402538,-32.5,115.5,2023-10-16,0.23076385,1.9698018
0.49402538,-32.5,115.5,2023-10-17,0.22716525,1.9803853
0.49402538,-32.5,115.5,2023-10-18,0.22715911,1.966195
0.49402538,-32.5,115.5,2023-10-19,0.23739111,1.9388463
0.49402538,-32.5,115.5,2023-10-20,0.23729433,1.9208506
0.49402538,-32.5,115.5,2023-10-21,0.22825235,1.8820394
0.49402538,-32.5,115.5,2023-10-22,0.2529538,1.8682951
0.49402538,-32.5,115.5,2023-10-23,0.3312623,2.1309152
0.49402538,-32.5,115.5,2023-10-24,0.3195671,2.1676295
0.49402538,-32.5,115.5,2023-10-25,0.28413016,2.0855963
0.49402538,-32.5,115.5,2023-10-26,0.27447736,2.0585663
0.49402538,-32.5,115.5,2023-10-27,0.28934124,2.1173236
0.49402538,-32.5,115.5,2023-10-28,0.25820616,2.0569158
0.49402538,-32.5,115.5,2023-10-29,0.23215453,1.9666224
0.49402538,-32.5,115.5,2023-10-30,0.21658273,1.9141964
0.49402538,-32.5,115.5,2023-10-31,0.19820839,1.8586369
0.49402538,-32.5,115.5,2023-11-01,0.18608776,1.8104545
0.49402538,-32.5,115.5,2023-11-02,0.18004286,1.778845
0.49402538,-32.5,115.5,2023-11-03,0.17579849,1.7518117
0.49402538,-32.5,115.5,2023-11-04,0.17752688,1.7847605
0.49402538,-32.5,115.5,2023-11-05,0.18858089,1.8901533
0.49402538,-32.5,115.5,2023-11-06,0.19538875,1.883431
0.49402538,-32.5,115.5,2023-11-07,0.1958559,1.8119234
0.49402538,-32.5,115.5,2023-11-08,0.18262897,1.7395283
0.49402538,-32.5,115.5,2023-11-09,0.19321784,1.7586222
0.49402538,-32.5,115.5,2023-11-10,0.20524363,1.8155036
0.49402538,-32.5,115.5,2023-11-11,0.18921782,1.7791754
0.49402538,-32.5,115.5,2023-11-12,0.17986019,1.7356861
0.49402538,-32.5,115.5,2023-11-13,0.17429486,1.6966864
0.49402538,-32.5,115.5,2023-11-14,0.1673223,1.663783
0.49402538,-32.5,115.5,2023-11-15,0.16535947,1.6451634
0.49402538,-32.5,115.5,2023-11-16,0.15017518,1.5614834
0.49402538,-32.5,115.5,2023-11-17,0.13568091,1.4818053
0.49402538,-32.5,115.5,2023-11-18,0.12389586,1.4139711
0.49402538,-32.5,115.5,2023-11-19,0.11478974,1.3575895
0.49402538,-32.5,115.5,2023-11-20,0.10701036,1.309321
0.49402538,-32.5,115.5,2023-11-21,0.100671254,1.2740549
0.49402538,-32.5,115.5,2023-11-22,0.098278694,1.255204
0.49402538,-32.5,115.5,2023-11-23,0.10032872,1.2545881
0.49402538,-32.5,115.5,2023-11-24,0.10365595,1.2817736
0.49402538,-32.5,115.5,2023-11-25,0.10363529,1.2910033
0.49402538,-32.5,115.5,2023-11-26,0.10244148,1.2947513
0.49402538,-32.5,115.5,2023-11-27,0.10073467,1.302089
0.49402538,-32.5,115.5,2023-11-28,0.09824251,1.2887607
0.49402538,-32.5,115.5,2023-11-29,0.0960743,1.2695348
0.49402538,-32.5,115.5,2023-11-30,0.09422725,1.2457867
0.49402538,-32.5,115.5,2023-12-01,0.09181127,1.2279564
0.49402538,-32.5,115.5,2023-12-02,0.08886312,1.2054768
0.49402538,-32.5,115.5,2023-12-03,0.08639291,1.188628
0.49402538,-32.5,115.5,2023-12-04,0.084718145,1.1769246
0.49402538,-32.5,115.5,2023-12-05,0.08314007,1.149969
0.49402538,-32.5,115.5,2023-12-06,0.08090531,1.1389511
0.49402538,-32.5,115.5,2023-12-07,0.07857069,1.1310551
0.49402538,-32.5,115.5,2023-12-08,0.07688585,1.1280813
0.49402538,-32.5,115.5,2023-12-09,0.075900115,1.1287273
0.49402538,-32.5,115.5,2023-12-10,0.0752504,1.1302665
0.49402538,-32.5,115.5,2023-12-11,0.07504186,1.1380097
0.49402538,-32.5,115.5,2023-12-12,0.07569251,1.1528296
0.49402538,-32.5,115.5,2023-12-13,0.07638461,1.1619077
0.49402538,-32.5,115.5,2023-12-14,0.076603755,1.1706754
0.49402538,-32.5,115.5,2023-12-15,0.07649914,1.1751968
0.49402538,-32.5,115.5,2023-12-16,0.07608697,1.1747932
0.49402538,-32.5,115.5,2023-12-17,0.075387575,1.172334
0.49402538,-32.5,115.5,2023-12-18,0.075116314,1.1679995
0.49402538,-32.5,115.5,2023-12-19,0.07537516,1.1654418
0.49402538,-32.5,115.5,2023-12-20,0.075911544,1.165732
0.49402538,-32.5,115.5,2023-12-21,0.07869928,1.1807276
0.49402538,-32.5,115.5,2023-12-22,0.08878651,1.2364666
0.49402538,-32.5,115.5,2023-12-23,0.09606899,1.2700189
0.49402538,-32.5,115.5,2023-12-24,0.09335664,1.269539
0.49402538,-32.5,115.5,2023-12-25,0.08828129,1.2539824
0.49402538,-32.5,115.5,2023-12-26,0.085123114,1.2362956
0.49402538,-32.5,115.5,2023-12-27,0.083672546,1.2310169
0.49402538,-32.5,115.5,2023-12-28,0.08365455,1.228713
0.49402538,-32.5,115.5,2023-12-29,0.084007144,1.221664
0.49402538,-32.5,115.5,2023-12-30,0.08495799,1.2212914
0.49402538,-32.5,115.5,2023-12-31,0.08732596,1.2327272
0.49402538,-32.5,115.5,2024-01-01,0.089161955,1.2416451
0.49402538,-32.5,115.5,2024-01-02,0.08878293,1.2373079
0.49402538,-32.5,115.5,2024-01-03,0.08898355,1.2323605
0.49402538,-32.5,115.5,2024-01-04,0.09005243,1.2331613
0.49402538,-32.5,115.5,2024-01-05,0.0912616,1.2337279
0.49402538,-32.5,115.5,2024-01-06,0.09248087,1.239604
0.49402538,-32.5,115.5,2024-01-07,0.093692034,1.2519848
0.49402538,-32.5,115.5,2024-01-08,0.09398572,1.2519372
0.49402538,-32.5,115.5,2024-01-09,0.09286412,1.2372086
0.49402538,-32.5,115.5,2024-01-10,0.091899276,1.2170446
0.49402538,-32.5,115.5,2024-01-11,0.09142318,1.2086442
0.49402538,-32.5,115.5,2024-01-12,0.09193706,1.2177607
0.49402538,-32.5,115.5,2024-01-13,0.09405417,1.2514743
0.49402538,-32.5,115.5,2024-01-14,0.0987991,1.3231075
0.49402538,-32.5,115.5,2024-01-15,0.10517474,1.4099668
0.49402538,-32.5,115.5,2024-01-16,0.11043425,1.4762322
0.49402538,-32.5,115.5,2024-01-17,0.11261143,1.5073128
0.49402538,-32.5,115.5,2024-01-18,0.10972775,1.473238
0.49402538,-32.5,115.5,2024-01-19,0.10414098,1.3971953
0.49402538,-32.5,115.5,2024-01-20,0.0994831,1.3299333
0.49402538,-32.5,115.5,2024-01-21,0.09635017,1.2828344
0.49402538,-32.5,115.5,2024-01-22,0.09476874,1.2615997
0.49402538,-32.5,115.5,2024-01-23,0.09375369,1.2517555
0.49402538,-32.5,115.5,2024-01-24,0.09275674,1.237023
0.49402538,-32.5,115.5,2024-01-25,0.09335114,1.2386607
0.49402538,-32.5,115.5,2024-01-26,0.09454943,1.2455664
0.49402538,-32.5,115.5,2024-01-27,0.095727466,1.2532285
0.49402538,-32.5,115.5,2024-01-28,0.09743101,1.2622125
0.49402538,-32.5,115.5,2024-01-29,0.09929247,1.2724878
0.49402538,-32.5,115.5,2024-01-30,0.09876641,1.2731847
0.49402538,-32.5,115.5,2024-01-31,0.09839623,1.2775584
0.49402538,-32.5,115.5,2024-02-01,0.09927226,1.2966068
0.49402538,-32.5,115.5,2024-02-02,0.09882033,1.2866968
0.49402538,-32.5,115.5,2024-02-03,0.099365816,1.2548122
0.49402538,-32.5,115.5,2024-02-04,0.09949574,1.2249713
0.49402538,-32.5,115.5,2024-02-05,0.09815539,1.2019074
0.49402538,-32.5,115.5,2024-02-06,0.09735129,1.1898009
0.49402538,-32.5,115.5,2024-02-07,0.09740143,1.1830695
0.49402538,-32.5,115.5,2024-02-08,0.09833545,1.1845863
0.49402538,-32.5,115.5,2024-02-09,0.10115474,1.2110729
0.49402538,-32.5,115.5,2024-02-10,0.105226524,1.2408024
0.49402538,-32.5,115.5,2024-02-11,0.10670324,1.2436992
0.49402538,-32.5,115.5,2024-02-12,0.10582449,1.2299113
0.49402538,-32.5,115.5,2024-02-13,0.104367994,1.2209688
0.49402538,-32.5,115.5,2024-02-14,0.102972694,1.2136664
0.49402538,-32.5,115.5,2024-02-15,0.1029619,1.215697
0.49402538,-32.5,115.5,2024-02-16,0.10527185,1.2428906
0.49402538,-32.5,115.5,2024-02-17,0.10788037,1.2676362
0.49402538,-32.5,115.5,2024-02-18,0.10860777,1.2724155
0.49402538,-32.5,115.5,2024-02-19,0.11103992,1.2928966
0.49402538,-32.5,115.5,2024-02-20,0.113803655,1.3186731
0.49402538,-32.5,115.5,2024-02-21,0.10622139,1.2407843
0.49402538,-32.5,115.5,2024-02-22,0.10477407,1.2286704
0.49402538,-32.5,115.5,2024-02-23,0.10381413,1.2226645
0.49402538,-32.5,115.5,2024-02-24,0.102747396,1.2085848
0.49402538,-32.5,115.5,2024-02-25,0.1028958,1.2036188
0.49402538,-32.5,115.5,2024-02-26,0.10291763,1.2021853
0.49402538,-32.5,115.5,2024-02-27,0.102675274,1.1997805
0.49402538,-32.5,115.5,2024-02-28,0.1027721,1.1923248
0.49402538,-32.5,115.5,2024-02-29,0.10282956,1.1810645
0.49402538,-32.5,115.5,2024-03-01,0.10297615,1.1719942
0.49402538,-32.5,115.5,2024-03-02,0.10382331,1.1743156
0.49402538,-32.5,115.5,2024-03-03,0.10621914,1.193821
0.49402538,-32.5,115.5,2024-03-04,0.10783815,1.1995175
0.49402538,-32.5,115.5,2024-03-05,0.10706478,1.2032877
0.49402538,-32.5,115.5,2024-03-06,0.10606203,1.2070627
0.49402538,-32.5,115.5,2024-03-07,0.1055057,1.2147608
0.49402538,-32.5,115.5,2024-03-08,0.10361366,1.1977499
0.49402538,-32.5,115.5,2024-03-09,0.10102084,1.1958889
0.49402538,-32.5,115.5,2024-03-10,0.09919969,1.1941105
0.49402538,-32.5,115.5,2024-03-11,0.098217964,1.1887158
0.49402538,-32.5,115.5,2024-03-12,0.09750561,1.1804167
0.49402538,-32.5,115.5,2024-03-13,0.09741559,1.1754307
0.49402538,-32.5,115.5,2024-03-14,0.09851408,1.1809006
0.49402538,-32.5,115.5,2024-03-15,0.10010012,1.2014632
0.49402538,-32.5,115.5,2024-03-16,0.101043515,1.2078708
0.49402538,-32.5,115.5,2024-03-17,0.10050311,1.1940134
0.49402538,-32.5,115.5,2024-03-18,0.09843949,1.1889541
0.49402538,-32.5,115.5,2024-03-19,0.097719714,1.1842864
0.49402538,-32.5,115.5,2024-03-20,0.09807609,1.1783822
0.49402538,-32.5,115.5,2024-03-21,0.099287465,1.1789577
0.49402538,-32.5,115.5,2024-03-22,0.10209929,1.1809341
0.49402538,-32.5,115.5,2024-03-23,0.10494101,1.1759163
0.49402538,-32.5,115.5,2024-03-24,0.10677998,1.1682754
0.49402538,-32.5,115.5,2024-03-25,0.107672885,1.1606944
0.49402538,-32.5,115.5,2024-03-26,0.10746268,1.1591758
0.49402538,-32.5,115.5,2024-03-27,0.10666468,1.1647345
0.49402538,-32.5,115.5,2024-03-28,0.10540635,1.1674268
0.49402538,-32.5,115.5,2024-03-29,0.10453358,1.1607392
0.49402538,-32.5,115.5,2024-03-30,0.10323634,1.1552138
0.49402538,-32.5,115.5,2024-03-31,0.10205635,1.1651689
0.49402538,-32.5,115.5,2024-04-01,0.10159972,1.175399
0.49402538,-32.5,115.5,2024-04-02,0.10155357,1.1761655
0.49402538,-32.5,115.5,2024-04-03,0.101683386,1.1760592
0.49402538,-32.5,115.5,2024-04-04,0.102592096,1.1784974
0.49402538,-32.5,115.5,2024-04-05,0.10386356,1.1689585
0.49402538,-32.5,115.5,2024-04-06,0.10504165,1.1466964
0.49402538,-32.5,115.5,2024-04-07,0.10457259,1.1237034
0.49402538,-32.5,115.5,2024-04-08,0.10461998,1.1228117
0.49402538,-32.5,115.5,2024-04-09,0.105138645,1.1291372
0.49402538,-32.5,115.5,2024-04-10,0.10545566,1.1317703
0.49402538,-32.5,115.5,2024-04-11,0.105023526,1.1264738
0.49402538,-32.5,115.5,2024-04-12,0.10496413,1.1229779
0.49402538,-32.5,115.5,2024-04-13,0.10453759,1.1222004
0.49402538,-32.5,115.5,2024-04-14,0.10413325,1.1286074
0.49402538,-32.5,115.5,2024-04-15,0.104198955,1.1360779
0.49402538,-32.5,115.5,2024-04-16,0.10436646,1.1414335
0.49402538,-32.5,115.5,2024-04-17,0.104933195,1.1514997
0.49402538,-32.5,115.5,2024-04-18,0.10687892,1.1678959
0.49402538,-32.5,115.5,2024-04-19,0.10859856,1.1699384
0.49402538,-32.5,115.5,2024-04-20,0.1104426,1.1671004
0.49402538,-32.5,115.5,2024-04-21,0.11136347,1.1673595
0.49402538,-32.5,115.5,2024-04-22,0.11149693,1.1654755
0.49402538,-32.5,115.5,2024-04-23,0.11338199,1.1675019
0.49402538,-32.5,115.5,2024-04-24,0.115078785,1.1731156
0.49402538,-32.5,115.5,2024-04-25,0.11531503,1.1791428
0.49402538,-32.5,115.5,2024-04-26,0.11615361,1.1864855
0.49402538,-32.5,115.5,2024-04-27,0.116907224,1.1944044
0.49402538,-32.5,115.5,2024-04-28,0.11665696,1.192024
0.49402538,-32.5,115.5,2024-04-29,0.116437964,1.1958069
0.49402538,-32.5,115.5,2024-04-30,0.116121836,1.2005658
0.49402538,-32.5,115.5,2024-05-01,0.11746992,1.1929892
0.49402538,-32.5,115.5,2024-05-02,0.12365162,1.1940975
0.49402538,-32.5,115.5,2024-05-03,0.12441448,1.2044381
0.49402538,-32.5,115.5,2024-05-04,0.118707836,1.2049783
0.49402538,-32.5,115.5,2024-05-05,0.113274045,1.2007018
0.49402538,-32.5,115.5,2024-05-06,0.10921241,1.2018
0.49402538,-32.5,115.5,2024-05-07,0.10621051,1.2093593
0.49402538,-32.5,115.5,2024-05-08,0.10465479,1.2145481
0.49402538,-32.5,115.5,2024-05-09,0.10541179,1.1800934
0.49402538,-32.5,115.5,2024-05-10,0.1097204,1.1471919
0.49402538,-32.5,115.5,2024-05-11,0.11181148,1.149659
0.49402538,-32.5,115.5,2024-05-12,0.11098086,1.153226
0.49402538,-32.5,115.5,2024-05-13,0.11082089,1.1595061
0.49402538,-32.5,115.5,2024-05-14,0.11105816,1.1664824
0.49402538,-32.5,115.5,2024-05-15,0.110610716,1.1658605
0.49402538,-32.5,115.5,2024-05-16,0.11121373,1.1728007
0.49402538,-32.5,115.5,2024-05-17,0.112452954,1.1865948
0.49402538,-32.5,115.5,2024-05-18,0.11458058,1.1922448
0.49402538,-32.5,115.5,2024-05-19,0.117046975,1.1879045
0.49402538,-32.5,115.5,2024-05-20,0.11944409,1.177654
0.49402538,-32.5,115.5,2024-05-21,0.12451422,1.1918339
0.49402538,-32.5,115.5,2024-05-22,0.13091175,1.2351105
0.49402538,-32.5,115.5,2024-05-23,0.13151023,1.2659649
0.49402538,-32.5,115.5,2024-05-24,0.13147612,1.285416
0.49402538,-32.5,115.5,2024-05-25,0.13577417,1.3262336
0.49402538,-32.5,115.5,2024-05-26,0.13869493,1.3476651
0.49402538,-32.5,115.5,2024-05-27,0.1431262,1.3741674
0.49402538,-32.5,115.5,2024-05-28,0.14601198,1.3927193
0.49402538,-32.5,115.5,2024-05-29,0.1477486,1.4142404
0.49402538,-32.5,115.5,2024-05-30,0.14665106,1.4292264
0.49402538,-32.5,115.5,2024-05-31,0.15074429,1.4522505
0.49402538,-32.5,115.5,2024-06-01,0.1565535,1.4684174
0.49402538,-32.5,115.5,2024-06-02,0.15918072,1.4915819
0.49402538,-32.5,115.5,2024-06-03,0.16144933,1.5337721
0.49402538,-32.5,115.5,2024-06-04,0.16730663,1.5807501
0.49402538,-32.5,115.5,2024-06-05,0.17396912,1.5836152
0.49402538,-32.5,115.5,2024-06-06,0.17801575,1.5627048
0.49402538,-32.5,115.5,2024-06-07,0.18188335,1.559372
0.49402538,-32.5,115.5,2024-06-08,0.18311934,1.5249642
0.49402538,-32.5,115.5,2024-06-09,0.18861261,1.4948802
0.49402538,-32.5,115.5,2024-06-10,0.19497794,1.5028265
0.49402538,-32.5,115.5,2024-06-11,0.20145196,1.5036113
0.49402538,-32.5,115.5,2024-06-12,0.21173835,1.5401156
0.49402538,-32.5,115.5,2024-06-13,0.22213602,1.6096283
0.49402538,-32.5,115.5,2024-06-14,0.22657104,1.6483295
0.49402538,-32.5,115.5,2024-06-15,0.22940724,1.6733445
0.49402538,-32.5,115.5,2024-06-16,0.23408787,1.6845706
0.49402538,-32.5,115.5,2024-06-17,0.23753196,1.6857693
0.49402538,-32.5,115.5,2024-06-18,0.2303592,1.6173657
0.49402538,-32.5,115.5,2024-06-19,0.2260331,1.582784
0.49402538,-32.5,115.5,2024-06-20,0.22351055,1.5700834
0.49402538,-32.5,115.5,2024-06-21,0.22623782,1.569746
0.49402538,-32.5,115.5,2024-06-22,0.23017447,1.564133
0.49402538,-32.5,115.5,2024-06-23,0.22986816,1.5215464
0.49402538,-32.5,115.5,2024-06-24,0.23571433,1.4994934
0.49402538,-32.5,115.5,2024-06-25,0.24928841,1.5311103
0.49402538,-32.5,115.5,2024-06-26,0.2555397,1.5411549
0.49402538,-32.5,115.5,2024-06-27,0.2605491,1.527278
0.49402538,-32.5,115.5,2024-06-28,0.27311894,1.548714
0.49402538,-32.5,115.5,2024-06-29,0.27779287,1.5631267
0.49402538,-32.5,115.5,2024-06-30,0.27594677,1.5601823
0.49402538,-32.5,115.5,2024-07-01,0.27773216,1.5717585
0.49402538,-32.5,115.5,2024-07-02,0.28189784,1.5694306
0.49402538,-32.5,115.5,2024-07-03,0.2910106,1.5791533
0.49402538,-32.5,115.5,2024-07-04,0.302753,1.5952393
0.49402538,-32.5,115.5,2024-07-05,0.31160334,1.6120136
0.49402538,-32.5,115.5,2024-07-06,0.30717078,1.5591608
0.49402538,-32.5,115.5,2024-07-07,0.31561208,1.5740005
0.49402538,-32.5,115.5,2024-07-08,0.32277432,1.6209326
0.49402538,-32.5,115.5,2024-07-09,0.32404712,1.6070099
0.49402538,-32.5,115.5,2024-07-10,0.33753368,1.6434243
0.49402538,-32.5,115.5,2024-07-11,0.3462047,1.6782317
0.49402538,-32.5,115.5,2024-07-12,0.3543336,1.6714368
0.49402538,-32.5,115.5,2024-07-13,0.37410212,1.765326
0.49402538,-32.5,115.5,2024-07-14,0.38746682,1.8078098
0.49402538,-32.5,115.5,2024-07-15,0.39858663,1.8780525
0.49402538,-32.5,115.5,2024-07-16,0.39029622,1.9261494
0.49402538,-32.5,115.5,2024-07-17,0.36771393,1.7856032
0.49402538,-32.5,115.5,2024-07-18,0.37014306,1.7430527
0.49402538,-32.5,115.5,2024-07-19,0.3856684,1.7697026
0.49402538,-32.5,115.5,2024-07-20,0.3957081,1.7984451
0.49402538,-32.5,115.5,2024-07-21,0.39729887,1.8293043
0.49402538,-32.5,115.5,2024-07-22,0.38630515,1.8196644
0.49402538,-32.5,115.5,2024-07-23,0.38982534,1.8176839
0.49402538,-32.5,115.5,2024-07-24,0.40561754,1.8334546
0.49402538,-32.5,115.5,2024-07-25,0.41555363,1.8713439
0.49402538,-32.5,115.5,2024-07-26,0.42536268,1.9437762
0.49402538,-32.5,115.5,2024-07-27,0.42267233,1.9856784
0.49402538,-32.5,115.5,2024-07-28,0.40822652,1.9157871
0.49402538,-32.5,115.5,2024-07-29,0.39643228,1.8638871
0.49402538,-32.5,115.5,2024-07-30,0.3887503,1.8725959
0.49402538,-32.5,115.5,2024-07-31,0.3845853,1.8567505
0.49402538,-32.5,115.5,2024-08-01,0.39285693,1.9043311
0.49402538,-32.5,115.5,2024-08-02,0.3996713,1.9330571
0.49402538,-32.5,115.5,2024-08-03,0.40811586,1.9991653
0.49402538,-32.5,115.5,2024-08-04,0.40808722,2.0691168
0.49402538,-32.5,115.5,2024-08-05,0.3979158,2.0347707
0.49402538,-32.5,115.5,2024-08-06,0.38042164,1.9666632
0.49402538,-32.5,115.5,2024-08-07,0.3745398,1.9267248
0.49402538,-32.5,115.5,2024-08-08,0.3789612,1.910653
0.49402538,-32.5,115.5,2024-08-09,0.38384116,1.9426899
0.49402538,-32.5,115.5,2024-08-10,0.38435143,2.0092251
0.49402538,-32.5,115.5,2024-08-11,0.38789248,2.0247614
0.49402538,-32.5,115.5,2024-08-12,0.38868883,2.0308168
0.49402538,-32.5,115.5,2024-08-13,0.38690004,2.01589
0.49402538,-32.5,115.5,2024-08-14,0.3880045,1.9455314
0.49402538,-32.5,115.5,2024-08-15,0.39507055,1.9174377
0.49402538,-32.5,115.5,2024-08-16,0.39780203,1.9133904
0.49402538,-32.5,115.5,2024-08-17,0.37397602,1.6933721
0.49402538,-32.5,115.5,2024-08-18,0.40441728,1.7352208
0.49402538,-32.5,115.5,2024-08-19,0.41524172,1.8751382
0.49402538,-32.5,115.5,2024-08-20,0.40434802,1.9232979
0.49402538,-32.5,115.5,2024-08-21,0.40772727,2.0307317
0.49402538,-32.5,115.5,2024-08-22,0.41760424,2.0647006
0.49402538,-32.5,115.5,2024-08-23,0.41687146,2.063933
0.49402538,-32.5,115.5,2024-08-24,0.40919465,2.0656705
0.49402538,-32.5,115.5,2024-08-25,0.40600112,2.0468931
0.49402538,-32.5,115.5,2024-08-26,0.40024585,1.9726146
0.49402538,-32.5,115.5,2024-08-27,0.39742664,1.9696436
0.49402538,-32.5,115.5,2024-08-28,0.3835794,1.9978846
0.49402538,-32.5,115.5,2024-08-29,0.36906284,2.017881
0.49402538,-32.5,115.5,2024-08-30,0.3583323,2.0044906
0.49402538,-32.5,115.5,2024-08-31,0.3455345,1.9171314
0.49402538,-32.5,115.5,2024-09-01,0.33970672,1.874783
0.49402538,-32.5,115.5,2024-09-02,0.32929757,1.908676
0.49402538,-32.5,115.5,2024-09-03,0.3260246,1.9090157
0.49402538,-32.5,115.5,2024-09-04,0.3282485,1.915644
0.49402538,-32.5,115.5,2024-09-05,0.31578723,1.899154
0.49402538,-32.5,115.5,2024-09-06,0.28963146,1.8345889
0.49402538,-32.5,115.5,2024-09-07,0.2812196,1.8263909
0.49402538,-32.5,115.5,2024-09-08,0.2793448,1.8651917
0.49402538,-32.5,115.5,2024-09-09,0.25844052,1.8096364
0.49402538,-32.5,115.5,2024-09-10,0.2249257,1.7141529
0.49402538,-32.5,115.5,2024-09-11,0.20604166,1.6816002
0.49402538,-32.5,115.5,2024-09-12,0.20027676,1.7028043
0.49402538,-32.5,115.5,2024-09-13,0.2064232,1.7579504
0.49402538,-32.5,115.5,2024-09-14,0.21963125,1.8361466
0.49402538,-32.5,115.5,2024-09-15,0.22753733,1.8963389
0.49402538,-32.5,115.5,2024-09-16,0.22908112,1.9360895
0.49402538,-32.5,115.5,2024-09-17,0.22707865,1.9311771
0.49402538,-32.5,115.5,2024-09-18,0.21768613,1.8465271
0.49402538,-32.5,115.5,2024-09-19,0.18923886,1.7382177
0.49402538,-32.5,115.5,2024-09-20,0.15649493,1.5989816
0.49402538,-32.5,115.5,2024-09-21,0.13143992,1.475046
0.49402538,-32.5,115.5,2024-09-22,0.117174044,1.4016584
0.49402538,-32.5,115.5,2024-09-23,0.10888822,1.3663349
0.49402538,-32.5,115.5,2024-09-24,0.10704976,1.3716898
0.49402538,-32.5,115.5,2024-09-25,0.11319443,1.4336519
0.49402538,-32.5,115.5,2024-09-26,0.12283765,1.5167093
0.49402538,-32.5,115.5,2024-09-27,0.1271729,1.5470226
0.49402538,-32.5,115.5,2024-09-28,0.12322141,1.532945
0.49402538,-32.5,115.5,2024-09-29,0.12105841,1.5329071
0.49402538,-32.5,115.5,2024-09-30,0.120100595,1.5411934
0.49402538,-32.5,115.5,2024-10-01,0.11767171,1.5237032
0.49402538,-32.5,115.5,2024-10-02,0.120478824,1.5255461
0.49402538,-32.5,115.5,2024-10-03,0.12426983,1.4888045
0.49402538,-32.5,115.5,2024-10-04,0.124871574,1.4454151
0.49402538,-32.5,115.5,2024-10-05,0.13097109,1.4861703
0.49402538,-32.5,115.5,2024-10-06,0.14832506,1.6323465
0.49402538,-32.5,115.5,2024-10-07,0.15855026,1.7340928
0.49402538,-32.5,115.5,2024-10-08,0.1480653,1.6358224
0.49402538,-32.5,115.5,2024-10-09,0.14184928,1.5800816
0.49402538,-32.5,115.5,2024-10-10,0.13388623,1.5389459
0.49402538,-32.5,115.5,2024-10-11,0.13554916,1.568729
