depth,time,fe,no3,po4,si
0.49402538,2021-11-01,0.0022235038,0.007665109,0.12913716,2.704775
0.49402538,2021-11-02,0.0022261962,0.0089765405,0.12958278,2.7015152
0.49402538,2021-11-03,0.0021624276,0.010967509,0.13014261,2.6878643
0.49402538,2021-11-04,0.002156912,0.0076834727,0.13000971,2.677516
0.49402538,2021-11-05,0.0022326324,0.007392769,0.12978673,2.6890843
0.49402538,2021-11-06,0.0023285476,0.006901805,0.12924318,2.7106464
0.49402538,2021-11-07,0.0023708816,0.0064663007,0.12851298,2.726036
0.49402538,2021-11-08,0.0024054905,0.006570263,0.12755702,2.7310116
0.49402538,2021-11-09,0.0024741106,0.007130613,0.12677984,2.7349346
0.49402538,2021-11-10,0.002588929,0.007980869,0.12611578,2.7461383
0.49402538,2021-11-11,0.0026821548,0.008047274,0.12573986,2.7527506
0.49402538,2021-11-12,0.0027268603,0.008148395,0.12558107,2.7529118
0.49402538,2021-11-13,0.0027475199,0.0071695223,0.12555432,2.7522137
0.49402538,2021-11-14,0.0027973233,0.007766655,0.12604006,2.7535365
0.49402538,2021-11-15,0.0027093904,0.010523158,0.12758465,2.7346637
0.49402538,2021-11-16,0.002508106,0.012282513,0.12883301,2.7033927
0.49402538,2021-11-17,0.0023892303,0.0098095415,0.12897675,2.6810446
0.49402538,2021-11-18,0.0023818638,0.0055292533,0.1286662,2.6702576
0.49402538,2021-11-19,0.0024763078,0.004790879,0.12837933,2.681221
0.49402538,2021-11-20,0.00255746,0.0063943774,0.12795003,2.6975386
0.49402538,2021-11-21,0.0024958218,0.0058064666,0.12778695,2.6967423
0.49402538,2021-11-22,0.0025090647,0.003946655,0.1275704,2.6988876
0.49402538,2021-11-23,0.0025873522,0.004431387,0.12705837,2.7088912
0.49402538,2021-11-24,0.0026382916,0.0058244634,0.12649393,2.7153924
0.49402538,2021-11-25,0.0026884072,0.006566564,0.1259797,2.719084
0.49402538,2021-11-26,0.0027670271,0.0071093645,0.12560707,2.7247076
0.49402538,2021-11-27,0.0028764121,0.009552221,0.12561984,2.7339814
0.49402538,2021-11-28,0.0028872937,0.008161436,0.12581556,2.7291033
0.49402538,2021-11-29,0.002811698,0.0044435244,0.12585483,2.7163734
0.49402538,2021-11-30,0.0026936345,0.0032294383,0.12575221,2.7121468
0.49402538,2021-12-01,0.0026098192,0.003096284,0.1252644,2.706282
0.49402538,2021-12-02,0.0025560032,0.0030585919,0.124914326,2.6915348
0.49402538,2021-12-03,0.0024824988,0.0032436654,0.12514685,2.6700306
0.49402538,2021-12-04,0.0024311354,0.0037901497,0.12539798,2.650839
0.49402538,2021-12-05,0.002421786,0.0037790593,0.1253211,2.638533
0.49402538,2021-12-06,0.002392376,0.0035367708,0.12527148,2.627395
0.49402538,2021-12-07,0.002388119,0.004639384,0.12531306,2.6176193
0.49402538,2021-12-08,0.0024801674,0.0070819943,0.124843895,2.6211634
0.49402538,2021-12-09,0.0023965447,0.0057906234,0.12445771,2.6296947
0.49402538,2021-12-10,0.0023017216,0.0044291615,0.124224514,2.6411002
0.49402538,2021-12-11,0.002382706,0.0039642,0.1239345,2.650771
0.49402538,2021-12-12,0.0024834988,0.0029280381,0.123839505,2.6529858
0.49402538,2021-12-13,0.0025578027,0.0028772296,0.12376533,2.6492312
0.49402538,2021-12-14,0.0025937895,0.0029567827,0.12352317,2.640133
0.49402538,2021-12-15,0.002558862,0.0028468866,0.12330121,2.627093
0.49402538,2021-12-16,0.0025476236,0.0030743706,0.123128034,2.6182888
0.49402538,2021-12-17,0.0025390957,0.0029681202,0.123435885,2.616596
0.49402538,2021-12-18,0.0024501833,0.0029130534,0.12494308,2.6114151
0.49402538,2021-12-19,0.0024384118,0.003634192,0.12600175,2.6060398
0.49402538,2021-12-20,0.0025451789,0.0033890472,0.12567243,2.6019928
0.49402538,2021-12-21,0.0026466046,0.003309286,0.12507312,2.596225
0.49402538,2021-12-22,0.0027020797,0.0036684582,0.124973424,2.5878842
0.49402538,2021-12-23,0.0027213322,0.0037785955,0.124993004,2.5793402
0.49402538,2021-12-24,0.0027561418,0.0038214654,0.124659,2.5737445
0.49402538,2021-12-25,0.0028395422,0.004537061,0.12423059,2.5707486
0.49402538,2021-12-26,0.003014706,0.0060736253,0.12349687,2.5768995
0.49402538,2021-12-27,0.003168855,0.006986622,0.12257557,2.5952704
0.49402538,2021-12-28,0.003150989,0.007154733,0.12219738,2.6137016
0.49402538,2021-12-29,0.0030189722,0.006010189,0.12233395,2.6199768
0.49402538,2021-12-30,0.0029474813,0.004280348,0.12244002,2.6146536
0.49402538,2021-12-31,0.0028710235,0.0030328424,0.12289953,2.598849
0.49402538,2022-01-01,0.0027210356,0.0026859222,0.12379578,2.5825818
0.49402538,2022-01-02,0.0026555995,0.0031812566,0.1243889,2.5703895
0.49402538,2022-01-03,0.0026885413,0.0038454551,0.12447389,2.5638237
0.49402538,2022-01-04,0.0027058057,0.003968451,0.1244495,2.5612595
0.49402538,2022-01-05,0.0027451424,0.0048435014,0.12432302,2.561015
0.49402538,2022-01-06,0.0028722158,0.00509622,0.12386208,2.5592911
0.49402538,2022-01-07,0.0029537713,0.0043584476,0.12357523,2.553362
0.49402538,2022-01-08,0.0027575518,0.0030364562,0.12438082,2.5474842
0.49402538,2022-01-09,0.002561788,0.0026504276,0.1253147,2.5441914
0.49402538,2022-01-10,0.0025523512,0.003251551,0.12565736,2.539927
0.49402538,2022-01-11,0.0026273392,0.004307917,0.1256618,2.53711
0.49402538,2022-01-12,0.0026929288,0.004838268,0.12551118,2.5359948
0.49402538,2022-01-13,0.0027601104,0.0040319883,0.12523715,2.5333102
0.49402538,2022-01-14,0.0028368675,0.0036489137,0.12500878,2.5289137
0.49402538,2022-01-15,0.0027557574,0.0032791502,0.12528183,2.5255451
0.49402538,2022-01-16,0.002585729,0.0029335602,0.12588236,2.5234632
0.49402538,2022-01-17,0.0025840336,0.003850986,0.1261511,2.5198917
0.49402538,2022-01-18,0.0026587425,0.0063222125,0.1261778,2.5205324
0.49402538,2022-01-19,0.0027292895,0.0072731967,0.12596469,2.526368
0.49402538,2022-01-20,0.0028608302,0.0073104873,0.12542719,2.5371227
0.49402538,2022-01-21,0.0028305307,0.006820906,0.12476038,2.5541995
0.49402538,2022-01-22,0.0027458456,0.005992062,0.12402605,2.5675974
0.49402538,2022-01-23,0.0027389464,0.0043409388,0.123505056,2.5708976
0.49402538,2022-01-24,0.0027094434,0.0029951825,0.12385408,2.5615199
0.49402538,2022-01-25,0.0026272808,0.0030609563,0.124615215,2.5492623
0.49402538,2022-01-26,0.002534495,0.0030645032,0.12522916,2.5436032
0.49402538,2022-01-27,0.0025144161,0.0029157244,0.1257764,2.538142
0.49402538,2022-01-28,0.0025437986,0.0031630367,0.12631376,2.5307066
0.49402538,2022-01-29,0.0026270899,0.004154663,0.12649377,2.5259533
0.49402538,2022-01-30,0.0026744653,0.0036298998,0.12652236,2.5243957
0.49402538,2022-01-31,0.0026269972,0.0027740153,0.12711054,2.5224476
0.49402538,2022-02-01,0.002545243,0.0027229118,0.12812378,2.5183616
0.49402538,2022-02-02,0.0024766095,0.0028905172,0.12882565,2.5155432
0.49402538,2022-02-03,0.0024969412,0.0046317005,0.12895542,2.518615
0.49402538,2022-02-04,0.002507739,0.0067060976,0.12888019,2.5259848
0.49402538,2022-02-05,0.002516166,0.005877337,0.1285681,2.5287328
0.49402538,2022-02-06,0.0024435434,0.0028400763,0.12872696,2.5247917
0.49402538,2022-02-07,0.0024686025,0.0023681838,0.1289257,2.5227726
0.49402538,2022-02-08,0.0025803128,0.0030212908,0.12888856,2.5189695
0.49402538,2022-02-09,0.0026927402,0.0025899445,0.12875469,2.5118887
0.49402538,2022-02-10,0.0028176971,0.003246192,0.12861818,2.5076425
0.49402538,2022-02-11,0.002831658,0.004052916,0.12891078,2.5089395
0.49402538,2022-02-12,0.002669738,0.0026672157,0.12991856,2.509089
0.49402538,2022-02-13,0.002574685,0.0029434322,0.13026561,2.5146153
0.49402538,2022-02-14,0.002530624,0.004252899,0.12966195,2.5306065
0.49402538,2022-02-15,0.0025984035,0.0044659493,0.12877814,2.547849
0.49402538,2022-02-16,0.0026805773,0.0035411415,0.1281215,2.557914
0.49402538,2022-02-17,0.002752052,0.0031670656,0.12758565,2.5650241
0.49402538,2022-02-18,0.002784785,0.0035786128,0.12693232,2.5748527
0.49402538,2022-02-19,0.0027734023,0.0034192845,0.12619726,2.5849457
0.49402538,2022-02-20,0.0027457045,0.0025114713,0.12574023,2.5890477
0.49402538,2022-02-21,0.00273313,0.002554538,0.12540942,2.59014
0.49402538,2022-02-22,0.0027058192,0.0021616088,0.1252632,2.5878131
0.49402538,2022-02-23,0.0027001807,0.0019989295,0.12544052,2.5811293
0.49402538,2022-02-24,0.002748205,0.0023137303,0.12536843,2.572426
0.49402538,2022-02-25,0.0028122293,0.0026450045,0.12504196,2.5677836
0.49402538,2022-02-26,0.0028296777,0.0020248864,0.1247133,2.56623
0.49402538,2022-02-27,0.0028476177,0.002211091,0.1245844,2.562548
0.49402538,2022-02-28,0.002864496,0.0027970613,0.12443719,2.5588284
0.49402538,2022-03-01,0.0028134221,0.0021990526,0.12421139,2.5590775
0.49402538,2022-03-02,0.0027543455,0.0020075126,0.12413341,2.55868
0.49402538,2022-03-03,0.0027448982,0.0021061765,0.1243518,2.5536993
0.49402538,2022-03-04,0.002717198,0.0022729933,0.12474028,2.5478835
0.49402538,2022-03-05,0.002723446,0.0026715405,0.1250255,2.5416453
0.49402538,2022-03-06,0.0027686113,0.003052103,0.12499648,2.539008
0.49402538,2022-03-07,0.0027605945,0.002920837,0.12464088,2.5443215
0.49402538,2022-03-08,0.0027484426,0.0030173117,0.12426949,2.5503013
0.49402538,2022-03-09,0.0027606934,0.0035400812,0.12394459,2.5551052
0.49402538,2022-03-10,0.0027495755,0.0040887087,0.12355175,2.5618255
0.49402538,2022-03-11,0.0026687167,0.005489537,0.123025574,2.5735006
0.49402538,2022-03-12,0.002517883,0.0044351076,0.122332424,2.5859413
0.49402538,2022-03-13,0.002442092,0.0052727866,0.12170962,2.597722
0.49402538,2022-03-14,0.0024617112,0.0049553136,0.12107704,2.6033764
0.49402538,2022-03-15,0.0025082834,0.0034283518,0.12064326,2.602566
0.49402538,2022-03-16,0.0025766175,0.0033125877,0.120422184,2.6008444
0.49402538,2022-03-17,0.0027013673,0.0035033182,0.120340176,2.5967274
0.49402538,2022-03-18,0.0028616504,0.0034346022,0.12039038,2.5897436
0.49402538,2022-03-19,0.0029185887,0.0027378,0.12086966,2.5810454
0.49402538,2022-03-20,0.0028693052,0.002632988,0.12132355,2.5759177
0.49402538,2022-03-21,0.002870814,0.0025137311,0.12160552,2.568891
0.49402538,2022-03-22,0.0028643056,0.0024172806,0.121782176,2.5628374
0.49402538,2022-03-23,0.0028352595,0.0024119467,0.12185068,2.5597143
0.49402538,2022-03-24,0.0028299391,0.0026830428,0.12167835,2.5603614
0.49402538,2022-03-25,0.002785438,0.0042199944,0.12106492,2.5702524
0.49402538,2022-03-26,0.0027182407,0.00443684,0.11999515,2.587807
0.49402538,2022-03-27,0.0027543388,0.0026960454,0.11965146,2.5949306
0.49402538,2022-03-28,0.0028430915,0.0030649444,0.11971793,2.596419
0.49402538,2022-03-29,0.0029324398,0.003619732,0.119517095,2.5983486
0.49402538,2022-03-30,0.0029366172,0.0032506317,0.11890164,2.6081474
0.49402538,2022-03-31,0.0028209426,0.0032463346,0.11775949,2.6262708
0.49402538,2022-04-01,0.0025756808,0.0033018254,0.116161905,2.6491854
0.49402538,2022-04-02,0.0023903057,0.004199997,0.11455468,2.669609
0.49402538,2022-04-03,0.0023986325,0.003419988,0.11364927,2.6768124
0.49402538,2022-04-04,0.0025516981,0.0023683498,0.114136815,2.6700943
0.49402538,2022-04-05,0.0026532803,0.0026245667,0.11451242,2.665942
0.49402538,2022-04-06,0.002639972,0.0028899133,0.11441957,2.6671326
0.49402538,2022-04-07,0.0025646088,0.003361067,0.11385522,2.6746738
0.49402538,2022-04-08,0.0024931552,0.0026270838,0.113145985,2.682972
0.49402538,2022-04-09,0.002476587,0.00258865,0.11263987,2.6893303
0.49402538,2022-04-10,0.0024140573,0.0027429175,0.11211965,2.695873
0.49402538,2022-04-11,0.0023542938,0.003050912,0.111710586,2.7034276
0.49402538,2022-04-12,0.0023461052,0.0025036593,0.11159635,2.7070339
0.49402538,2022-04-13,0.002385027,0.002567835,0.11170846,2.7065494
0.49402538,2022-04-14,0.002391836,0.0027984474,0.111717485,2.7067032
0.49402538,2022-04-15,0.0023430819,0.0029925525,0.11154506,2.7112796
0.49402538,2022-04-16,0.0023506775,0.0025251296,0.11141034,2.7130337
0.49402538,2022-04-17,0.0023941316,0.0025262218,0.111420535,2.7133095
0.49402538,2022-04-18,0.002421154,0.002956681,0.111492574,2.71393
0.49402538,2022-04-19,0.0024443713,0.0032184774,0.11157774,2.7151482
0.49402538,2022-04-20,0.0024943054,0.003115289,0.11160644,2.7156417
0.49402538,2022-04-21,0.0025491875,0.0031775523,0.11153636,2.7178943
0.49402538,2022-04-22,0.0025231463,0.003171879,0.11124947,2.7253723
0.49402538,2022-04-23,0.0024385564,0.003173493,0.11089974,2.7356927
0.49402538,2022-04-24,0.0024346642,0.0036937147,0.11075452,2.743931
0.49402538,2022-04-25,0.0024963496,0.004056923,0.11086351,2.7474291
0.49402538,2022-04-26,0.0025156683,0.0049047177,0.11096225,2.7515447
0.49402538,2022-04-27,0.0025313352,0.006359577,0.11121467,2.754946
0.49402538,2022-04-28,0.002545255,0.008496691,0.11164033,2.7562351
0.49402538,2022-04-29,0.0025349061,0.008317777,0.11169798,2.7575865
0.49402538,2022-04-30,0.002534313,0.006937046,0.11154673,2.7580855
0.49402538,2022-05-01,0.0025084175,0.00628717,0.11139525,2.7590172
0.49402538,2022-05-02,0.0024656544,0.0060083377,0.11133436,2.7608926
0.49402538,2022-05-03,0.0024703096,0.005114958,0.111364506,2.7595718
0.49402538,2022-05-04,0.0024743527,0.0054565035,0.11143846,2.7574399
0.49402538,2022-05-05,0.002428926,0.005497473,0.11149418,2.7564633
0.49402538,2022-05-06,0.0023935584,0.0055122986,0.111581266,2.7584293
0.49402538,2022-05-07,0.002310428,0.0060675703,0.11179126,2.7620866
0.49402538,2022-05-08,0.0023076602,0.007373847,0.11195019,2.7657359
0.49402538,2022-05-09,0.0024529991,0.008123403,0.11192075,2.7688866
0.49402538,2022-05-10,0.0023889672,0.007966717,0.11197612,2.7726758
0.49402538,2022-05-11,0.0020559796,0.008314134,0.11209283,2.776164
0.49402538,2022-05-12,0.0021790834,0.0073610116,0.11196055,2.7714489
0.49402538,2022-05-13,0.0025321927,0.007966675,0.11176517,2.7673676
0.49402538,2022-05-14,0.0026983852,0.008270952,0.111692965,2.7668765
0.49402538,2022-05-15,0.0025836534,0.009062854,0.111730315,2.7724254
0.49402538,2022-05-16,0.0021838907,0.007314389,0.111799896,2.7761421
0.49402538,2022-05-17,0.0017435093,0.006738743,0.11194002,2.7760422
0.49402538,2022-05-18,0.0017549187,0.008167959,0.111651234,2.7790086
0.49402538,2022-05-19,0.0019291625,0.0120237665,0.11161429,2.7878482
0.49402538,2022-05-20,0.0019548147,0.01562825,0.11149657,2.799784
0.49402538,2022-05-21,0.0019088121,0.013287296,0.110460736,2.806309
0.49402538,2022-05-22,0.0021204937,0.009731178,0.109379,2.8035088
0.49402538,2022-05-23,0.0024095748,0.012564336,0.108883984,2.8047245
0.49402538,2022-05-24,0.002553572,0.016997159,0.1087024,2.8103154
0.49402538,2022-05-25,0.0026066657,0.020020342,0.10900444,2.819381
0.49402538,2022-05-26,0.0025290002,0.019964173,0.10957705,2.8231137
0.49402538,2022-05-27,0.0023854368,0.019919502,0.11075159,2.8267949
0.49402538,2022-05-28,0.0023279695,0.020735838,0.1113951,2.8310852
0.49402538,2022-05-29,0.0024240746,0.026238477,0.11205712,2.8395073
0.49402538,2022-05-30,0.0025451041,0.03145815,0.11257544,2.8537128
0.49402538,2022-05-31,0.0025686927,0.034275617,0.11313183,2.8652458
0.49402538,2022-06-01,0.0025491382,0.034597892,0.11327094,2.8811176
0.49402538,2022-06-02,0.0025472345,0.028399259,0.11278576,2.8846092
0.49402538,2022-06-03,0.0025212166,0.027347347,0.11276662,2.8892233
0.49402538,2022-06-04,0.0024888583,0.03002016,0.113182604,2.8967144
0.49402538,2022-06-05,0.0024813502,0.032565113,0.11365893,2.9068487
0.49402538,2022-06-06,0.0024907603,0.030105844,0.113840215,2.9107387
0.49402538,2022-06-07,0.0024507213,0.027590998,0.11384245,2.905866
0.49402538,2022-06-08,0.0024552802,0.030361695,0.11392108,2.8997068
0.49402538,2022-06-09,0.0024336576,0.034362286,0.11306641,2.8855307
0.49402538,2022-06-10,0.0023407547,0.031265214,0.11134837,2.86742
0.49402538,2022-06-11,0.0023121487,0.030001545,0.11024946,2.8720753
0.49402538,2022-06-12,0.0023311179,0.024791332,0.10936359,2.8740218
0.49402538,2022-06-13,0.0022940524,0.026910746,0.109186895,2.8852756
0.49402538,2022-06-14,0.0021467712,0.031836662,0.109645225,2.9011357
0.49402538,2022-06-15,0.0020195462,0.034531273,0.110091746,2.9112148
0.49402538,2022-06-16,0.002001257,0.032947417,0.1094083,2.9172223
0.49402538,2022-06-17,0.002050084,0.026552742,0.10904751,2.9093835
0.49402538,2022-06-18,0.0020890401,0.028150419,0.10962402,2.905584
0.49402538,2022-06-19,0.0021036293,0.035205964,0.11036477,2.914505
0.49402538,2022-06-20,0.0020553647,0.048747722,0.11162436,2.9458053
0.49402538,2022-06-21,0.0019137627,0.049899522,0.112561285,2.9563713
0.49402538,2022-06-22,0.001770577,0.046515286,0.11366904,2.950452
0.49402538,2022-06-23,0.0016912762,0.048526376,0.11451331,2.9582436
0.49402538,2022-06-24,0.001746508,0.045441832,0.113285124,2.9707487
0.49402538,2022-06-25,0.0018328637,0.04374452,0.112564385,2.9848993
0.49402538,2022-06-26,0.0019142408,0.041152358,0.111767076,2.995353
0.49402538,2022-06-27,0.0019677859,0.039823025,0.111044385,3.003604
0.49402538,2022-06-28,0.0019524493,0.038890947,0.110847436,3.0095665
0.49402538,2022-06-29,0.0019011997,0.04110783,0.11139908,3.0211725
0.49402538,2022-06-30,0.0017514722,0.04226492,0.11214247,3.023136
0.49402538,2022-07-01,0.0016201528,0.045417044,0.112433724,3.0298233
0.49402538,2022-07-02,0.0016091395,0.048160747,0.11169978,3.046052
0.49402538,2022-07-03,0.0015979469,0.047133714,0.11099491,3.051632
0.49402538,2022-07-04,0.0015664161,0.04334247,0.110291444,3.0374043
0.49402538,2022-07-05,0.0015287199,0.048302263,0.111688316,3.0252771
0.49402538,2022-07-06,0.0014924343,0.052577674,0.11276027,3.02263
0.49402538,2022-07-07,0.0014461003,0.055286977,0.1133006,3.0329173
0.49402538,2022-07-08,0.0014220796,0.04984228,0.11374744,3.023811
0.49402538,2022-07-09,0.001446959,0.042306434,0.113952875,3.001189
0.49402538,2022-07-10,0.0014826631,0.049392615,0.11444118,3.0103676
0.49402538,2022-07-11,0.0014923406,0.06293818,0.1156617,3.0448978
0.49402538,2022-07-12,0.001479952,0.071084134,0.11664152,3.0812771
0.49402538,2022-07-13,0.001489878,0.06755935,0.11636705,3.0980272
0.49402538,2022-07-14,0.0015708115,0.055263463,0.114955075,3.086799
0.49402538,2022-07-15,0.0016494353,0.061989173,0.11411049,3.0942767
0.49402538,2022-07-16,0.0016409085,0.076709844,0.11470642,3.1186838
0.49402538,2022-07-17,0.0016581205,0.07271669,0.11503494,3.106703
0.49402538,2022-07-18,0.0017275695,0.078538604,0.11571244,3.106963
0.49402538,2022-07-19,0.0017652366,0.07641176,0.11583514,3.1034355
0.49402538,2022-07-20,0.0017036438,0.061867516,0.11610345,3.06507
0.49402538,2022-07-21,0.0016271024,0.057138253,0.1174475,3.0437546
0.49402538,2022-07-22,0.0016249294,0.060669973,0.11880203,3.051775
0.49402538,2022-07-23,0.0016651327,0.060228854,0.11944666,3.057027
0.49402538,2022-07-24,0.0016852329,0.07683911,0.1206545,3.0884206
0.49402538,2022-07-25,0.0016650694,0.077136174,0.12102642,3.0926921
0.49402538,2022-07-26,0.001594827,0.07627683,0.12117372,3.0804641
0.49402538,2022-07-27,0.0015032381,0.07382948,0.121222876,3.0683706
0.49402538,2022-07-28,0.0014071626,0.05905771,0.12171566,3.0397384
0.49402538,2022-07-29,0.0013617841,0.050797433,0.12264806,3.0164516
0.49402538,2022-07-30,0.0013915462,0.057857454,0.12401434,3.030077
0.49402538,2022-07-31,0.0013839557,0.06387865,0.1253071,3.0471141
0.49402538,2022-08-01,0.0012789197,0.053215384,0.1257132,3.0066643
0.49402538,2022-08-02,0.0012089242,0.060975958,0.12662877,2.9643402
0.49402538,2022-08-03,0.0012528395,0.08113887,0.12729317,2.9661388
0.49402538,2022-08-04,0.0013451803,0.09887442,0.12752107,3.010865
0.49402538,2022-08-05,0.0013447995,0.119446896,0.12917714,3.0737813
0.49402538,2022-08-06,0.0012754517,0.106064044,0.12811132,3.0769804
0.49402538,2022-08-07,0.0012506304,0.078893505,0.12610815,3.0433218
0.49402538,2022-08-08,0.0012214568,0.061826333,0.12671608,2.9970582
0.49402538,2022-08-09,0.0012030833,0.068971515,0.12950563,2.9879444
0.49402538,2022-08-10,0.0012500585,0.102089524,0.13291977,3.0513773
0.49402538,2022-08-11,0.0012938076,0.11373478,0.13416515,3.1029108
0.49402538,2022-08-12,0.0012506737,0.09559608,0.1341679,3.0926187
0.49402538,2022-08-13,0.0011804169,0.08474105,0.13490485,3.0601285
0.49402538,2022-08-14,0.0011580676,0.09927889,0.1347359,3.0562096
0.49402538,2022-08-15,0.001176366,0.08841308,0.1319537,3.0346088
0.49402538,2022-08-16,0.0012496308,0.06216355,0.12818658,2.9775496
0.49402538,2022-08-17,0.0013109666,0.06496316,0.1270175,2.9592266
0.49402538,2022-08-18,0.0013344636,0.08624968,0.12860657,2.9934137
0.49402538,2022-08-19,0.001395768,0.11957568,0.13272484,3.0785344
0.49402538,2022-08-20,0.0014333362,0.12483653,0.13443153,3.1142635
0.49402538,2022-08-21,0.0014148015,0.09450862,0.1334876,3.0726614
0.49402538,2022-08-22,0.0014051184,0.08091064,0.13426495,3.0503428
0.49402538,2022-08-23,0.0014194195,0.08808336,0.13557185,3.0669448
0.49402538,2022-08-24,0.0014495343,0.08918106,0.1361784,3.0920906
0.49402538,2022-08-25,0.001581241,0.0920011,0.13517775,3.1248047
0.49402538,2022-08-26,0.0017328059,0.07535786,0.13092513,3.1034148
0.49402538,2022-08-27,0.0017725071,0.04951365,0.12699763,3.0437152
0.49402538,2022-08-28,0.0017542322,0.05818676,0.12694098,3.04673
0.49402538,2022-08-29,0.0017542797,0.07109676,0.12773657,3.0730488
0.49402538,2022-08-30,0.0017664036,0.06865394,0.12780054,3.0816364
0.49402538,2022-08-31,0.0017991235,0.063703276,0.12811363,3.0851738
0.49402538,2022-09-01,0.0018618315,0.0680471,0.12947348,3.1131113
0.49402538,2022-09-02,0.0018961172,0.06381525,0.13051824,3.1285517
0.49402538,2022-09-03,0.0018913228,0.064541124,0.13134849,3.117075
0.49402538,2022-09-04,0.0017829485,0.07121245,0.12924527,3.074628
0.49402538,2022-09-05,0.0016276216,0.05748124,0.12465197,3.0022147
0.49402538,2022-09-06,0.0014991545,0.05239178,0.12294796,2.9673045
0.49402538,2022-09-07,0.0014137245,0.05232774,0.12267405,2.9593918
0.49402538,2022-09-08,0.0013307623,0.058294997,0.123404,2.966594
0.49402538,2022-09-09,0.0012632367,0.06631334,0.12449527,2.976092
0.49402538,2022-09-10,0.0012817491,0.06355208,0.12498625,2.9750385
0.49402538,2022-09-11,0.0013147695,0.07599938,0.12661646,3.0141633
0.49402538,2022-09-12,0.0012807312,0.039242227,0.12390727,2.935275
0.49402538,2022-09-13,0.0013477794,0.030028656,0.1231966,2.8777416
0.49402538,2022-09-14,0.0014185269,0.04151481,0.12393876,2.8685577
0.49402538,2022-09-15,0.0015099914,0.0456499,0.12484858,2.8899758
0.49402538,2022-09-16,0.0015850129,0.05242941,0.12589078,2.9336507
0.49402538,2022-09-17,0.0015949584,0.064349726,0.12747703,2.9789855
0.49402538,2022-09-18,0.0015229019,0.043766934,0.12650289,2.9450815
0.49402538,2022-09-19,0.0015271464,0.029580282,0.1263612,2.915385
0.49402538,2022-09-20,0.001526272,0.034731783,0.12729146,2.9191864
0.49402538,2022-09-21,0.0015021845,0.034430873,0.12784857,2.9189765
0.49402538,2022-09-22,0.0014628671,0.033982527,0.12857078,2.9100552
0.49402538,2022-09-23,0.0013776134,0.033435475,0.12936433,2.890026
0.49402538,2022-09-24,0.0013673743,0.026587859,0.12948011,2.863883
0.49402538,2022-09-25,0.0013752151,0.03501681,0.1305015,2.865267
0.49402538,2022-09-26,0.0014074935,0.03537172,0.13095804,2.8668032
0.49402538,2022-09-27,0.0014752084,0.034483705,0.13123393,2.8780413
0.49402538,2022-09-28,0.001536125,0.034867648,0.13155939,2.8937492
0.49402538,2022-09-29,0.0015673349,0.030674351,0.1316856,2.8945186
0.49402538,2022-09-30,0.001586991,0.026341656,0.13194953,2.8835526
0.49402538,2022-10-01,0.0015953587,0.01977213,0.13218571,2.8664742
0.49402538,2022-10-02,0.0015751632,0.019403243,0.13302054,2.8586864
0.49402538,2022-10-03,0.00156128,0.02399867,0.13362521,2.8619394
0.49402538,2022-10-04,0.0015499113,0.025379585,0.13391495,2.8596458
0.49402538,2022-10-05,0.0016029078,0.01856088,0.13363367,2.8344958
0.49402538,2022-10-06,0.0016426309,0.0201873,0.13391072,2.821499
0.49402538,2022-10-07,0.001671759,0.026644,0.13442953,2.8337004
0.49402538,2022-10-08,0.0016806199,0.029301597,0.13461939,2.8465147
0.49402538,2022-10-09,0.0016772831,0.026250802,0.134368,2.8516977
0.49402538,2022-10-10,0.0017291084,0.018490167,0.13391124,2.8618362
0.49402538,2022-10-11,0.0017931989,0.01975423,0.13360067,2.8816986
0.49402538,2022-10-12,0.0018271223,0.01865196,0.13309483,2.893946
0.49402538,2022-10-13,0.001821471,0.022185503,0.13275766,2.8971446
0.49402538,2022-10-14,0.0017940103,0.026219264,0.13269536,2.887767
0.49402538,2022-10-15,0.001782555,0.020568082,0.13217878,2.8695805
0.49402538,2022-10-16,0.0017795548,0.015352731,0.13198888,2.8551433
0.49402538,2022-10-17,0.0018003592,0.013669849,0.13225713,2.849307
0.49402538,2022-10-18,0.0018286485,0.016481994,0.1325668,2.8435338
0.49402538,2022-10-19,0.0017831931,0.0190555,0.13301663,2.8316886
0.49402538,2022-10-20,0.0016384771,0.021429619,0.13386722,2.8026679
0.49402538,2022-10-21,0.0015383192,0.020006994,0.13418317,2.7698886
0.49402538,2022-10-22,0.0015296661,0.02052103,0.13402222,2.7601268
0.49402538,2022-10-23,0.0015467833,0.016299663,0.133262,2.7452385
0.49402538,2022-10-24,0.0016768716,0.011723024,0.13244946,2.7532303
0.49402538,2022-10-25,0.0018646469,0.010987853,0.13203739,2.791813
0.49402538,2022-10-26,0.0019401014,0.011836612,0.13155729,2.818016
0.49402538,2022-10-27,0.0019342285,0.010673539,0.13070895,2.8148375
0.49402538,2022-10-28,0.0018966977,0.01427272,0.1302676,2.7883844
0.49402538,2022-10-29,0.0019089961,0.0303898,0.131532,2.7549648
0.49402538,2022-10-30,0.0020084367,0.05270237,0.13341872,2.7377987
0.49402538,2022-10-31,0.0021180278,0.05402258,0.13345933,2.735101
0.49402538,2022-11-01,0.0021987713,0.037580185,0.13191873,2.7384589
0.49402538,2022-11-02,0.0022766027,0.025567114,0.13040067,2.7454376
0.49402538,2022-11-03,0.0022824516,0.021732537,0.13018881,2.7503138
0.49402538,2022-11-04,0.0022585324,0.0134580685,0.13058572,2.7393491
0.49402538,2022-11-05,0.0022743298,0.010836814,0.13093454,2.7396526
0.49402538,2022-11-06,0.0022954324,0.010009968,0.13086642,2.741091
0.49402538,2022-11-07,0.002276118,0.012080769,0.13078356,2.7391768
0.49402538,2022-11-08,0.0022280614,0.011798207,0.13081023,2.7304382
0.49402538,2022-11-09,0.002145806,0.011124913,0.13102,2.7187202
0.49402538,2022-11-10,0.0019611027,0.0070813317,0.13111977,2.6946633
0.49402538,2022-11-11,0.0019391716,0.0056396886,0.13106425,2.6994236
0.49402538,2022-11-12,0.0020542133,0.0066181137,0.13067663,2.7179785
0.49402538,2022-11-13,0.0021011746,0.0069194254,0.12983558,2.7197282
0.49402538,2022-11-14,0.002080303,0.006565301,0.12901862,2.706643
0.49402538,2022-11-15,0.0020798745,0.006961738,0.12843071,2.6927636
0.49402538,2022-11-16,0.0020977755,0.0069196075,0.12819809,2.6875114
0.49402538,2022-11-17,0.002195195,0.004811906,0.12827061,2.698964
0.49402538,2022-11-18,0.002298146,0.0046072444,0.12877809,2.7134597
0.49402538,2022-11-19,0.0023044914,0.0052975514,0.12919854,2.714919
0.49402538,2022-11-20,0.002277701,0.0057183704,0.12939388,2.7096434
0.49402538,2022-11-21,0.0022796418,0.0060365684,0.1292349,2.705249
0.49402538,2022-11-22,0.0023119631,0.008982913,0.12916358,2.7085469
0.49402538,2022-11-23,0.002193138,0.007969322,0.1301589,2.6978273
0.49402538,2022-11-24,0.0019440284,0.008407041,0.13234162,2.6706898
0.49402538,2022-11-25,0.0017202556,0.007342896,0.13391277,2.6448612
0.49402538,2022-11-26,0.0017650941,0.0046882764,0.13363425,2.6443217
0.49402538,2022-11-27,0.0019974052,0.0045753215,0.13259368,2.6644638
0.49402538,2022-11-28,0.00211588,0.0047438247,0.13172103,2.6760693
0.49402538,2022-11-29,0.0022227068,0.0055189016,0.13111375,2.6853945
0.49402538,2022-11-30,0.002178625,0.005699899,0.13155097,2.6835582
0.49402538,2022-12-01,0.00204977,0.00562306,0.13202287,2.6713803
0.49402538,2022-12-02,0.0020425243,0.0053165243,0.13160722,2.6678782
0.49402538,2022-12-03,0.0021258872,0.004334455,0.13103773,2.670749
0.49402538,2022-12-04,0.0022041996,0.0037549275,0.13054486,2.6750755
0.49402538,2022-12-05,0.0022104636,0.0035961315,0.13019527,2.6724885
0.49402538,2022-12-06,0.0021876115,0.0032119697,0.13007773,2.6627634
0.49402538,2022-12-07,0.0021904304,0.003567744,0.13005339,2.6511402
0.49402538,2022-12-08,0.0022312691,0.0041303597,0.12987554,2.6443784
0.49402538,2022-12-09,0.002269976,0.004436102,0.12970787,2.6453655
0.49402538,2022-12-10,0.0023195257,0.0034431082,0.12946199,2.6467917
0.49402538,2022-12-11,0.002356933,0.003161409,0.1291772,2.6420183
0.49402538,2022-12-12,0.0023478882,0.0032224676,0.12897618,2.630625
0.49402538,2022-12-13,0.002311657,0.0033380634,0.12899394,2.6204655
0.49402538,2022-12-14,0.0023308538,0.003870501,0.12889281,2.6182144
0.49402538,2022-12-15,0.0024048192,0.0040272856,0.1286198,2.6212547
0.49402538,2022-12-16,0.0024446705,0.0038661698,0.12839507,2.6223605
0.49402538,2022-12-17,0.0024421082,0.003958537,0.12826763,2.6222627
0.49402538,2022-12-18,0.0024359778,0.004175508,0.12815766,2.6235964
0.49402538,2022-12-19,0.002439144,0.0041707307,0.12799686,2.6255322
0.49402538,2022-12-20,0.0024967154,0.0040393635,0.12770154,2.6298883
0.49402538,2022-12-21,0.0026341502,0.0049443124,0.12727329,2.639846
0.49402538,2022-12-22,0.002728494,0.0052535795,0.12689002,2.6478808
0.49402538,2022-12-23,0.0027989317,0.0055242493,0.12652689,2.6506023
0.49402538,2022-12-24,0.0028238439,0.004439525,0.12624376,2.6467323
0.49402538,2022-12-25,0.0028548597,0.0035743443,0.12610474,2.6421716
0.49402538,2022-12-26,0.002875849,0.0029829305,0.12607855,2.6381142
0.49402538,2022-12-27,0.002864004,0.002852384,0.12618409,2.6330054
0.49402538,2022-12-28,0.0028382903,0.0032941569,0.1262617,2.6211479
0.49402538,2022-12-29,0.0028648276,0.0044132858,0.12622625,2.611928
0.49402538,2022-12-30,0.0029099605,0.0041262186,0.12604596,2.6123686
0.49402538,2022-12-31,0.0029484315,0.0027751036,0.12588309,2.6150684
0.49402538,2023-01-01,0.002994137,0.0028647939,0.12579983,2.6095264
0.49402538,2023-01-02,0.0029881727,0.0030892484,0.12589306,2.5963614
0.49402538,2023-01-03,0.002982409,0.0037074918,0.1260259,2.583439
0.49402538,2023-01-04,0.0030434343,0.004525699,0.12596239,2.5764654
0.49402538,2023-01-05,0.0031269563,0.0052506947,0.12574387,2.5789797
0.49402538,2023-01-06,0.0030531127,0.0031809064,0.1257846,2.577424
0.49402538,2023-01-07,0.0030142583,0.0029662738,0.12595458,2.569637
0.49402538,2023-01-08,0.002963777,0.003122489,0.12614734,2.5557904
0.49402538,2023-01-09,0.0029988363,0.003781829,0.12613337,2.5460098
0.49402538,2023-01-10,0.003111098,0.004487697,0.12592651,2.5423098
0.49402538,2023-01-11,0.003238953,0.00427658,0.12560551,2.5429819
0.49402538,2023-01-12,0.0033681763,0.0043853396,0.125291,2.5446012
0.49402538,2023-01-13,0.003429753,0.0035060227,0.12514067,2.5403297
0.49402538,2023-01-14,0.0033521436,0.0034721186,0.12542021,2.5324426
0.49402538,2023-01-15,0.0030782626,0.003316941,0.12624066,2.521551
0.49402538,2023-01-16,0.002820789,0.0031607405,0.12737592,2.5107462
0.49402538,2023-01-17,0.0026870184,0.0037489505,0.12836413,2.5018942
0.49402538,2023-01-18,0.0026420578,0.0043442324,0.12895198,2.497199
0.49402538,2023-01-19,0.002818646,0.0054804576,0.12859643,2.5038242
0.49402538,2023-01-20,0.0030599292,0.0074766874,0.12816937,2.5234277
0.49402538,2023-01-21,0.0029304086,0.010625314,0.12973242,2.5412018
0.49402538,2023-01-22,0.0025566868,0.010185306,0.13161941,2.547263
0.49402538,2023-01-23,0.002425855,0.00795628,0.1320566,2.5510366
0.49402538,2023-01-24,0.0025714922,0.004715042,0.13132392,2.5465624
0.49402538,2023-01-25,0.0027574955,0.003935757,0.13051361,2.5416207
0.49402538,2023-01-26,0.002826987,0.00370516,0.12996605,2.5369995
0.49402538,2023-01-27,0.0027818128,0.0031156007,0.1300074,2.530306
0.49402538,2023-01-28,0.0026943374,0.0032200834,0.13036545,2.5259209
0.49402538,2023-01-29,0.0026302848,0.0036059672,0.13064747,2.5235884
0.49402538,2023-01-30,0.0027199239,0.004505916,0.13038176,2.524946
0.49402538,2023-01-31,0.0028099762,0.0036209503,0.12997077,2.5297322
0.49402538,2023-02-01,0.0028549202,0.0032320032,0.1297943,2.5354815
0.49402538,2023-02-02,0.002826969,0.0032570928,0.12968965,2.5404193
0.49402538,2023-02-03,0.0028061524,0.003629817,0.12959658,2.5471992
0.49402538,2023-02-04,0.002829443,0.0041015507,0.12954895,2.5613358
0.49402538,2023-02-05,0.002713801,0.0043364,0.12935705,2.5844676
0.49402538,2023-02-06,0.0026137903,0.0032935098,0.12890102,2.5965738
0.49402538,2023-02-07,0.002696702,0.0030625332,0.12850636,2.5972464
0.49402538,2023-02-08,0.0027827893,0.0032663748,0.12817253,2.5959833
0.49402538,2023-02-09,0.002833468,0.0031753543,0.12789781,2.5916445
0.49402538,2023-02-10,0.002843506,0.0024724032,0.12796119,2.584543
0.49402538,2023-02-11,0.0028451735,0.0021812497,0.12816183,2.5775154
0.49402538,2023-02-12,0.0028800592,0.0024527365,0.12817764,2.5686667
0.49402538,2023-02-13,0.002896173,0.0028230194,0.12803517,2.5642378
0.49402538,2023-02-14,0.0028835945,0.0023665782,0.12788747,2.561555
0.49402538,2023-02-15,0.0028829717,0.0027212687,0.12789421,2.559087
0.49402538,2023-02-16,0.0028520022,0.003254297,0.1278544,2.5592935
0.49402538,2023-02-17,0.0028164184,0.0025488334,0.12783192,2.5575693
0.49402538,2023-02-18,0.00283406,0.0025443628,0.12803824,2.5520258
0.49402538,2023-02-19,0.0029145128,0.0025081795,0.12834214,2.5426464
0.49402538,2023-02-20,0.0029931117,0.0033536141,0.12853096,2.5366137
0.49402538,2023-02-21,0.0028832033,0.0035492296,0.1284486,2.5425606
0.49402538,2023-02-22,0.0028082381,0.002241634,0.12854786,2.5432203
0.49402538,2023-02-23,0.002851247,0.0019649665,0.12926964,2.5322478
0.49402538,2023-02-24,0.002911228,0.0021723805,0.13005954,2.5168808
0.49402538,2023-02-25,0.0029641269,0.002592548,0.13033684,2.5100307
0.49402538,2023-02-26,0.0030034182,0.0031379818,0.13008316,2.515651
0.49402538,2023-02-27,0.0029598402,0.003227356,0.12954016,2.5339537
0.49402538,2023-02-28,0.002850554,0.0029922137,0.1289813,2.5537097
0.49402538,2023-03-01,0.0028107793,0.0044743894,0.12851049,2.5707893
0.49402538,2023-03-02,0.002783594,0.0051317997,0.12783875,2.5853386
0.49402538,2023-03-03,0.0027604133,0.0032284025,0.12736152,2.587382
0.49402538,2023-03-04,0.002840534,0.0022447112,0.12756819,2.5749109
0.49402538,2023-03-05,0.0029202334,0.002118876,0.12810077,2.556866
0.49402538,2023-03-06,0.002961956,0.0022237385,0.12864013,2.5390747
0.49402538,2023-03-07,0.0029960272,0.002384708,0.12904713,2.5274086
0.49402538,2023-03-08,0.0030496728,0.0030286014,0.12909569,2.5234215
0.49402538,2023-03-09,0.0029803598,0.0033437002,0.12873492,2.5284073
0.49402538,2023-03-10,0.0028411143,0.0031606455,0.12839626,2.5334232
0.49402538,2023-03-11,0.0027555702,0.0035258855,0.12803389,2.5388904
0.49402538,2023-03-12,0.002668367,0.0037301278,0.12759762,2.5471342
0.49402538,2023-03-13,0.002660786,0.0031500722,0.12729363,2.5489273
0.49402538,2023-03-14,0.002734578,0.0032990547,0.12720768,2.5452063
0.49402538,2023-03-15,0.0028220797,0.0039954777,0.12708646,2.54193
0.49402538,2023-03-16,0.002833946,0.0028856515,0.12685461,2.544453
0.49402538,2023-03-17,0.0028394337,0.0023038788,0.1268542,2.5453684
0.49402538,2023-03-18,0.0029037267,0.0024252348,0.12704255,2.5376537
0.49402538,2023-03-19,0.002936487,0.0025881103,0.1272055,2.530758
0.49402538,2023-03-20,0.0029104296,0.0028832706,0.12707247,2.531536
0.49402538,2023-03-21,0.002833327,0.0035964549,0.12644158,2.5441563
0.49402538,2023-03-22,0.0027342716,0.0034652415,0.12567528,2.558755
0.49402538,2023-03-23,0.0026841846,0.004264318,0.12501958,2.5713956
0.49402538,2023-03-24,0.002643672,0.0045007034,0.124302275,2.583614
0.49402538,2023-03-25,0.0026245702,0.0032093711,0.123630136,2.5914497
0.49402538,2023-03-26,0.0026190057,0.0023402378,0.1234714,2.5939875
0.49402538,2023-03-27,0.0027038932,0.0023536552,0.12363815,2.5899768
0.49402538,2023-03-28,0.0027848035,0.0024900103,0.12390784,2.5832062
0.49402538,2023-03-29,0.0028452196,0.0027475674,0.124212824,2.5755434
0.49402538,2023-03-30,0.0029074394,0.0031292543,0.12417501,2.5738435
0.49402538,2023-03-31,0.0029041513,0.003533764,0.1238595,2.583135
0.49402538,2023-04-01,0.002826893,0.003921877,0.12322683,2.5992868
0.49402538,2023-04-02,0.0027293302,0.0036381476,0.12233857,2.6140966
0.49402538,2023-04-03,0.0027191925,0.002961571,0.121622086,2.6206734
0.49402538,2023-04-04,0.0027955926,0.0025847275,0.12135021,2.619269
0.49402538,2023-04-05,0.002896766,0.0030770286,0.121275805,2.6151953
0.49402538,2023-04-06,0.0029163547,0.0031620238,0.12100639,2.616285
0.49402538,2023-04-07,0.0028779546,0.0031557975,0.12041854,2.624894
0.49402538,2023-04-08,0.0028453243,0.0027631067,0.11988122,2.6336043
0.49402538,2023-04-09,0.0027726248,0.0031450943,0.11913129,2.6448834
0.49402538,2023-04-10,0.0026007344,0.0025442506,0.11795791,2.6622145
0.49402538,2023-04-11,0.0024098644,0.0029003152,0.11669382,2.6822367
0.49402538,2023-04-12,0.0022918698,0.0030395854,0.11574998,2.6955936
0.49402538,2023-04-13,0.002343185,0.0025271105,0.11575132,2.69504
0.49402538,2023-04-14,0.0025149172,0.0028889142,0.1165001,2.6837482
0.49402538,2023-04-15,0.0026184141,0.0035429497,0.11718497,2.6719372
0.49402538,2023-04-16,0.0026117403,0.0044690953,0.11734422,2.6699276
0.49402538,2023-04-17,0.0026664622,0.0041058497,0.117274605,2.6699765
0.49402538,2023-04-18,0.0026973558,0.003020459,0.11692142,2.6739388
0.49402538,2023-04-19,0.0026588067,0.0031021435,0.11655376,2.6833599
0.49402538,2023-04-20,0.0024867128,0.00379402,0.11584422,2.704553
0.49402538,2023-04-21,0.0021973902,0.0045646457,0.1147939,2.733432
0.49402538,2023-04-22,0.0019843867,0.004986747,0.11403253,2.753712
0.49402538,2023-04-23,0.0019534677,0.004213679,0.1136672,2.7618139
0.49402538,2023-04-24,0.002157665,0.0050062225,0.11411589,2.7564907
0.49402538,2023-04-25,0.0023243853,0.0077636824,0.11477184,2.7530825
0.49402538,2023-04-26,0.002408971,0.0073813945,0.11485662,2.7536209
0.49402538,2023-04-27,0.00246562,0.0069590416,0.11491301,2.7543364
0.49402538,2023-04-28,0.0025308558,0.008298821,0.115199566,2.7526996
0.49402538,2023-04-29,0.0025365653,0.009325126,0.11553681,2.7495472
0.49402538,2023-04-30,0.00251876,0.009434761,0.115783386,2.7473145
0.49402538,2023-05-01,0.0025288088,0.008181357,0.11583909,2.7471066
0.49402538,2023-05-02,0.0025687702,0.006793426,0.115763135,2.7484767
0.49402538,2023-05-03,0.0025752143,0.006375505,0.115548514,2.7554004
0.49402538,2023-05-04,0.0025354335,0.005386099,0.115353234,2.761645
0.49402538,2023-05-05,0.0025537182,0.004923262,0.115246005,2.7634268
0.49402538,2023-05-06,0.0025082687,0.005571133,0.115370624,2.7670577
0.49402538,2023-05-07,0.0022369435,0.0063277334,0.11617131,2.7687378
0.49402538,2023-05-08,0.001942495,0.0070251976,0.116914414,2.7711322
0.49402538,2023-05-09,0.0018493725,0.0071420367,0.116864376,2.7749808
0.49402538,2023-05-10,0.0019533408,0.008321621,0.116802625,2.7755482
0.49402538,2023-05-11,0.0020437504,0.009323899,0.116588525,2.7786882
0.49402538,2023-05-12,0.0020446305,0.00787337,0.11603624,2.785346
0.49402538,2023-05-13,0.0020683918,0.006685497,0.11557987,2.7891808
0.49402538,2023-05-14,0.0021114748,0.006927608,0.11530042,2.7926903
0.49402538,2023-05-15,0.0021045292,0.0072188457,0.11504763,2.7980134
0.49402538,2023-05-16,0.0020742547,0.0070346463,0.11479378,2.802251
0.49402538,2023-05-17,0.0020605288,0.0074054585,0.114649676,2.805587
0.49402538,2023-05-18,0.0020309344,0.008022756,0.114438176,2.810105
0.49402538,2023-05-19,0.0019563744,0.008893831,0.1140682,2.817729
0.49402538,2023-05-20,0.0019051429,0.0088990955,0.11375692,2.8232
0.49402538,2023-05-21,0.0018876024,0.010407451,0.1136807,2.8299048
0.49402538,2023-05-22,0.0018839481,0.012484547,0.11358947,2.835675
0.49402538,2023-05-23,0.0019278455,0.014445866,0.113419555,2.8396053
0.49402538,2023-05-24,0.002039507,0.015421551,0.113422334,2.842844
0.49402538,2023-05-25,0.0021202227,0.016205152,0.11365112,2.8466618
0.49402538,2023-05-26,0.0021168676,0.016954,0.11401337,2.851941
0.49402538,2023-05-27,0.0020051107,0.017859552,0.114747055,2.8559082
0.49402538,2023-05-28,0.0019315556,0.018806105,0.11520025,2.8614662
0.49402538,2023-05-29,0.0019284583,0.019248378,0.11494365,2.8660338
0.49402538,2023-05-30,0.0017082872,0.023881188,0.115287125,2.871726
0.49402538,2023-05-31,0.0015350218,0.034822077,0.11643931,2.8928156
0.49402538,2023-06-01,0.0016733393,0.025048384,0.11558316,2.8795006
0.49402538,2023-06-02,0.0017584106,0.025826812,0.11586539,2.8903878
0.49402538,2023-06-03,0.0017021121,0.027013129,0.11675928,2.9001372
0.49402538,2023-06-04,0.0015814473,0.025045894,0.117931895,2.8834765
0.49402538,2023-06-05,0.0016146441,0.025409872,0.11947483,2.85028
0.49402538,2023-06-06,0.0016597229,0.027920088,0.1205942,2.8334439
0.49402538,2023-06-07,0.0016672217,0.031665564,0.121473916,2.8377132
0.49402538,2023-06-08,0.0016004188,0.036622696,0.12244391,2.8506029
0.49402538,2023-06-09,0.0014845352,0.039472725,0.12339207,2.8524811
0.49402538,2023-06-10,0.0014987253,0.034129072,0.123249836,2.8383303
0.49402538,2023-06-11,0.0016077788,0.027758712,0.12244406,2.829295
0.49402538,2023-06-12,0.0016734619,0.03098703,0.122178145,2.8412082
0.49402538,2023-06-13,0.001719623,0.031140395,0.12186722,2.844161
0.49402538,2023-06-14,0.0018042283,0.030742707,0.12152883,2.8441112
0.49402538,2023-06-15,0.0018045735,0.028454749,0.121596955,2.835275
0.49402538,2023-06-16,0.0017348835,0.02941235,0.12228677,2.829339
0.49402538,2023-06-17,0.0016584593,0.036015972,0.122891426,2.8429372
0.49402538,2023-06-18,0.0016590437,0.039022844,0.1230123,2.8606718
0.49402538,2023-06-19,0.0016779437,0.03650732,0.122682445,2.8668756
0.49402538,2023-06-20,0.0017206883,0.033023056,0.12225964,2.8679714
0.49402538,2023-06-21,0.0017784965,0.03938447,0.122826606,2.8875635
0.49402538,2023-06-22,0.0018420623,0.047309246,0.12379702,2.9157343
0.49402538,2023-06-23,0.001923766,0.056499023,0.12491829,2.9444535
0.49402538,2023-06-24,0.0019962778,0.068671264,0.126274,2.9743602
0.49402538,2023-06-25,0.0020628942,0.07911425,0.1274604,3.0060976
0.49402538,2023-06-26,0.002113418,0.08402702,0.12785235,3.0351782
0.49402538,2023-06-27,0.0021284297,0.09570453,0.12839635,3.0705402
0.49402538,2023-06-28,0.0021355564,0.103671014,0.12910528,3.111538
0.49402538,2023-06-29,0.0021130878,0.09166149,0.12874402,3.1136901
0.49402538,2023-06-30,0.0020515963,0.08045149,0.12835234,3.1041257
0.49402538,2023-07-01,0.0020021338,0.0688655,0.12800479,3.081379
0.49402538,2023-07-02,0.0018693454,0.050740797,0.12648697,3.0066264
0.49402538,2023-07-03,0.0016781609,0.042775024,0.12544651,2.9288242
0.49402538,2023-07-04,0.0016324931,0.044625472,0.124981284,2.9040492
0.49402538,2023-07-05,0.0017143196,0.054178257,0.12535328,2.9227893
0.49402538,2023-07-06,0.0017693447,0.07135575,0.12699759,2.9613507
0.49402538,2023-07-07,0.001796398,0.094085366,0.12904395,3.0095294
0.49402538,2023-07-08,0.001821246,0.13365795,0.13215071,3.0966384
0.49402538,2023-07-09,0.0017765193,0.1318885,0.13258444,3.120694
0.49402538,2023-07-10,0.0016745385,0.09806108,0.13011837,3.056264
0.49402538,2023-07-11,0.0015529566,0.0735066,0.12788121,2.9870694
0.49402538,2023-07-12,0.0014352222,0.06417724,0.12775482,2.940218
0.49402538,2023-07-13,0.0013613133,0.06789652,0.12950169,2.9269955
0.49402538,2023-07-14,0.0013939035,0.07536752,0.13102156,2.945466
0.49402538,2023-07-15,0.0014078912,0.08710722,0.13243707,2.9848583
0.49402538,2023-07-16,0.0014125402,0.08331596,0.13295658,2.9913034
0.49402538,2023-07-17,0.0014613251,0.07721763,0.132366,2.9821558
0.49402538,2023-07-18,0.0014727026,0.061942425,0.12952681,2.9460506
0.49402538,2023-07-19,0.0014539231,0.061421514,0.1276196,2.9373026
0.49402538,2023-07-20,0.0014423421,0.0801549,0.12850589,2.9727314
0.49402538,2023-07-21,0.001505821,0.10021142,0.13058989,3.0267887
0.49402538,2023-07-22,0.0015754461,0.120588064,0.13278425,3.098585
0.49402538,2023-07-23,0.0016075686,0.11543653,0.13338731,3.127401
0.49402538,2023-07-24,0.0015934958,0.08940587,0.13189626,3.0954971
0.49402538,2023-07-25,0.001443162,0.070393614,0.13028483,3.0252645
0.49402538,2023-07-26,0.001356243,0.06630604,0.12906533,2.9735057
0.49402538,2023-07-27,0.0014454048,0.076434135,0.12929992,2.9927683
0.49402538,2023-07-28,0.0015122113,0.07728735,0.1295497,3.003619
0.49402538,2023-07-29,0.0014837101,0.081187375,0.1292799,3.004566
0.49402538,2023-07-30,0.0014651945,0.11366754,0.13164146,3.065759
0.49402538,2023-07-31,0.0015041911,0.128763,0.13329794,3.122838
0.49402538,2023-08-01,0.0015064836,0.090240866,0.13002314,3.0580604
0.49402538,2023-08-02,0.0015517381,0.067286044,0.12907045,2.9829366
0.49402538,2023-08-03,0.001613576,0.08223427,0.13050239,2.9875565
0.49402538,2023-08-04,0.0016390812,0.09914244,0.13151963,3.0332267
0.49402538,2023-08-05,0.0016177761,0.102606274,0.13246566,3.0669224
0.49402538,2023-08-06,0.0015689327,0.1097083,0.13408698,3.09502
0.49402538,2023-08-07,0.001464998,0.12717232,0.13691746,3.1283376
0.49402538,2023-08-08,0.0014077723,0.08837861,0.13539438,3.0561035
0.49402538,2023-08-09,0.0014196556,0.09586066,0.13704994,3.071556
0.49402538,2023-08-10,0.0014062986,0.10274949,0.13907458,3.0839484
0.49402538,2023-08-11,0.0014095629,0.12034752,0.14103052,3.1181276
0.49402538,2023-08-12,0.0014208284,0.114252955,0.14115828,3.1279519
0.49402538,2023-08-13,0.0014353278,0.13088116,0.14348519,3.1768725
0.49402538,2023-08-14,0.0013469476,0.104296245,0.14282413,3.1165679
0.49402538,2023-08-15,0.0012619834,0.07282675,0.14084293,3.013251
0.49402538,2023-08-16,0.0012941391,0.072335266,0.1413956,2.9944003
0.49402538,2023-08-17,0.0013782037,0.103600554,0.14436704,3.0524864
0.49402538,2023-08-18,0.0014106572,0.13484058,0.14677584,3.1074133
0.49402538,2023-08-19,0.0014033224,0.13735689,0.1468993,3.117342
0.49402538,2023-08-20,0.001406689,0.12629032,0.14665084,3.1161172
0.49402538,2023-08-21,0.0014808743,0.11220945,0.14681582,3.1329925
0.49402538,2023-08-22,0.0015929961,0.13476306,0.14940232,3.2133815
0.49402538,2023-08-23,0.0016843128,0.17235833,0.15298349,3.3209267
0.49402538,2023-08-24,0.0017456148,0.16195722,0.15253168,3.3374808
0.49402538,2023-08-25,0.0016887411,0.13961476,0.15082745,3.3048677
0.49402538,2023-08-26,0.0015252897,0.1395286,0.14968191,3.2605407
0.49402538,2023-08-27,0.0014128719,0.1628233,0.15030354,3.2670143
0.49402538,2023-08-28,0.001498538,0.12368956,0.14624684,3.1957476
0.49402538,2023-08-29,0.0016642669,0.07602469,0.14125626,3.0942857
0.49402538,2023-08-30,0.0017565932,0.073811196,0.14124767,3.0989716
0.49402538,2023-08-31,0.0017289241,0.09238723,0.14322194,3.1290576
0.49402538,2023-09-01,0.0015751055,0.06521004,0.1409666,3.0200472
0.49402538,2023-09-02,0.0015007093,0.042986214,0.13948911,2.9111679
0.49402538,2023-09-03,0.0015284052,0.041228574,0.14009225,2.8791027
0.49402538,2023-09-04,0.0015571713,0.04769355,0.1408409,2.8719761
0.49402538,2023-09-05,0.0015623653,0.049447324,0.14121562,2.8679094
0.49402538,2023-09-06,0.0016039662,0.047925312,0.14144741,2.878393
0.49402538,2023-09-07,0.0016989136,0.05624592,0.14226252,2.920808
0.49402538,2023-09-08,0.0016886094,0.06463315,0.14313918,2.9519567
0.49402538,2023-09-09,0.0014793286,0.06665069,0.14363883,2.9178932
0.49402538,2023-09-10,0.0012038592,0.064494036,0.14364491,2.846699
0.49402538,2023-09-11,0.0010473673,0.06157206,0.1436734,2.8095436
0.49402538,2023-09-12,0.0010706402,0.043994498,0.1422619,2.772847
0.49402538,2023-09-13,0.0012577925,0.03544608,0.14143981,2.7361546
0.49402538,2023-09-14,0.0012717223,0.043179873,0.14070955,2.713555
0.49402538,2023-09-15,0.0012794597,0.04242732,0.13981159,2.7162218
0.49402538,2023-09-16,0.0013265047,0.04597735,0.14011568,2.744282
0.49402538,2023-09-17,0.0014007752,0.036721665,0.13977945,2.7521865
0.49402538,2023-09-18,0.001487698,0.034075767,0.14035538,2.7750804
0.49402538,2023-09-19,0.001543167,0.040040262,0.14150237,2.805999
0.49402538,2023-09-20,0.0015530529,0.048887115,0.14255123,2.8345387
0.49402538,2023-09-21,0.0015398418,0.053747725,0.14314853,2.8532562
0.49402538,2023-09-22,0.0015262802,0.038278673,0.14238358,2.8399456
0.49402538,2023-09-23,0.0015661144,0.030313147,0.14226599,2.8458335
0.49402538,2023-09-24,0.0016308265,0.03208546,0.14254656,2.8646615
0.49402538,2023-09-25,0.0016682841,0.028757552,0.14259356,2.8635333
0.49402538,2023-09-26,0.0017052488,0.0312011,0.14278704,2.8666236
0.49402538,2023-09-27,0.001771333,0.05203883,0.14407498,2.9048917
0.49402538,2023-09-28,0.0018997,0.06018616,0.14491296,2.9607003
0.49402538,2023-09-29,0.0019441484,0.03942029,0.14404978,2.9536107
0.49402538,2023-09-30,0.0019590873,0.030339072,0.14374961,2.9332607
0.49402538,2023-10-01,0.0019113679,0.017478028,0.14305486,2.8906739
0.49402538,2023-10-02,0.0018698286,0.015794897,0.1430527,2.8660805
0.49402538,2023-10-03,0.001907782,0.019722342,0.14305098,2.862685
0.49402538,2023-10-04,0.0020069953,0.024484864,0.14300644,2.8843975
0.49402538,2023-10-05,0.0020512615,0.024149016,0.14238435,2.8990672
0.49402538,2023-10-06,0.0020542906,0.02661393,0.14190562,2.9097316
0.49402538,2023-10-07,0.002012469,0.03636447,0.14314532,2.9295168
0.49402538,2023-10-08,0.0019678043,0.03666776,0.14423911,2.9223006
0.49402538,2023-10-09,0.0019966308,0.02552942,0.1436799,2.8872712
0.49402538,2023-10-10,0.0020458733,0.015176582,0.142787,2.8656628
0.49402538,2023-10-11,0.0020891742,0.013863315,0.14232264,2.8756866
0.49402538,2023-10-12,0.0020583847,0.015098028,0.14128572,2.8718112
0.49402538,2023-10-13,0.0020133478,0.016687777,0.14016731,2.8573678
0.49402538,2023-10-14,0.002025558,0.017618293,0.13939579,2.850276
0.49402538,2023-10-15,0.0020859728,0.019311044,0.13896628,2.855215
0.49402538,2023-10-16,0.002177404,0.024268636,0.13956672,2.8818762
0.49402538,2023-10-17,0.0022498246,0.018188728,0.14048932,2.8881505
0.49402538,2023-10-18,0.0023086292,0.016731882,0.14135505,2.8791964
0.49402538,2023-10-19,0.0023495078,0.016193433,0.14120783,2.868687
0.49402538,2023-10-20,0.0024046958,0.020546312,0.14080024,2.8748655
0.49402538,2023-10-21,0.0024537577,0.026664468,0.14089994,2.8910973
0.49402538,2023-10-22,0.0024005736,0.014086749,0.14039011,2.861694
0.49402538,2023-10-23,0.0024097466,0.010552111,0.13991562,2.8643577
0.49402538,2023-10-24,0.0024290353,0.011511686,0.13878211,2.864995
0.49402538,2023-10-25,0.0024022618,0.014467887,0.13866615,2.862913
0.49402538,2023-10-26,0.0023998218,0.0121970065,0.13906036,2.8588266
0.49402538,2023-10-27,0.002422407,0.008247704,0.13839869,2.851858
0.49402538,2023-10-28,0.0024179772,0.009173921,0.13697094,2.8276713
0.49402538,2023-10-29,0.0024202054,0.011281912,0.13633685,2.7942407
0.49402538,2023-10-30,0.0024582415,0.013717701,0.13623811,2.7648487
0.49402538,2023-10-31,0.0025309736,0.016143406,0.13600731,2.744321
0.49402538,2023-11-01,0.0026215464,0.015847778,0.13521509,2.7336147
0.49402538,2023-11-02,0.0027236734,0.013447515,0.1342954,2.73337
0.49402538,2023-11-03,0.0028317573,0.012400877,0.13376395,2.7451417
0.49402538,2023-11-04,0.0028491456,0.013718996,0.1346363,2.7778141
0.49402538,2023-11-05,0.0025734121,0.016702471,0.13866118,2.7745712
0.49402538,2023-11-06,0.002316592,0.012239422,0.14123626,2.7258108
0.49402538,2023-11-07,0.0023335738,0.008391981,0.14126547,2.7066367
0.49402538,2023-11-08,0.0024269982,0.009593311,0.14091994,2.7081177
0.49402538,2023-11-09,0.0024887223,0.0070926347,0.14024489,2.7057593
0.49402538,2023-11-10,0.002516133,0.005482644,0.13936308,2.7039325
0.49402538,2023-11-11,0.0024398312,0.005638644,0.13894469,2.6720054
0.49402538,2023-11-12,0.0023591171,0.0068812543,0.13935848,2.6373208
0.49402538,2023-11-13,0.002418003,0.008249462,0.13907446,2.6305425
0.49402538,2023-11-14,0.0025596728,0.008369148,0.13829543,2.6466315
0.49402538,2023-11-15,0.0026074338,0.0052377195,0.13800283,2.6530144
0.49402538,2023-11-16,0.002628116,0.0051009613,0.13802628,2.6478422
0.49402538,2023-11-17,0.0026439328,0.0048057875,0.13795039,2.635464
0.49402538,2023-11-18,0.0026524297,0.0045703147,0.13773604,2.618984
0.49402538,2023-11-19,0.0026357777,0.004024443,0.13761468,2.60028
0.49402538,2023-11-20,0.0025673022,0.0035323456,0.1380394,2.5751538
0.49402538,2023-11-21,0.0024880709,0.0037743875,0.13884746,2.5492013
0.49402538,2023-11-22,0.0025160897,0.0035791702,0.13911192,2.5455434
0.49402538,2023-11-23,0.0026016685,0.005083382,0.13905571,2.5681875
0.49402538,2023-11-24,0.0026106779,0.007675517,0.13942802,2.589661
0.49402538,2023-11-25,0.0026559078,0.008087696,0.13950145,2.60687
0.49402538,2023-11-26,0.0025730196,0.0071547492,0.13988309,2.6068563
0.49402538,2023-11-27,0.0024151744,0.00591062,0.14031196,2.5943737
0.49402538,2023-11-28,0.002331409,0.0047234446,0.14045691,2.5833695
0.49402538,2023-11-29,0.0023915041,0.004316401,0.14027806,2.5835488
0.49402538,2023-11-30,0.0026180863,0.0038820885,0.13963662,2.5932963
0.49402538,2023-12-01,0.0028177586,0.00435669,0.13885005,2.6004312
0.49402538,2023-12-02,0.0028882062,0.0044786152,0.13817027,2.598244
0.49402538,2023-12-03,0.0029239857,0.0051274607,0.13753311,2.5931995
0.49402538,2023-12-04,0.0029835354,0.004696853,0.13675393,2.585622
0.49402538,2023-12-05,0.0027989459,0.0028742997,0.1371846,2.5588396
0.49402538,2023-12-06,0.002617798,0.002415483,0.13806333,2.5306692
0.49402538,2023-12-07,0.0025688715,0.002867033,0.13876434,2.5089285
0.49402538,2023-12-08,0.002594947,0.010193511,0.1400082,2.4903986
0.49402538,2023-12-09,0.0026280824,0.02219862,0.14193605,2.4761994
0.49402538,2023-12-10,0.00268418,0.017258633,0.14138,2.470479
0.49402538,2023-12-11,0.0028084398,0.007984915,0.1395851,2.4739497
0.49402538,2023-12-12,0.0029701001,0.0048065586,0.13853416,2.4832635
0.49402538,2023-12-13,0.0030541925,0.0030614783,0.13833643,2.4866228
0.49402538,2023-12-14,0.0031062076,0.002531124,0.13830353,2.4845982
0.49402538,2023-12-15,0.003179566,0.0025424827,0.13756715,2.4832156
0.49402538,2023-12-16,0.0031944336,0.0024426838,0.13685854,2.4788675
0.49402538,2023-12-17,0.0030890803,0.0021958293,0.13719042,2.4652393
0.49402538,2023-12-18,0.0030001781,0.0030169245,0.13776518,2.4505956
0.49402538,2023-12-19,0.0029631436,0.0044554765,0.1384498,2.4389045
0.49402538,2023-12-20,0.0030596477,0.004532007,0.13829373,2.4368327
0.49402538,2023-12-21,0.003263816,0.0036790743,0.1373397,2.4457428
0.49402538,2023-12-22,0.003321127,0.003453242,0.13731049,2.4533224
0.49402538,2023-12-23,0.003165152,0.0024633987,0.13864039,2.4441106
0.49402538,2023-12-24,0.0031728118,0.0027688993,0.13876893,2.438419
0.49402538,2023-12-25,0.0031865134,0.0029843738,0.1383942,2.4334993
0.49402538,2023-12-26,0.0032128177,0.0024967287,0.13818684,2.4284704
0.49402538,2023-12-27,0.003252995,0.0023327565,0.13804924,2.4245255
0.49402538,2023-12-28,0.0031584029,0.0023648115,0.13870735,2.4129078
0.49402538,2023-12-29,0.0029775584,0.0025637723,0.14013585,2.3937871
0.49402538,2023-12-30,0.002974008,0.0028542727,0.140496,2.3860223
0.49402538,2023-12-31,0.0030230638,0.00277355,0.14029399,2.3866293
0.49402538,2024-01-01,0.0029794497,0.0023584364,0.14057244,2.382128
0.49402538,2024-01-02,0.0029429414,0.0024840524,0.14096443,2.3738906
0.49402538,2024-01-03,0.0027825786,0.0027229786,0.14205544,2.3591566
0.49402538,2024-01-04,0.0027221714,0.0032216527,0.14253916,2.3524272
0.49402538,2024-01-05,0.002779741,0.0031057568,0.14201234,2.3540115
0.49402538,2024-01-06,0.0029584533,0.0032283196,0.14100838,2.360913
0.49402538,2024-01-07,0.0031860769,0.0032895852,0.14010365,2.3689117
0.49402538,2024-01-08,0.0031929712,0.002667342,0.14023228,2.365444
0.49402538,2024-01-09,0.0031542669,0.0022787815,0.14045413,2.3584092
0.49402538,2024-01-10,0.0031722824,0.0026669728,0.14000858,2.3559828
0.49402538,2024-01-11,0.0032983907,0.0030584566,0.13889004,2.3599222
0.49402538,2024-01-12,0.0034400932,0.0034822507,0.13791314,2.3645432
0.49402538,2024-01-13,0.0036168683,0.004995095,0.13724351,2.3771002
0.49402538,2024-01-14,0.0036730368,0.0072730426,0.13728417,2.3964942
0.49402538,2024-01-15,0.0034683596,0.0074557276,0.13755216,2.41344
0.49402538,2024-01-16,0.0031137273,0.007990163,0.13766877,2.4296987
0.49402538,2024-01-17,0.0028469395,0.005726908,0.13744213,2.4393454
0.49402538,2024-01-18,0.0028319221,0.0039107325,0.13706228,2.4404285
0.49402538,2024-01-19,0.003084107,0.0035684782,0.13632347,2.435953
0.49402538,2024-01-20,0.0032642856,0.0033917536,0.13582535,2.4232538
0.49402538,2024-01-21,0.0032064542,0.0028372116,0.13638014,2.4041657
0.49402538,2024-01-22,0.00307726,0.0028660574,0.13734908,2.387203
0.49402538,2024-01-23,0.0028182445,0.0025889447,0.1391489,2.3685935
0.49402538,2024-01-24,0.0024368805,0.0024133355,0.14257362,2.3366098
0.49402538,2024-01-25,0.0022096927,0.008344085,0.14684309,2.2978182
0.49402538,2024-01-26,0.0022672361,0.015162561,0.14888524,2.2787619
0.49402538,2024-01-27,0.0025160364,0.0077914875,0.14753354,2.2819002
0.49402538,2024-01-28,0.0026831888,0.0046645203,0.1468317,2.2861598
0.49402538,2024-01-29,0.0027754735,0.0037939788,0.14678036,2.2859886
0.49402538,2024-01-30,0.0029101127,0.0034191918,0.14610468,2.2856233
0.49402538,2024-01-31,0.003141076,0.0039345897,0.14503424,2.2891865
0.49402538,2024-02-01,0.003322824,0.0042017326,0.14416462,2.2957876
0.49402538,2024-02-02,0.0031426947,0.0027524093,0.14429714,2.2939253
0.49402538,2024-02-03,0.0027518263,0.0020587419,0.14579044,2.2797418
0.49402538,2024-02-04,0.0025306626,0.002399069,0.14712758,2.2634323
0.49402538,2024-02-05,0.0024302974,0.003814615,0.14818025,2.2503233
0.49402538,2024-02-06,0.002491255,0.0043271105,0.14851734,2.2444847
0.49402538,2024-02-07,0.0026926242,0.0037766576,0.14820111,2.2441218
0.49402538,2024-02-08,0.0029243503,0.0036008328,0.14760235,2.2477572
0.49402538,2024-02-09,0.0029020358,0.003877477,0.14684029,2.2624674
0.49402538,2024-02-10,0.0026075176,0.0035674032,0.14651543,2.2758844
0.49402538,2024-02-11,0.0025514609,0.002835388,0.14622022,2.2797184
0.49402538,2024-02-12,0.0026429638,0.0019555239,0.14630024,2.274544
0.49402538,2024-02-13,0.00270187,0.0018322496,0.14651573,2.266679
0.49402538,2024-02-14,0.0027627565,0.0020384202,0.1465972,2.260289
0.49402538,2024-02-15,0.002915432,0.0027500812,0.14643876,2.2604213
0.49402538,2024-02-16,0.0029893739,0.0036354184,0.14636506,2.2674913
0.49402538,2024-02-17,0.002932226,0.0032942705,0.1463912,2.2713661
0.49402538,2024-02-18,0.0029424326,0.00329603,0.14613901,2.2718723
0.49402538,2024-02-19,0.0030295167,0.0056597963,0.14590602,2.2800386
0.49402538,2024-02-20,0.0030351935,0.0066776644,0.14613318,2.2930777
0.49402538,2024-02-21,0.0029547645,0.0025118778,0.14672002,2.2861936
0.49402538,2024-02-22,0.0029303646,0.002011814,0.14698382,2.2773163
0.49402538,2024-02-23,0.0028719634,0.002093856,0.14701621,2.269018
0.49402538,2024-02-24,0.002820355,0.0022674033,0.14714484,2.2633293
0.49402538,2024-02-25,0.0028328237,0.0025224832,0.14712186,2.262435
0.49402538,2024-02-26,0.002795506,0.0022189876,0.14726023,2.2627285
0.49402538,2024-02-27,0.0026666417,0.0017880434,0.14783101,2.2621076
0.49402538,2024-02-28,0.0025203303,0.0017877436,0.14844811,2.2595146
0.49402538,2024-02-29,0.0024182375,0.0017877201,0.14927597,2.2535822
0.49402538,2024-03-01,0.0024221626,0.0023722167,0.15005793,2.2459726
0.49402538,2024-03-02,0.0024451495,0.002932931,0.15055914,2.2411995
0.49402538,2024-03-03,0.0024250203,0.0029438597,0.15013742,2.2464914
0.49402538,2024-03-04,0.002446884,0.0020822315,0.14945559,2.252702
0.49402538,2024-03-05,0.0025279664,0.0019688646,0.14945081,2.250487
0.49402538,2024-03-06,0.0025889438,0.0025309771,0.14959775,2.2460551
0.49402538,2024-03-07,0.0026808493,0.003024402,0.14926356,2.2474573
0.49402538,2024-03-08,0.0026076522,0.001890455,0.14919057,2.2498083
0.49402538,2024-03-09,0.0025665814,0.0018248478,0.1493773,2.2467995
0.49402538,2024-03-10,0.0024581773,0.0020636332,0.14973043,2.2391093
0.49402538,2024-03-11,0.0023986318,0.0022897713,0.14989407,2.2333808
0.49402538,2024-03-12,0.0024139246,0.0026167731,0.14986493,2.2305908
0.49402538,2024-03-13,0.002467903,0.0027051226,0.14959882,2.2304811
0.49402538,2024-03-14,0.0025395998,0.0029297883,0.14927307,2.2312286
0.49402538,2024-03-15,0.0027015097,0.0032574395,0.14881793,2.2322695
0.49402538,2024-03-16,0.0027861428,0.002872166,0.14850312,2.2351387
0.49402538,2024-03-17,0.002595052,0.0019650804,0.14888492,2.238147
0.49402538,2024-03-18,0.002400842,0.002200691,0.14965917,2.2346385
0.49402538,2024-03-19,0.0023091184,0.0042487266,0.15028392,2.2273333
0.49402538,2024-03-20,0.0023380674,0.0040646372,0.1502523,2.2240798
0.49402538,2024-03-21,0.002430917,0.0026974448,0.14964701,2.2323103
0.49402538,2024-03-22,0.0024128316,0.0020962951,0.14857608,2.2525566
0.49402538,2024-03-23,0.0023081824,0.0021899042,0.14794354,2.2667084
0.49402538,2024-03-24,0.0022696787,0.0024816457,0.14763485,2.274431
0.49402538,2024-03-25,0.0023506407,0.002793485,0.14740796,2.276304
0.49402538,2024-03-26,0.002575136,0.003103121,0.1471528,2.2738144
0.49402538,2024-03-27,0.002683601,0.0031464642,0.14645119,2.2831013
0.49402538,2024-03-28,0.0025868067,0.002780813,0.145036,2.3068733
0.49402538,2024-03-29,0.0024623873,0.003148608,0.14388219,2.325991
0.49402538,2024-03-30,0.0023338506,0.002617609,0.14309002,2.3386629
0.49402538,2024-03-31,0.0022701619,0.0019232709,0.14287604,2.342645
0.49402538,2024-04-01,0.0022302677,0.0019503623,0.14279664,2.344319
0.49402538,2024-04-02,0.002243847,0.002034916,0.14270562,2.3447416
0.49402538,2024-04-03,0.0023672616,0.0023353538,0.14261827,2.344168
0.49402538,2024-04-04,0.0024977038,0.002814851,0.14227949,2.3489475
0.49402538,2024-04-05,0.0024923224,0.0034728814,0.14151295,2.361333
0.49402538,2024-04-06,0.00244888,0.0038775227,0.14069004,2.3750184
0.49402538,2024-04-07,0.0026014782,0.002833249,0.14021178,2.38176
0.49402538,2024-04-08,0.0027716553,0.002455463,0.14002645,2.3865798
0.49402538,2024-04-09,0.0028305622,0.0022853145,0.13966468,2.3934886
0.49402538,2024-04-10,0.0027813807,0.002227911,0.1389538,2.404665
0.49402538,2024-04-11,0.0027204808,0.0022473845,0.13813604,2.4181454
0.49402538,2024-04-12,0.0027638616,0.0029174865,0.13755184,2.4299123
0.49402538,2024-04-13,0.0028130098,0.0029771111,0.13690454,2.4410017
0.49402538,2024-04-14,0.0028284483,0.0027603589,0.13630298,2.4483588
0.49402538,2024-04-15,0.002872818,0.0026889571,0.13612108,2.4482782
0.49402538,2024-04-16,0.002923921,0.0026030373,0.13589413,2.4492056
0.49402538,2024-04-17,0.00295473,0.0029572893,0.13551761,2.4550626
0.49402538,2024-04-18,0.00285956,0.0036213982,0.13445799,2.4751713
0.49402538,2024-04-19,0.0027537264,0.0043218243,0.13335602,2.4953525
0.49402538,2024-04-20,0.0028003815,0.004807379,0.13298704,2.50342
0.49402538,2024-04-21,0.0030621642,0.0036700044,0.13341899,2.4945343
0.49402538,2024-04-22,0.0032435793,0.0025287783,0.13362579,2.487497
0.49402538,2024-04-23,0.0030562582,0.003279942,0.13334183,2.492483
0.49402538,2024-04-24,0.002934993,0.003677515,0.13304439,2.4974575
0.49402538,2024-04-25,0.0030942808,0.0037605371,0.1330164,2.5003943
0.49402538,2024-04-26,0.0030154742,0.0049743378,0.13272582,2.5128834
0.49402538,2024-04-27,0.0027695016,0.0064988374,0.13233401,2.5274088
0.49402538,2024-04-28,0.0027450444,0.005236752,0.13217391,2.529996
0.49402538,2024-04-29,0.0027194116,0.005665261,0.13217355,2.5337074
0.49402538,2024-04-30,0.0026212921,0.005678206,0.13184823,2.5419948
0.49402538,2024-05-01,0.002498311,0.00510634,0.13072851,2.55904
0.49402538,2024-05-02,0.0024594192,0.0053246706,0.12943664,2.576887
0.49402538,2024-05-03,0.002602889,0.005550196,0.12899713,2.5820096
0.49402538,2024-05-04,0.0027233951,0.004880338,0.12889965,2.5804365
0.49402538,2024-05-05,0.0026626408,0.0048565916,0.128538,2.5837374
0.49402538,2024-05-06,0.0026576396,0.005321791,0.12827168,2.5879135
0.49402538,2024-05-07,0.0027019822,0.0050132233,0.12803233,2.5907595
0.49402538,2024-05-08,0.002604273,0.0048581087,0.12748256,2.5981896
0.49402538,2024-05-09,0.0024068085,0.0056942217,0.12688406,2.6105719
0.49402538,2024-05-10,0.0023316795,0.006512376,0.12634185,2.621638
0.49402538,2024-05-11,0.0023769885,0.0073173847,0.12567696,2.6321256
0.49402538,2024-05-12,0.0024038807,0.0071742446,0.12490627,2.6407206
0.49402538,2024-05-13,0.0022766173,0.0076565496,0.123191416,2.6587229
0.49402538,2024-05-14,0.0021654184,0.008049362,0.12109936,2.6812508
0.49402538,2024-05-15,0.002231992,0.00826063,0.120960414,2.6862736
0.49402538,2024-05-16,0.0023404534,0.0071701254,0.121070296,2.6845798
0.49402538,2024-05-17,0.0022389742,0.006484439,0.11921189,2.699618
0.49402538,2024-05-18,0.00197005,0.0067919292,0.11598595,2.727609
0.49402538,2024-05-19,0.0017005717,0.008160372,0.11315007,2.753209
0.49402538,2024-05-20,0.0016177635,0.011056409,0.11199588,2.771094
0.49402538,2024-05-21,0.0016974978,0.016228767,0.112420686,2.7852867
0.49402538,2024-05-22,0.0018816115,0.019936556,0.11331618,2.7951157
0.49402538,2024-05-23,0.0021326013,0.019439258,0.11440062,2.8020775
0.49402538,2024-05-24,0.0021671858,0.014068986,0.113928646,2.7907648
0.49402538,2024-05-25,0.0019478697,0.013874139,0.113239236,2.7813365
0.49402538,2024-05-26,0.0016661392,0.01653882,0.11291207,2.7817745
0.49402538,2024-05-27,0.0014584159,0.018395511,0.112336345,2.7848794
0.49402538,2024-05-28,0.001503299,0.01588793,0.1122785,2.7775097
0.49402538,2024-05-29,0.0016856232,0.017003844,0.11327412,2.7794237
0.49402538,2024-05-30,0.0018386823,0.020766474,0.1139699,2.7915115
0.49402538,2024-05-31,0.0018232338,0.024623536,0.11461336,2.7995117
0.49402538,2024-06-01,0.0017234614,0.025699923,0.11472704,2.796978
0.49402538,2024-06-02,0.0018172594,0.022984365,0.11428327,2.7929077
0.49402538,2024-06-03,0.0019385796,0.024699474,0.114219345,2.800461
0.49402538,2024-06-04,0.001923833,0.031139126,0.11456403,2.8208644
0.49402538,2024-06-05,0.0018057261,0.023670757,0.113731496,2.8111305
0.49402538,2024-06-06,0.0017198264,0.019343901,0.11302791,2.7969036
0.49402538,2024-06-07,0.0017188234,0.024520254,0.11290791,2.8026211
0.49402538,2024-06-08,0.0018422663,0.027043775,0.112801515,2.8040779
0.49402538,2024-06-09,0.0019974725,0.0375689,0.11344826,2.7976563
0.49402538,2024-06-10,0.0020310124,0.046071395,0.11378036,2.8033936
0.49402538,2024-06-11,0.0019966315,0.059423354,0.115080334,2.8197372
0.49402538,2024-06-12,0.0019260958,0.06636831,0.11571199,2.8459523
0.49402538,2024-06-13,0.0019527203,0.056693077,0.11530974,2.8622277
0.49402538,2024-06-14,0.0020351962,0.047447387,0.11486098,2.8622277
0.49402538,2024-06-15,0.0020528135,0.04184669,0.114499815,2.8630133
0.49402538,2024-06-16,0.0019951963,0.040354062,0.114638366,2.8670273
0.49402538,2024-06-17,0.0019840102,0.04183507,0.11518127,2.8763475
0.49402538,2024-06-18,0.0019662718,0.035838965,0.115495585,2.8716202
0.49402538,2024-06-19,0.0019968313,0.04305935,0.116735004,2.9045608
0.49402538,2024-06-20,0.0020561537,0.04970169,0.11790348,2.9387548
0.49402538,2024-06-21,0.0019687952,0.052227903,0.119012624,2.9412613
0.49402538,2024-06-22,0.0018473022,0.050654814,0.119475566,2.9311125
0.49402538,2024-06-23,0.0018569805,0.05375259,0.1200855,2.9510145
0.49402538,2024-06-24,0.0019081921,0.06177367,0.121231176,2.9768436
0.49402538,2024-06-25,0.0019310698,0.05613197,0.12082892,2.9600563
0.49402538,2024-06-26,0.0018167117,0.0484847,0.11954657,2.91092
0.49402538,2024-06-27,0.0016961241,0.04308862,0.11852303,2.8750257
0.49402538,2024-06-28,0.0017200602,0.048050176,0.1188199,2.888505
0.49402538,2024-06-29,0.0018313074,0.05844426,0.12024789,2.9412796
0.49402538,2024-06-30,0.0018572632,0.059960376,0.12082168,2.9780378
0.49402538,2024-07-01,0.0017975764,0.052420676,0.120334975,2.9800084
0.49402538,2024-07-02,0.001786935,0.05442506,0.12078359,2.9946578
0.49402538,2024-07-03,0.001855139,0.06784568,0.122444384,3.036636
0.49402538,2024-07-04,0.0019118736,0.07674349,0.12329388,3.0721061
0.49402538,2024-07-05,0.0019903744,0.07337361,0.12349131,3.1028807
0.49402538,2024-07-06,0.0020238794,0.06256164,0.12299477,3.090947
0.49402538,2024-07-07,0.0018619136,0.057119887,0.12187306,3.025542
0.49402538,2024-07-08,0.0017272126,0.05631676,0.12079849,2.979831
0.49402538,2024-07-09,0.0018209253,0.054060835,0.11904017,2.9586136
0.49402538,2024-07-10,0.0019681274,0.062971465,0.11902231,2.969734
0.49402538,2024-07-11,0.0020328546,0.09363683,0.12222535,3.0438716
0.49402538,2024-07-12,0.0020848466,0.13364251,0.12612067,3.1502016
0.49402538,2024-07-13,0.0021041746,0.12243205,0.12556969,3.1724815
0.49402538,2024-07-14,0.0021346011,0.097896725,0.123767644,3.1521368
0.49402538,2024-07-15,0.0021759316,0.09525156,0.12369811,3.1560574
0.49402538,2024-07-16,0.002084649,0.08101652,0.12417822,3.115217
0.49402538,2024-07-17,0.0018772153,0.06530293,0.12595798,3.0151453
0.49402538,2024-07-18,0.001773896,0.06454122,0.12756449,2.9592435
0.49402538,2024-07-19,0.0018591344,0.07293554,0.12837626,2.982909
0.49402538,2024-07-20,0.0018910932,0.06902044,0.12804423,2.9650621
0.49402538,2024-07-21,0.0018637535,0.06140959,0.12703824,2.8986874
0.49402538,2024-07-22,0.0018767096,0.06308429,0.12729366,2.8513527
0.49402538,2024-07-23,0.0019131815,0.07394031,0.1288435,2.853326
0.49402538,2024-07-24,0.0019764784,0.08729717,0.13044937,2.9023483
0.49402538,2024-07-25,0.0020335459,0.090750255,0.13101019,2.9463823
0.49402538,2024-07-26,0.002022191,0.10122991,0.13233343,2.982732
0.49402538,2024-07-27,0.0018990372,0.08361717,0.13145739,2.936096
0.49402538,2024-07-28,0.0017642408,0.05636404,0.12914152,2.8212106
0.49402538,2024-07-29,0.0016785394,0.062923275,0.12949264,2.7707796
0.49402538,2024-07-30,0.0016303394,0.06523973,0.1299398,2.7520096
0.49402538,2024-07-31,0.0015942993,0.058222104,0.12901534,2.7278366
0.49402538,2024-08-01,0.0015895994,0.06609244,0.12924923,2.7391586
0.49402538,2024-08-02,0.001600867,0.082332455,0.13058805,2.7911408
0.49402538,2024-08-03,0.0016075125,0.086691536,0.1311302,2.8386128
0.49402538,2024-08-04,0.0015612886,0.08476591,0.13108891,2.870158
0.49402538,2024-08-05,0.001481439,0.06500085,0.12920876,2.8415546
0.49402538,2024-08-06,0.0014661197,0.059031714,0.12815504,2.8022015
0.49402538,2024-08-07,0.0014965003,0.067275114,0.1286941,2.7822838
0.49402538,2024-08-08,0.0015110839,0.08419713,0.13010752,2.797842
0.49402538,2024-08-09,0.0015177581,0.098837376,0.13085099,2.8432705
0.49402538,2024-08-10,0.0015639261,0.0891735,0.12938635,2.8512857
0.49402538,2024-08-11,0.0016434327,0.064216085,0.126489,2.8061192
0.49402538,2024-08-12,0.001760055,0.05690955,0.12468344,2.790837
0.49402538,2024-08-13,0.0019127717,0.057602692,0.12375587,2.8072636
0.49402538,2024-08-14,0.0020580248,0.06110711,0.12371924,2.829998
0.49402538,2024-08-15,0.002150216,0.071008176,0.12465885,2.8725479
0.49402538,2024-08-16,0.0021469218,0.06804978,0.12475422,2.8854122
0.49402538,2024-08-17,0.0020984702,0.070056744,0.12575758,2.864023
0.49402538,2024-08-18,0.002159549,0.083673,0.12721103,2.8934243
0.49402538,2024-08-19,0.0023025458,0.10097033,0.1288905,2.9884117
0.49402538,2024-08-20,0.0023748025,0.1097551,0.13008375,3.0575914
0.49402538,2024-08-21,0.0023542244,0.10124109,0.13009185,3.0682657
0.49402538,2024-08-22,0.0022505487,0.06457312,0.12796976,2.9594243
0.49402538,2024-08-23,0.0021416137,0.056775283,0.1276742,2.833746
0.49402538,2024-08-24,0.0020777269,0.061561972,0.12849069,2.7434711
0.49402538,2024-08-25,0.001991932,0.06761689,0.12984912,2.714852
0.49402538,2024-08-26,0.0018158235,0.06367398,0.13094097,2.6757767
0.49402538,2024-08-27,0.0016587521,0.059385072,0.1317386,2.639806
0.49402538,2024-08-28,0.0015556543,0.051969156,0.13165615,2.6117237
0.49402538,2024-08-29,0.0015492734,0.049179822,0.13119155,2.603165
0.49402538,2024-08-30,0.0016286626,0.052589227,0.13131376,2.6308024
0.49402538,2024-08-31,0.0017678275,0.05974612,0.13208549,2.6910965
0.49402538,2024-09-01,0.0019180005,0.06825363,0.13278824,2.7611415
0.49402538,2024-09-02,0.002021131,0.073925614,0.13317546,2.82558
0.49402538,2024-09-03,0.0020353703,0.057706606,0.13243197,2.8304431
0.49402538,2024-09-04,0.0019771096,0.048230257,0.13267173,2.802735
0.49402538,2024-09-05,0.0019440755,0.044706732,0.13306606,2.7642772
0.49402538,2024-09-06,0.002003719,0.052886616,0.1339742,2.7853527
0.49402538,2024-09-07,0.002077116,0.06304571,0.13479587,2.8355465
0.49402538,2024-09-08,0.0021454534,0.063127846,0.13475794,2.874384
0.49402538,2024-09-09,0.0022295585,0.052206025,0.13305421,2.8821285
0.49402538,2024-09-10,0.0022643632,0.046792906,0.1301602,2.860959
0.49402538,2024-09-11,0.0021918158,0.043731704,0.12728055,2.8070812
0.49402538,2024-09-12,0.0021407858,0.046388924,0.12583457,2.779399
0.49402538,2024-09-13,0.0021591156,0.04595195,0.12553252,2.7871768
0.49402538,2024-09-14,0.0021839452,0.03980636,0.12567908,2.791242
0.49402538,2024-09-15,0.002193344,0.03487055,0.12575366,2.7893517
0.49402538,2024-09-16,0.0022512197,0.03675347,0.12639947,2.8197193
0.49402538,2024-09-17,0.0023317002,0.036678378,0.12728693,2.8642676
0.49402538,2024-09-18,0.0023988727,0.026938772,0.1269266,2.8711414
0.49402538,2024-09-19,0.0023132013,0.025581116,0.12519641,2.823556
0.49402538,2024-09-20,0.0020779415,0.026463175,0.12247155,2.7123032
0.49402538,2024-09-21,0.0019337801,0.030411718,0.12105367,2.626619
0.49402538,2024-09-22,0.0019161544,0.030687695,0.12096057,2.5888548
0.49402538,2024-09-23,0.0019749375,0.029044254,0.12118226,2.577719
0.49402538,2024-09-24,0.002033423,0.030398881,0.12168651,2.5760367
0.49402538,2024-09-25,0.002027536,0.031486183,0.122368775,2.5756063
0.49402538,2024-09-26,0.002025991,0.027808828,0.12260929,2.5869396
0.49402538,2024-09-27,0.002139694,0.024135986,0.12258699,2.6142852
0.49402538,2024-09-28,0.002216462,0.025366835,0.12281262,2.6353765
0.49402538,2024-09-29,0.0022402403,0.027919069,0.12313347,2.6523366
0.49402538,2024-09-30,0.0022873406,0.025131056,0.12276397,2.6543453
0.49402538,2024-10-01,0.0023092409,0.020833345,0.12241385,2.6490972
0.49402538,2024-10-02,0.002365809,0.021856328,0.12338463,2.6642184
0.49402538,2024-10-03,0.0024075636,0.021895936,0.12457516,2.6727474
0.49402538,2024-10-04,0.002455558,0.025358958,0.12494978,2.677002
0.49402538,2024-10-05,0.0025645345,0.03418866,0.12505111,2.708307
0.49402538,2024-10-06,0.0026517326,0.035446357,0.12486047,2.7361069
0.49402538,2024-10-07,0.0026483287,0.03249077,0.124563165,2.7344236
0.49402538,2024-10-08,0.0025138063,0.0184663,0.12446591,2.6856296
0.49402538,2024-10-09,0.0024857994,0.014414533,0.1244336,2.6657047
0.49402538,2024-10-10,0.0024776843,0.016000833,0.12364626,2.6512353
0.49402538,2024-10-11,0.0025048547,0.019251121,0.12288334,2.6550918
